income_level,env_identity_score,freq_ev,freq_hsr,diet_type,appliance_efficiency,freq_waste_sorting,freq_reduce_disposable,income_numeric,direct_rebound_score,psych_rebound_score
Medium,51.045385699183896,0.23190112176891486,1.0,Omnivore,5,0.7008427202831079,0.21157965911064372,2,0.8543935439157457,0.5630056694611558
High,24.145434487958433,0.24669781788511308,0.8939883245197807,Vegan,4,0.5116834463842121,0.6990734279226025,3,0.8227047817330818,0.673150002268596
Medium,53.81668882463295,0.9451885797595444,1.0,Vegetarian,5,0.9245531671307203,0.42769746330472563,2,0.9661911218796607,0.7277269176644076
Medium,73.7021059802611,0.4137352588446539,0.6030414018865797,Vegetarian,4,0.5362759002339762,0.29875322604043864,2,0.3859064759441827,0.7056101158152278
Low,68.0644485442482,0.4425890233244587,0.5379031870717179,Vegan,3,0.9408006469282129,0.0,1,0.6665119518938322,0.8307773644457902
Low,66.42279371715864,0.11463994358570684,0.3386020523663197,Vegan,3,0.7024075126291327,0.18507965112760089,1,0.6317966630304157,0.7649722025853537
Low,55.8001004718828,0.836924329909292,0.9858448597885123,Omnivore,5,0.6331590066333171,0.4459826903784308,1,0.8606205377732736,0.5657363593122126
High,40.8145389567032,0.22763183285593064,1.0,Vegetarian,5,0.6510271269733747,0.0,3,1.0,0.7245620763167653
Medium,67.72941482436701,0.8339907620990965,0.5255824191635114,Omnivore,5,0.6673151265887612,0.3266495845040094,2,0.9581991127899442,0.6457285762093185
Medium,47.485772849480625,0.1402850127879668,0.874372439674282,Omnivore,5,0.438353328451105,0.2360786463816876,2,0.8707154481463385,0.4946554490185333
Low,92.76145100070684,0.9865641126311521,1.0,Omnivore,2,0.7889080817413517,0.5509539559619877,1,0.29259511876896127,0.7073160780956864
High,68.55760812531774,0.9297726373361574,1.0,Vegetarian,2,0.4522503472674553,0.39596181063159874,3,0.7654687862904848,0.6897367853479273
High,51.29027546169073,0.3646702625073051,0.9033116013256753,Omnivore,2,0.386418548811038,0.2878054089938066,3,0.8526082203992952,0.470548752491963
Low,50.829221289170576,0.5658179928594681,1.0,Omnivore,5,0.5425122003510069,0.18803630963930792,1,0.7442385011671631,0.5290724253756414
Low,58.60583690079618,0.31265631435521946,0.6377023255165286,Vegetarian,1,0.5760000178234942,0.9293626349194574,1,0.5336031008595107,0.6716802068079457
Low,56.407471169673755,0.17823309891158345,0.6319658896197764,Omnivore,5,0.48795116937791555,0.2850393548440081,1,0.6571254304691534,0.48922357753215073
Medium,76.75250663294932,0.9591821994111084,0.9267750431790922,Omnivore,5,0.6975735318678805,0.0,2,0.5607368382126366,0.6367916221091451
Medium,62.7962425461607,0.4035227665072294,0.6974830938467106,Omnivore,5,0.8382311725139572,0.032422250445610756,2,0.9344648007125291,0.6467600475244695
Medium,49.02552391637208,0.3985437143653825,0.24655334786939304,Omnivore,2,0.5253821081107842,0.5891229320704288,2,0.7052192366254303,0.6197075464285158
Low,88.35661027733674,0.26988667480662,1.0,Vegetarian,4,0.6848898762565122,0.8714372570538167,1,0.22838142598746122,0.7972571279041298
Medium,60.73962497280334,0.3830656760857787,1.0,Omnivore,1,0.618976410511331,0.3486241528733009,2,0.7080787116529305,0.5554687947272046
Low,71.53259513953346,0.9716168463288501,1.0,Vegetarian,1,0.8385452131195158,0.17271002218167114,1,0.20512418062638174,0.7285767463133961
Low,50.87660238832861,0.3631287104896359,0.5994036785521096,Omnivore,2,0.7000549246980869,0.6374145130646848,1,0.5979876706950682,0.5159804411124006
Medium,65.44673441616786,0.9516035624997881,0.8495231453920112,Vegetarian,2,0.7672952693588645,0.06925852986310232,2,0.722548025370721,0.7606726678052849
Medium,64.66664986714792,0.9463088992083875,0.6833067675124092,Vegetarian,5,0.8163731906710587,0.6509767357299754,2,1.0,0.6222540336300194
Medium,31.655260618557705,0.14489865930734602,0.1743127031234343,Vegan,5,0.4177645131919218,0.13505411772641177,2,0.7410803820888109,0.7090220795049307
Low,90.2291266569096,0.27731125352264485,1.0,Vegetarian,4,0.5009151659946594,0.9017971604205914,1,0.3210131315028585,0.7213479255854488
Medium,79.35966691383821,0.9626740703318891,0.5205590006532022,Vegetarian,1,0.7615401662579228,0.5093736385311922,2,0.31039113330974055,0.7615600499098145
Medium,54.04207025781019,0.3927609189247192,0.35025167538049157,Omnivore,2,0.5223690129348266,0.8884317386221583,2,0.8903653257578911,0.5588450338622323
Low,43.465953893162165,0.004373982283009337,0.972828838162598,Omnivore,4,0.8425322099208334,0.0,1,0.6724008764149797,0.5136452452865513
Medium,65.21342420705328,0.273871819705371,0.33557332345337204,Vegan,1,0.8040096724291048,0.7160360559183435,2,0.7307290450419341,0.7408096015933294
Low,61.300465491215945,0.59762899319556,1.0,Omnivore,4,0.5548152231061942,0.4070007366578151,1,0.734658928418856,0.5107736643063181
Low,65.33503422844844,0.799265965959968,0.8419305352548191,Omnivore,4,0.49880949006540637,0.33330036848789524,1,0.6077118459082924,0.609282441524976
High,62.87366094291134,0.33338861709325956,1.0,Omnivore,5,0.5599281752886917,0.9004987321254081,3,1.0,0.5665433368914363
High,67.5936148395889,0.31054136441673535,0.3959656466706529,Vegetarian,5,0.5142573995951215,0.25800002271470984,3,1.0,0.6004760223193918
High,81.7095854908771,1.0,0.9920774763202987,Omnivore,5,1.0,0.7511534632342203,3,0.7236730239139325,0.7331315981069609
Medium,68.52154807692969,0.7511483678225827,0.6919347763605597,Omnivore,1,0.6821617799481766,0.6076239790471366,2,0.7842681057163843,0.5178188088393221
Low,44.25516751635088,0.5897796007780784,1.0,Vegetarian,1,0.6075176948388223,0.0,1,0.5703370254760376,0.592474742542588
Medium,80.43844279068678,0.869186789995928,0.7634149491877202,Vegetarian,5,0.9074516664400935,0.9179870383960851,2,0.5771541625897132,0.8470895940017873
Medium,84.60921845232431,0.5288543613066384,0.6835336713189706,Omnivore,3,0.9775590559340867,1.0,2,0.36484636775381685,0.7832794817494394
Low,100.0,0.8584557473091265,1.0,Vegetarian,4,0.8238707923838007,1.0,1,0.2476076714031603,0.8129037855457957
Medium,43.14758950140603,0.37180299127453575,0.5903910391602911,Omnivore,1,0.6989306128046728,0.4787047708410016,2,0.6409951746901348,0.634347481993264
Low,63.64323019725413,0.24409457249260236,0.3350494708468321,Omnivore,4,0.6187681745835827,0.46195734298194147,1,0.6372804428267033,0.6482983617790377
High,28.76851945216519,0.9290134212929686,0.5341316981001597,Omnivore,4,0.5877654254850231,0.484624148487014,3,0.9967779830501982,0.4371711812203566
Low,68.29723734568813,0.4196722921572683,0.9960084557393826,Vegetarian,4,0.7681060936960982,0.8595539686076155,1,0.6307856725580809,0.8118918775866437
Medium,51.776995527498414,0.9813771043261948,0.5132445164438739,Vegetarian,3,0.8685659802909107,0.4587654353968387,2,0.8002602699815493,0.7307230728693042
Medium,88.8516869223743,0.449485182308101,0.8762460270370287,Vegetarian,2,1.0,0.023512515052322214,2,0.3229214638699366,0.8055513253301839
Medium,48.38077544972127,0.9217274205310659,0.29861901553083187,Omnivore,3,0.4466854823700897,0.0,2,0.7911579726961588,0.4552865589304637
Medium,34.662254430491075,0.9329625485670795,0.7614040636664126,Omnivore,1,0.6277474531091682,0.42675106424527387,2,0.8716627829213718,0.4729023574047068
Low,52.9310438894622,0.24185294706474614,1.0,Vegetarian,5,0.5569724985994782,0.538499804807402,1,0.654197809638745,0.6636710184560207
High,30.36768343174294,0.9982211815880133,0.565150978559825,Omnivore,5,0.411293588677335,0.11448258533284125,3,1.0,0.47335443601520594
Medium,71.26649181760965,0.5330745051445651,0.7765650918895083,Omnivore,4,0.7305153846195322,0.6762554555602056,2,0.42626594504028625,0.6760893259986858
High,29.02375430615519,1.0,0.2334012701156924,Omnivore,3,0.18205030172914066,0.0,3,1.0,0.4115846686914935
High,60.42686371774738,0.6501242726352388,0.5040751831007195,Vegetarian,5,0.5723840968878215,0.4498249063735536,3,1.0,0.6265419187787586
Medium,28.83282270215705,0.7443037173373661,0.29883941663869795,Omnivore,3,0.4306583691087744,0.13947831515401396,2,0.8669670812187298,0.5262745616604628
High,55.19553293195037,0.6669674091637978,0.7576654333212898,Vegetarian,5,0.746388551220143,0.0,3,1.0,0.7193058993492908
Low,84.65067233706802,0.32780075571285616,0.9525089026360902,Vegetarian,3,0.44257958925930857,0.7316074944301664,1,0.23714583233153225,0.7433099643931498
Low,65.40971837153693,0.1993501289446863,1.0,Vegan,5,0.7181601049149855,0.08744416386700282,1,0.6095577866667395,0.7355438972314601
Low,47.04759592552599,0.42543119425634557,0.30846948390486384,Omnivore,5,0.4548958031987649,0.6548191062257298,1,0.6738061339451962,0.5636838621582186
Medium,59.53194766591374,0.7554946570142149,0.8975277114846159,Vegetarian,5,0.3212904903785243,0.5965176416551004,2,0.847838308540112,0.6215820013022888
Medium,60.2702530806667,0.6050714851807668,0.8278497927315749,Omnivore,1,0.7742047543376853,0.30179494562235654,2,0.7863273882958498,0.5879477574174936
Low,67.08945518765108,0.6886292899005433,0.8516803738740846,Vegetarian,3,1.0,0.2537508687592289,1,0.7154653060422687,0.7930821479783031
High,39.4971245507876,0.48232635073194247,1.0,Omnivore,5,0.6913056909874344,0.0,3,1.0,0.49630001244607486
Medium,68.88850910770996,0.4814353459576055,0.5499810162340363,Omnivore,2,0.22222747036276513,0.43128370823002327,2,0.8004175393276013,0.5960564888972961
Low,19.434125525958372,0.044395264969327,0.1379439019711633,Omnivore,4,0.25924716591895763,0.3937201324206263,1,0.60374891594722,0.4616155430013638
Medium,50.551731714542846,0.8175324159581207,0.9250301662069067,Omnivore,3,0.37558457218707453,0.31971788974261317,2,0.9061305029101601,0.5585844018237407
Low,52.67589236322683,0.9898921622398746,0.6085369259521143,Omnivore,2,0.43711290410544124,0.3873473478238191,1,0.6538365632944989,0.4866848896566589
High,69.49990239106857,0.606879062624671,0.36508942816786744,Omnivore,5,0.6445629887633131,0.2475876933160968,3,1.0,0.5618104182367443
Low,60.339462790153036,0.01096365313154335,0.553071321241179,Vegetarian,2,0.15886644166167568,0.3513062486324742,1,0.6018372936575954,0.5253986519708069
High,38.9165541921557,0.3697926395509474,0.5039095451775903,Omnivore,4,0.0,0.25656481912428114,3,1.0,0.4695022292222949
Medium,45.225103112744776,0.6525268777504188,0.8429638923479659,Vegetarian,5,0.46929011400785886,0.4141091448966545,2,0.8442823715111257,0.7696883260167954
Low,62.98020014321111,0.6120793182038592,0.48748679476532764,Vegetarian,3,0.6793424581971319,0.47204931741257233,1,0.704297704912036,0.7350573527117673
Low,58.813989872031655,0.7878647195855439,0.7071242973135563,Vegetarian,1,0.5490651535602875,0.6247422946417709,1,0.5701424135508747,0.7028680411556872
High,51.313138355463806,0.4538840109610682,0.7390411361951515,Omnivore,3,0.26338696570709563,0.6240949473541948,3,0.9592564205070623,0.4938634831432431
Medium,52.78749315732031,0.763631915547134,0.7231748571506924,Omnivore,3,0.447062265716622,0.8984347913695778,2,0.8057687776067156,0.6656707690978786
Medium,70.44251995738934,0.7879840215236698,1.0,Omnivore,5,0.9935132232447013,0.6529935927038902,2,0.4739396302430166,0.7026478722885091
Medium,52.23461140696178,0.3228144977138433,0.30667729482510503,Vegetarian,5,0.44979359976080685,0.5615359731404909,2,0.8146251204502415,0.6181938571385569
Low,58.6786313395639,0.545488148056962,1.0,Vegetarian,3,0.4862270935202854,0.33220092408680807,1,0.6235503722901644,0.5740031591403519
Medium,92.54904882120815,0.24727380849832672,1.0,Vegetarian,4,1.0,1.0,2,0.4465217235628013,0.8328600335443269
Low,38.64476044674116,0.45256450343558263,0.9889515172035441,Omnivore,3,0.34329838333409723,0.18092008917574326,1,0.6580017750676879,0.4675536414142936
High,32.22235902638012,1.0,0.5915044131479761,Omnivore,5,0.45831020876262185,0.4491328888835534,3,1.0,0.4093682569760548
Medium,71.7538449719791,0.5211913798253908,0.812607106116876,Vegetarian,3,0.8097090654642792,0.4500821190533117,2,0.4419649273291393,0.6891407175237896
Medium,49.82035408058845,0.839566706475422,1.0,Omnivore,1,0.3197540544406177,0.3718362389846892,2,0.7311775034733664,0.5839381231010361
Low,55.226437083860695,0.5902533652596944,1.0,Vegan,4,0.35412331360225013,0.46621167251505413,1,0.8037771271231658,0.7693683573653528
Medium,48.28265432803329,0.19187671310235677,0.4801021530714641,Vegetarian,3,0.21324456880652232,0.0,2,0.788048057486258,0.5229531765239556
Medium,56.10299788848731,0.5811062446978964,0.4797568680270547,Vegetarian,5,0.35909149405522,0.5270430094605566,2,0.8587636756650259,0.6838805526341752
Medium,83.97807168144512,0.6059833291570634,0.9161255322771766,Vegan,3,1.0,0.6757452429030951,2,0.3436809988605551,0.897278580158372
Medium,72.0319268792718,0.498641335196384,1.0,Omnivore,3,0.5559593422619528,0.39810736627012233,2,0.4164927250778671,0.634040849061393
High,72.93335267830466,0.4196304395160704,0.6870218567976996,Vegan,3,0.7017516482539792,0.30639834957459183,3,0.5312238650588316,0.7987107232370835
Medium,38.75659416311032,0.4167086638472298,0.8457975861546829,Omnivore,3,0.33123474890314086,0.1307620218393833,2,0.7338824663627344,0.5553014530395596
Low,42.73269395170696,0.07276237623962711,0.9218151574991359,Vegetarian,1,0.5032461923365995,0.03730959109529153,1,0.4993976992159385,0.5329644160769597
Medium,17.413820107718593,0.09876905139875125,0.8657437654327488,Omnivore,5,0.0,0.0,2,0.8323300647270205,0.411343141553647
Medium,47.859287683758694,0.415916532932716,0.8032208963397567,Omnivore,2,0.698203223180031,0.19798547235697858,2,0.7193998479074292,0.5487602730042552
Medium,74.35054779578488,0.4053814819684637,0.774207917257894,Omnivore,3,1.0,0.5150656103594062,2,0.45840489086384784,0.6062942471931445
Medium,67.75419773622556,0.9255443258622235,1.0,Omnivore,4,0.6725112372836252,0.7930712426209473,2,0.9284497293720586,0.6647827592786342
Medium,56.67730105571814,0.37570580538027054,0.8947172585814434,Vegan,1,0.1188490272706651,0.19957741027752035,2,0.7399539408163365,0.6920274668092901
Medium,59.665495744229204,0.7578581220721001,1.0,Omnivore,1,0.4248360918596976,0.3221695585013068,2,0.8116348879824861,0.6114779106610069
Medium,49.66671686136892,0.5302475263662427,0.5933164300027229,Omnivore,1,0.5598692856960327,0.4488818240382288,2,0.7092755832800242,0.5942648722114307
Low,63.07138323602676,0.7040856686423355,0.9853060971832139,Vegetarian,2,0.7051431175657092,0.23150477215571474,1,0.6330299960370553,0.6438145624305248
Low,71.48817419220921,0.36011598301539915,0.615238533125172,Omnivore,3,0.6633262152971171,0.8243556163350594,1,0.2523418832365645,0.7099897411891084
Low,35.761698188842914,0.9419049728383291,0.42390540847285074,Omnivore,1,0.5777403053552596,0.008548919997667714,1,0.6496727492613035,0.4906277192416814
Medium,64.49471531756022,0.530088496914424,1.0,Vegetarian,3,0.5296992484298202,0.5777757234317259,2,0.8557166707322952,0.6136458554062207
Medium,73.98652306432001,0.9313240712852496,0.8913273515845351,Omnivore,4,0.9366865864062713,0.9351514977500085,2,0.4637907688641816,0.7246054337027188
Medium,53.773495665549454,0.3650456934761135,0.952144088750137,Vegetarian,3,0.53793584521847,0.15303035266273696,2,0.7293286927374177,0.5716012908777203
High,70.51050918180876,0.4002113490505246,0.6219910366571355,Omnivore,4,0.5918880950483386,0.3476898001391325,3,0.5362614394956486,0.587181047586643
Low,100.0,0.7737116477208488,1.0,Omnivore,3,1.0,0.6980650563836852,1,0.27995784164901194,0.8062309600440918
Medium,58.43485810519662,0.007759648337424485,0.7361079402290956,Omnivore,5,0.5755659229433163,0.4927098319880105,2,0.7891352577391411,0.5249269834358375
Medium,65.89960575007986,0.4752929765655083,0.9264583155959272,Omnivore,2,0.8364909846083984,0.510090300009287,2,0.7657067016329083,0.6648182405817937
Low,48.92914374507913,0.19280190266645925,0.535525450969615,Vegan,3,1.0,0.4026015048129989,1,0.5129229434545389,0.8922838362017745
Low,62.718767439030756,0.6273755044353622,1.0,Vegetarian,1,0.4403899483992914,0.674519106451503,1,0.6562573864373772,0.649720260617949
Low,66.90407437473456,0.9794198731378522,1.0,Omnivore,5,0.8451990176131563,0.5013597831105759,1,0.7293651619754625,0.6387710020024366
Low,62.92263510405207,0.46440290632064596,0.574529649377984,Omnivore,3,0.7568166289064139,0.0847094372249273,1,0.6138301233792204,0.6390999098773308
High,44.70457020436715,1.0,0.5241434108774778,Omnivore,5,0.8029077757789193,0.7545845832144082,3,1.0,0.6811482816285441
High,63.09542656988176,0.707784186951121,0.9766314025685018,Omnivore,3,0.8137838069631476,0.6552073922428996,3,1.0,0.5965418327361951
Medium,81.93293908076456,0.5958400311040241,1.0,Vegetarian,5,1.0,0.30063109450596337,2,0.5092220598146973,0.7418968783927081
High,66.7295364677179,1.0,1.0,Vegetarian,2,0.47053937361082115,0.5007861801425155,3,0.8966936492158563,0.7171607733654942
High,74.42980783607761,1.0,1.0,Omnivore,4,0.4891819590965906,0.8558570804564953,3,0.6463933101972107,0.6207281109866413
Low,56.444820449810585,0.7858004651879744,0.6750318192015917,Omnivore,1,0.37632367040644943,0.19783448013290178,1,0.5808200057021907,0.5001814050462744
High,71.24850359135566,0.5962557533167842,0.7510961923604567,Omnivore,5,0.6811160592946875,0.871065604519092,3,0.6789668626671178,0.5779543080813943
Medium,64.1890175732479,0.5450084157239405,0.575762711510621,Omnivore,5,0.9183929995417837,0.24439165272449048,2,0.8497654076413911,0.6134297164041105
High,45.73633905469152,0.423897233305685,0.3855153951698206,Vegetarian,5,0.7785126483453289,0.5100580152662436,3,1.0,0.6900085668162778
High,64.77781507198311,0.6439166980465398,1.0,Omnivore,5,0.5748134801720688,0.0,3,1.0,0.5806721312648148
Medium,45.12455004839534,0.4842130657597906,0.31881153621428954,Omnivore,2,0.4287999465474267,0.6590059541489227,2,0.8217607888085559,0.5232799416724166
Low,50.50679587672812,0.8316400401693309,1.0,Omnivore,1,0.2706757474293693,0.0,1,0.5744893800205464,0.4914520760955042
Low,62.83992460938561,0.8960283653249931,1.0,Vegan,4,0.6429528075647093,0.8810165661967388,1,0.7358298752178554,0.8337563360889008
Medium,64.45866410070187,0.41462006239647786,1.0,Omnivore,2,0.604944607326362,0.18743265945286658,2,0.7331768169224027,0.6314395744386101
High,42.161513023843064,0.21770444507323722,1.0,Vegetarian,3,0.3825494720786024,0.9164066991630513,3,0.9843538518269274,0.6517543424135334
High,75.80978656774315,1.0,0.7876539035619559,Omnivore,4,0.9942432543449684,0.6626227829635056,3,0.6842419927251107,0.6909497478176551
Low,68.5800941745071,0.1742786785013607,1.0,Vegetarian,4,0.766762806947271,0.8765437670930458,1,0.6308708921950725,0.7416124873453855
Medium,49.429073465836744,0.6218819638903935,0.405206667620833,Vegetarian,5,0.2328047825316829,0.35598762855170474,2,1.0,0.5291483051992736
Medium,36.93622805326237,0.024970900434131194,0.20632293487454753,Omnivore,5,0.0,0.0,2,0.8204247390597538,0.3895571278811553
Low,57.82643131377853,0.39950647526056426,1.0,Vegetarian,3,0.6886589421355853,0.20138162157731804,1,0.6136939240449514,0.771527185585833
Low,53.3108442920826,0.9859603021153498,0.3413508694573523,Vegetarian,5,0.5795830360859853,0.5840665857879064,1,0.8467866572311012,0.7202284350380568
Medium,61.69710685579534,0.1006936011038031,1.0,Omnivore,1,0.6925011913799981,1.0,2,0.6520417959493425,0.6825292244781804
High,54.5532500826665,0.6236931519996423,0.9475626800148884,Omnivore,5,0.5920331349177151,0.8872777907437233,3,1.0,0.5546339550178279
Medium,29.88814708882485,0.30714995018995217,0.9028904456862298,Omnivore,1,0.06996967237695889,0.27551047999210815,2,0.7423315627075681,0.34227809728711533
Medium,54.17479592548263,0.9050881233882643,0.516677835905279,Vegetarian,3,0.5037931873661881,0.7348642147443368,2,0.9406323807851155,0.7301158055286872
Medium,55.415713333975305,0.8693401079073552,0.9509439605895647,Vegetarian,3,0.49302780439099225,0.5269708457934555,2,0.7856786583240744,0.6851843500917758
Medium,69.50491537161088,0.23769876030622883,0.3907445141130116,Vegetarian,1,0.6787960760879852,0.5095970708536836,2,0.7349928180059258,0.6939629134128805
High,49.527004880834255,0.2811877870504312,1.0,Omnivore,5,0.670941962863324,0.4300581521244467,3,1.0,0.49047844113292466
High,85.1801201005885,0.9271383940611174,0.5955246935345149,Vegetarian,4,0.7363221613558246,0.5392483077843592,3,0.5386152804356056,0.761623514770314
Low,31.325391740223644,0.33636871188370976,0.8539850255348888,Omnivore,3,0.0820544066458698,0.28207435682005866,1,0.6662265874190209,0.36233154856929994
Medium,79.66751246703936,0.772084390606063,0.6228180635679251,Omnivore,1,1.0,0.771638102602205,2,0.23363559877813322,0.7100802383928829
Medium,56.63521543682843,0.032119756067814476,0.3516292466101849,Vegan,3,0.420299815524685,0.4518260380149856,2,0.7167027505950628,0.6783252758764287
Low,72.89377308515334,0.23339923517748942,0.845962543975161,Omnivore,5,0.9594245084987153,0.46389124578402563,1,0.30958865482576825,0.7243842883824689
Low,61.197022260881,0.6863722327726434,0.4752713215771944,Omnivore,3,1.0,0.3501433993431837,1,0.6669917990048526,0.6268913395776409
Medium,77.09333304038203,0.31237065530249775,1.0,Vegetarian,1,1.0,0.5587182841418377,2,0.3358949272454488,0.8356175024731618
Medium,54.18957053170783,0.8575876757624016,0.508513696042024,Omnivore,5,0.6747945473316331,0.4839575326924588,2,0.905091055384191,0.6110637054124854
Low,43.520693622332814,0.05859088771013543,0.5600760243474929,Omnivore,4,0.39557046821785363,0.2156029520098332,1,0.7256484247417203,0.4586272910848221
Low,81.30756430906595,0.3154819827855746,0.9739770728098027,Omnivore,1,0.9956918309898272,0.8342674661971693,1,0.12697285515631088,0.7359216391894055
High,58.29779031176788,1.0,0.5764572291361509,Vegetarian,5,0.5783959263520331,0.0,3,1.0,0.7202625458205049
Low,63.32337710436316,0.43307610258679263,0.6946050017317775,Vegan,3,0.916318930247475,0.5893690578105063,1,0.6730209981322381,0.8173879766615659
Low,78.52127871067192,0.8029656635446435,1.0,Vegetarian,5,0.9129200026645403,0.9451876132967625,1,0.47030376972765564,0.792141441612762
Medium,44.52067136858348,0.18266304885701368,0.40181320640394314,Omnivore,3,0.5208715858082351,0.9008366981214866,2,0.7452384034628634,0.47829800753271967
High,68.93236346458886,0.8098687349855378,0.426863406804878,Omnivore,5,0.6991754100090973,0.5508153054447331,3,1.0,0.6254315498901308
Low,51.15157865305664,0.7261060683694185,0.5841156783983025,Omnivore,2,0.4126837327268175,0.6201147135401957,1,0.5937798424985778,0.4420124518371869
Medium,58.01745966533442,0.31447663586651053,0.7144640653405503,Omnivore,3,0.5797227672904041,0.5450506408009503,2,0.6946220706220458,0.5620925624053168
Medium,61.084184480764335,0.8288971119758778,0.8480802045403893,Omnivore,3,0.6694066787928706,0.8134587335188079,2,0.8481798372969439,0.5469734642808083
Low,37.49667207829596,0.6034175784722833,0.5599070565664868,Omnivore,3,0.3235776616158583,0.2386512769459101,1,0.5827302247738143,0.4998856524200311
Medium,48.317444357693475,0.3891230096150302,1.0,Omnivore,1,0.5427771646964911,0.549616004533554,2,0.7209891452634201,0.5517371462908013
Medium,80.26609338619708,0.6576423933431585,0.44064995459945866,Omnivore,5,0.9997822873939877,0.01719676098665901,2,0.5024456547325943,0.4956125824861329
Medium,73.29286782877193,0.6767608474359242,0.7982318773424176,Vegetarian,5,0.7884428055940016,0.9056592290917489,2,0.5523662181442163,0.7464513180284097
Medium,59.060406340091475,0.16553529269386602,0.677557946356862,Vegetarian,5,0.4837221755102531,0.5282129332420997,2,0.8534110952021203,0.6438484260008095
Medium,63.64685187769339,0.40273236986696614,0.965812750195326,Vegan,1,0.08533878426358132,0.3197105433572323,2,0.7145564491936935,0.7026746090506806
Low,55.58636241545314,0.3434305880194931,1.0,Omnivore,5,0.7986155781596485,0.5437991902723945,1,0.6849615735539775,0.6687166799866114
High,80.34875078741973,0.7009027225791261,0.9121191605659609,Omnivore,4,0.7813720290592294,1.0,3,0.634039368895338,0.7367061927530941
Medium,56.994711333087544,0.7611105884852579,1.0,Vegetarian,4,0.6100398006252601,0.18536830610228255,2,0.8432859802862445,0.6696716498898744
Low,63.47763138202272,0.48253840746667265,0.619637551823311,Omnivore,2,0.7437748753797266,0.2584144942917287,1,0.6287345540189959,0.6222527537174875
Low,77.19045216213098,1.0,0.41682039335311594,Vegetarian,5,0.8809541412651525,0.15235199402250243,1,0.3928001668870581,0.7782213581295339
Medium,48.3394277273114,0.2936764133584362,0.40736030611296975,Vegetarian,1,0.6349506418988238,0.1326748913624648,2,0.7344814386803337,0.6375074793087847
Medium,83.3818377674534,0.515703578284929,0.8120340736118343,Vegetarian,1,1.0,0.40646659227651705,2,0.288974434528283,0.7965898899593383
Low,37.04307885384935,0.7869568104790414,0.5015493034577989,Vegan,5,0.5215388225802962,0.24749446580187714,1,0.7412701249221975,0.7123604235922808
Medium,84.44463196669199,0.6460245933207502,0.5192772908168376,Vegetarian,4,0.22103985619674427,0.716089994396668,2,0.47137733048884906,0.7429686812925743
Low,54.40986624072038,0.5470281464244477,0.7047094388943187,Vegetarian,5,0.6226946146415677,0.030515585863931993,1,0.8719299900648141,0.5188440923396449
Medium,56.359518782620775,0.053340163005183516,0.6199133655726666,Omnivore,1,0.6145942819266212,0.563064878447939,2,0.709204097078259,0.47723432770683566
Low,31.649847432255857,0.3985996627184558,0.2808684576187177,Vegetarian,2,0.2659382731355885,0.3379012524890077,1,0.549790940046394,0.5782867209610333
Medium,53.17807923933461,0.2707337324217325,0.562007526808582,Omnivore,4,0.6276869652681588,0.5105600107407234,2,0.8268980015850773,0.5380558098674774
Medium,44.402902034596735,0.9993351228311154,1.0,Vegetarian,5,0.44807925167735163,0.10620834071331386,2,0.9166495546823715,0.5925324677055875
High,50.88530481939791,0.5083550706323103,0.5564753895863297,Omnivore,3,0.39526148190308236,1.0,3,0.9073000334995244,0.5792501083128501
Low,57.94033551316681,0.8844965347938635,1.0,Omnivore,5,0.8267529123425345,0.6716436306844639,1,0.7891720777118542,0.7565312436468472
Medium,74.36687421709358,0.7762337350404774,0.9838814507432235,Vegetarian,4,0.8132263490164848,0.21689916734197806,2,0.46470341435146856,0.7668404641831594
Low,63.11405027100939,0.34091640919209043,0.7427514137634188,Omnivore,1,0.6656393300399068,0.046960352945297046,1,0.48204071722211217,0.6142851923942693
High,64.61514980101671,0.7435343783741237,0.5621013858087527,Vegetarian,5,0.2294429860185634,0.2952152689575791,3,1.0,0.5891137297894739
High,43.56720916731656,1.0,0.5868507451825282,Omnivore,4,0.8613985357361328,0.38939584646559944,3,1.0,0.558080506105115
Low,46.78868865595905,0.8833682980309119,0.826050656750838,Vegetarian,5,0.09502189785475029,0.8228739010665151,1,0.7594270634851821,0.5525481409891019
Medium,86.98087527526968,0.2603938750061452,0.7856575911257033,Vegetarian,2,0.9746495241360201,0.5212448213484252,2,0.32527278081366734,0.8823119792362073
High,48.9719844785513,0.5395731412081697,0.45975635596698833,Omnivore,3,0.6323144502112108,0.0,3,0.9190305780373639,0.5506309262053063
Medium,84.84312378085943,0.43522318021357165,0.5406783677959293,Omnivore,4,1.0,0.793092264871017,2,0.46692596442664286,0.7527989273692026
Medium,56.354082016787004,0.04204479607594469,1.0,Omnivore,4,0.3712078746046848,0.328126602064529,2,0.7698617130236697,0.6053414913185589
Low,60.03431904215256,0.5982377598518965,0.7404845709626684,Vegetarian,4,0.43858881651371573,0.5325700537608727,1,0.7415314646776996,0.6540836878081709
Low,76.05547740344895,0.954820052992188,1.0,Omnivore,2,0.9206300939102147,0.5841391033236922,1,0.23085760841160596,0.6561169839861335
High,79.07838632907985,0.6815743878255177,0.8858022927822045,Omnivore,2,0.9209696628368903,0.5773375763292641,3,0.41086838663722264,0.6829712248250882
High,58.33781159581369,0.9400359449841771,1.0,Omnivore,3,0.9237379213594565,0.7933436471251183,3,0.9808055626635395,0.7345062092609986
Medium,54.17635419717692,0.6277004136007399,0.8178166234340954,Omnivore,1,0.7592458104877189,0.6277429769930384,2,0.7380231002112506,0.5544196163483364
Medium,59.161193272166805,0.3756487354930008,0.7765873843099473,Omnivore,4,0.5239309120035822,0.5569893756397533,2,0.8099295785925649,0.576423504618894
Medium,65.06936292348178,0.14105979949229708,1.0,Omnivore,3,0.6284825327730876,0.0,2,0.7542981173535492,0.6363185968499109
Medium,73.36955530304633,0.8093238527759673,1.0,Omnivore,2,0.8382998581911529,0.535051661885672,2,0.4121571492190139,0.6882139328212034
High,60.06344788491227,1.0,0.41186714677141867,Vegetarian,5,0.29494331767285875,0.7593075198036036,3,1.0,0.6451943329641867
High,69.2832944703473,0.8858544924014919,0.5241209335485506,Omnivore,3,0.8050505689957038,0.28469044765006424,3,1.0,0.7243447682639841
Medium,84.57539598406412,0.11787848403481807,1.0,Vegan,4,0.9724393795372306,0.6357156480076716,2,0.41722950521627206,0.9446600856908689
Medium,65.71964418397177,0.21623289439099125,1.0,Omnivore,2,0.4951853152330087,0.5308903388796532,2,0.749609079682622,0.5030064271284443
Low,64.67479284007167,0.06947998488353191,0.8685647932906548,Omnivore,5,0.6041509461104182,0.6063186439395581,1,0.7114534829353257,0.6022027331501322
Low,37.21633762364898,0.5703860995762268,0.7405369159848841,Omnivore,2,0.0,0.1865964993884514,1,0.5319308211904639,0.453875038780087
High,20.53904794756405,0.9564776788404123,0.7346282025892648,Omnivore,5,0.3911687498241384,0.29562151365031564,3,1.0,0.45726767469544216
Medium,65.82563593845252,0.11057918706865943,0.7682439539749021,Vegetarian,1,0.7418474466945384,0.6623064427638684,2,0.726858994122626,0.8238849524206038
Low,58.57763653078692,0.8383378205933852,0.9730873061378386,Vegetarian,2,0.32445986533161514,0.21292838455338692,1,0.5500222764810719,0.5496543264693399
Low,52.278259876278874,0.5555089783954832,0.36987255694781007,Omnivore,1,0.310770837670885,0.1984041555846981,1,0.5364248089897643,0.48224198694181486
Medium,63.65295306279517,0.6899690121417249,1.0,Vegetarian,3,0.5496101847261616,0.5814587182944722,2,0.8957233738586801,0.7131829034614092
Low,59.093944062046376,0.9714018486086462,1.0,Omnivore,5,0.7607979324471557,0.9311284198452277,1,0.8080999041165737,0.6012222523968503
Low,76.91670375950848,0.18368098824769732,1.0,Omnivore,2,0.8700742161770147,0.9409534740802101,1,0.11840074459540695,0.7216472605947598
Medium,61.29166302388467,0.9012240229777893,0.622780372128904,Omnivore,1,0.44847033293579386,0.3401628801669129,2,0.8010330225232113,0.5675327993908345
Medium,48.796150723947484,0.1261026959874093,0.4049362410764666,Vegan,4,0.36930663406214354,0.16501038537281493,2,0.8184138003445287,0.6247372568474566
Medium,74.85249358438934,0.49295880663668223,0.7836054317508914,Omnivore,1,0.7590442636839605,0.5094255380877567,2,0.3640714284204619,0.5783899285588867
Low,56.743033875806965,0.8514386963311144,0.9452919099530933,Vegetarian,2,0.40729683989407883,0.9330253185747832,1,0.6394106498876824,0.7476367516202722
Medium,67.89805025508461,0.9062542367378682,0.9731999946985339,Omnivore,3,0.5748911427128793,0.5608613175239059,2,0.7328852967746349,0.6126560927724386
Low,52.83883940710799,0.5063716735451453,0.6468353521011114,Omnivore,5,0.666762193660895,0.49473969023103725,1,0.840983595353567,0.47128761413671744
Medium,50.25259671753845,0.5941046382754251,0.864549377420822,Omnivore,4,0.25716160720823145,0.17117531948758477,2,0.8040402865490519,0.43508525955506067
Medium,61.262523452785445,0.7081473345985572,1.0,Vegetarian,1,0.5841518079291722,0.517431561909217,2,0.698955970790478,0.6950603887782313
Medium,60.19242965315528,0.8327586684527142,0.32724692060338345,Vegetarian,2,0.5585712784653176,0.045694890413480516,2,0.8433270219819796,0.5229350825816859
High,67.1974055305025,0.3215111695376662,0.7866080755827882,Omnivore,3,0.6634029244117171,0.14394730539415318,3,1.0,0.5353838783029358
Medium,55.97031370035386,0.8100693082292276,1.0,Vegetarian,5,0.6125453623338846,0.49020366918214625,2,0.9277141524820273,0.6674632143080079
Medium,32.45460324344404,0.48127615051161676,0.7084174866805975,Omnivore,4,0.4474638838465534,0.3395098298598199,2,0.866011891488843,0.47235580643582437
Low,53.50839174617417,0.450623425108169,0.9190180466599408,Vegetarian,1,0.6919276853626384,0.3203547214185846,1,0.4857815926793059,0.6247002323293059
Medium,71.90727700715723,0.5238997519969982,0.8762127776411281,Vegetarian,1,0.650284086556459,0.694548104072668,2,0.2885495593587277,0.7362780876865893
Low,55.5393588113534,0.5092115852460426,1.0,Vegetarian,1,0.5251073531936747,0.0750300890179949,1,0.6058082395892637,0.6033269950329725
Low,56.30424896228178,0.9450505533946035,0.3361427813004471,Vegetarian,5,0.6332337553447827,0.3647576798684937,1,0.8099007227067528,0.6660265085719635
High,74.79564758858905,0.8482037727921515,0.8650230597153226,Vegetarian,5,0.7839846280273737,0.4313950370005191,3,0.7715664994931426,0.7649892885248831
Medium,49.32040159111616,0.9531775382631392,0.3380185570700985,Vegetarian,4,0.6073453033395582,0.3847218537289568,2,0.8254933758168628,0.5655595767624839
High,36.857951726356504,0.3802901306156406,0.34407532074535296,Omnivore,2,0.45851800888744154,0.2156995063371706,3,0.8161239319010002,0.5226859439005759
Medium,57.59053320711759,0.7241359788326331,0.6709910164538497,Omnivore,1,0.41113077921127883,1.0,2,0.6881797174091973,0.6237545514967007
Medium,52.737390731268945,0.8122395386087472,0.419227045156832,Omnivore,4,0.9022632598267433,0.15349777502388684,2,0.8494033947321754,0.6254777926962087
Medium,45.50630520370119,0.6791288313348619,1.0,Omnivore,4,0.4557983917626986,0.3777596442754368,2,0.9157502297962391,0.5110049218671217
Medium,57.36932316151964,0.6069222802265404,1.0,Omnivore,4,0.7136340130427088,1.0,2,0.8401500492514342,0.6474722598082165
Medium,67.37258470870175,0.5648127810861823,0.6729725697641126,Omnivore,2,0.7958433662427626,0.7447320712644699,2,0.6975893254097568,0.6622071750541592
Low,59.860671576482765,0.860930482578696,0.9390510699200934,Omnivore,4,0.6529918025665336,0.48700818761577264,1,0.755961315809854,0.6027291000690778
Medium,64.60471609029356,0.8216465971645001,0.856776901045254,Omnivore,3,0.698514433410643,0.7830940961647765,2,0.7937282286854805,0.6868137670682872
Low,87.20111547773135,0.22228872118059953,1.0,Vegetarian,5,1.0,0.9157959416672088,1,0.2675500010933838,0.9037638976597626
Low,54.85681707663654,0.8485876570308781,0.9017296952001249,Omnivore,4,0.5069100144131843,0.12597474124914915,1,0.7878657742626091,0.5095885021870158
Medium,64.17522951967004,0.4140686194404425,0.3211286020889123,Vegetarian,2,0.7968728276041431,0.07005135454131262,2,0.806104430941743,0.7241770327044046
Low,52.36179956101298,0.2536968299958108,1.0,Omnivore,3,0.6241027353889446,0.46535118740439707,1,0.6743128991111019,0.6005040022136298
High,47.304604201695405,1.0,0.9833711423045951,Omnivore,3,0.708204153867786,0.2503929636153008,3,0.9582793507848915,0.5959250018329314
High,51.22638519873345,0.6320247996337416,0.7658546315601482,Omnivore,3,0.41298305044065914,1.0,3,0.9337343331351519,0.5657920647256899
High,52.81862142717467,1.0,1.0,Omnivore,3,0.5450478538112601,0.7759010649148994,3,1.0,0.6564433074454618
Medium,65.39213696320688,0.2634036119558445,1.0,Vegetarian,2,0.4828713574940832,0.8805697169402837,2,0.7634476060414568,0.7558176575475174
Low,95.23613680051136,0.10392932142221781,1.0,Vegetarian,1,1.0,0.08261374970719071,1,0.09890484336755129,0.7442713379313414
High,49.259348455862394,0.6954591929029443,0.8542849734758496,Omnivore,5,0.34474173966181576,0.2334963938302819,3,1.0,0.45075180854834096
Medium,53.75062041576806,0.10022825664288426,1.0,Omnivore,1,0.6039161459773544,0.4448146433994903,2,0.5577446334473803,0.6487574407699372
High,59.053154803331275,0.9543759555249096,0.5940860088280739,Vegetarian,4,0.4997933459110527,0.27156745803651283,3,1.0,0.552452522515569
High,65.9369827306462,0.4760751360694104,0.6543021559647084,Omnivore,2,0.887606805239208,0.3619494110612157,3,1.0,0.644302708200943
High,63.953262179321776,0.6436456466034788,0.5025402135601053,Omnivore,4,0.6278264023306022,0.455839284281989,3,1.0,0.7040537425147804
Low,79.26143690922176,0.18703356509155425,1.0,Vegetarian,4,0.922842349702955,0.6978671206849778,1,0.244818636361987,0.8666020624385874
Medium,23.604118941971876,0.28665924844725266,0.8625089846591256,Omnivore,3,0.019273389770109006,1.0,2,0.8023784293492159,0.5023455085034957
High,24.19605194706491,0.9814902432585719,0.22662310860556645,Vegan,2,0.11571974609250613,4.4746678735080314e-05,3,0.9003332273464497,0.5119372364334248
Medium,52.56182741984776,0.15158791190231946,1.0,Omnivore,1,0.6470265659432534,0.6917113763653225,2,0.5485937880381048,0.6434676000147868
Low,76.45950281315564,0.7471595611269574,1.0,Omnivore,3,1.0,1.0,1,0.4248449161378811,0.8296054855153191
Medium,36.51527952591606,0.9174258528045012,1.0,Omnivore,1,0.47036729506068686,0.005751392382062348,2,0.698801418571523,0.45219126662565684
High,14.885514904593641,0.8798367597577204,0.12257836369616913,Omnivore,4,0.6254521124651609,0.7277703303636125,3,1.0,0.5277916966522737
Medium,68.56769109328813,0.8110216892922268,0.8477993744086083,Omnivore,2,0.8439728986511599,0.6420503609103073,2,0.7897887384682252,0.7207587185708666
Medium,63.65485835554072,0.1089716293039158,1.0,Vegan,5,0.6397526130346958,0.0,2,0.8856576266522453,0.7444724210479774
Low,43.64687389800855,0.25073182600205446,0.761180954061884,Omnivore,3,0.3722691253994083,0.730263323355781,1,0.5853922483962642,0.4590172911916079
Medium,45.21690598918605,0.894538852240591,0.8927319956452078,Omnivore,2,0.8155827392937071,0.0,2,0.6603873805157553,0.41721898280137293
High,45.45384420547988,0.9151056136180893,1.0,Omnivore,3,0.6160279844610308,0.8161514438920497,3,0.9587405327370916,0.6115066280621025
Low,61.6580297621091,0.6395538263773112,0.6826272117707417,Omnivore,2,0.5134948014091618,0.805825628958769,1,0.615483544169239,0.5814033387424203
Medium,50.605270857254894,0.6637667361217,1.0,Omnivore,2,0.3742752858956435,0.10962959843938908,2,0.771505422168395,0.34948494937001195
High,67.4109587846328,0.6142005543046434,0.49997089868845473,Vegetarian,4,0.541361831626838,0.44473582472694867,3,1.0,0.6476544139116732
Medium,17.180600056434137,0.04455663161765322,0.35678905530854543,Omnivore,1,0.2740563308879458,0.34852131520590157,2,0.6402522933340237,0.4045756163878367
Medium,47.14722202308301,0.784441542070729,0.27908173004274084,Omnivore,2,0.1678424525708644,0.2264094827045017,2,0.7888563224950121,0.4262745595356734
Medium,43.10919058633425,0.6787132362153538,0.5799727642669223,Omnivore,4,0.3289035907292251,0.8812746439356058,2,0.8282497530890787,0.5966270643897219
Medium,56.15488982441262,0.4728044641127247,0.6606839939461835,Omnivore,2,0.6210543010192686,0.7423650818738231,2,0.7173764761368476,0.6436682806673366
Low,51.92928362264792,0.8997596153682574,1.0,Omnivore,1,0.5248152414248927,0.0,1,0.6901514669959528,0.5015637856716786
High,71.9676566984365,0.6361596649850988,1.0,Vegetarian,2,0.6286778846548416,0.5471050098311205,3,0.47790515772647446,0.6606774184710751
High,32.109948425099134,0.4943217442312359,0.5972723002811623,Omnivore,5,0.46006442556573535,0.4235037473358153,3,1.0,0.5338912049625356
High,60.68237214496128,1.0,0.9555258393485546,Vegetarian,5,0.7447652454808787,0.2718069256072018,3,1.0,0.7709805139344641
High,68.37504634817559,0.9969876547589855,0.3946585822565691,Vegan,3,0.6404575031311327,0.8972948255855115,3,1.0,0.9411570978732992
Medium,87.84971154842933,0.6149798106483447,0.6195200937605227,Vegetarian,2,0.7722117389694145,0.9164328524469758,2,0.40201480496706654,0.8081280509255193
Medium,52.77351043359787,0.13073473945784997,0.8908154074097443,Vegan,5,0.7006504851331288,0.6552485297517219,2,0.9037482578701221,0.8408054770599508
Medium,64.86687906528776,0.21507147146505246,0.9657012145517411,Vegan,2,0.6169244620648462,0.446048928257463,2,0.6589019849142406,0.7654500043353217
Medium,32.94205811156453,0.6562279904088066,0.9388449492652498,Omnivore,4,0.33223023429216,0.0,2,0.8913605738138054,0.39108162770962174
Medium,24.120656935304645,0.38504123784041167,0.5236030437301255,Vegetarian,3,0.39777590953080966,0.5662771617060436,2,0.7731333105900605,0.6205689199023338
Medium,72.6716156367255,0.9364731916659712,1.0,Vegetarian,5,0.506706320997226,1.0,2,0.5672879232069323,0.6841176338679618
High,59.91659559527894,1.0,0.9835633105365842,Vegetarian,5,0.4955156533583925,0.8092552848963697,3,1.0,0.675630400994698
Medium,77.67769034697633,0.9056369252749182,1.0,Omnivore,1,0.7245931066527004,0.9146648261735739,2,0.3120049697084933,0.7491435491822849
Medium,39.39895666545377,0.37754542299555716,0.412125009751948,Omnivore,2,0.7754191866670526,0.3470579051815206,2,0.6648382391176663,0.5435402936742885
Low,67.79853209293128,0.7886864292314241,0.890672224217296,Vegetarian,5,0.42746404108691444,0.352435837744169,1,0.7746931866578439,0.6046793301087348
Medium,88.0322676081578,0.4514416734706834,1.0,Vegetarian,5,0.8882786991836993,0.9560869283105139,2,0.5037388105578802,0.9490103131815553
Low,66.29558412535899,0.1671000877656339,1.0,Vegetarian,4,0.4856393637254468,0.3643660743676854,1,0.5623126812637204,0.6943708162740955
Medium,64.14872258386573,0.033393204865857395,0.5219277550859804,Omnivore,2,1.0,0.8351516534423868,2,0.6726699443959405,0.6298514924260642
Medium,60.12834121236525,0.38571671276102004,0.8238597260291185,Omnivore,3,0.6546468109405444,0.5826874432248873,2,0.7753489620230765,0.626232687377999
Low,36.43677814311132,0.9035593036972819,0.5283691984291955,Omnivore,4,0.173742238019037,0.0,1,0.7690187081847613,0.40158829577972965
Medium,80.33359403565522,0.33898658775567647,0.9275609387572759,Vegan,3,0.47414026367265183,0.6862441749098632,2,0.3544000225492093,0.8646777696495201
Low,50.83713540292401,0.206513164929784,0.486314279117726,Omnivore,1,0.6307732011445312,0.050706763862323756,1,0.55208121583392,0.5580251396838907
Low,67.56724884574525,0.9698207852410403,0.3854486226562144,Vegetarian,5,0.7142964833751644,0.14586909026970163,1,0.8110099244451077,0.6903750237621906
High,36.554485401431194,0.22500411285059213,0.7553378809048448,Vegetarian,5,0.49269036104056224,0.0,3,1.0,0.5848716380303615
Medium,42.308105032383295,0.7857821503937543,0.5473948410227486,Omnivore,3,0.22176536373318564,0.0,2,0.8020800161090476,0.44487525966900127
Low,81.52631098833353,0.42136995574087033,0.5895729566901013,Omnivore,2,1.0,0.3225952108044727,1,0.1780180171726502,0.7153393591745458
Medium,54.790465665632354,0.037487956869659333,0.5978878944061955,Omnivore,1,0.5642843899240408,0.8380351850017155,2,0.6822636049409923,0.5874449535290013
Medium,81.79913214063816,1.0,0.45827586215093574,Omnivore,1,0.902871612295297,0.8537976234417707,2,0.298969904547193,0.6575326025098576
Low,58.82654011412223,0.1396423302095836,1.0,Omnivore,5,0.7130500398289334,1.0,1,0.7106323709118728,0.6491874121431711
Medium,32.371533405632135,0.5517792837256954,0.7430055820014212,Omnivore,5,0.344251013701089,0.21129108614983974,2,0.9546838929254537,0.43189679204102926
Low,73.3810139959758,0.37405420742954776,1.0,Omnivore,3,0.9949209356335027,0.2230221343895838,1,0.2040694592435728,0.6650340814438006
Low,51.15161523366588,0.06519280218469103,0.6788762737160599,Vegetarian,3,0.40552938885289447,0.42360996919442273,1,0.6229213280063515,0.6809302351507033
Medium,70.48033220275565,0.1499224856633791,1.0,Vegetarian,1,0.9092679668513394,0.45990798089428186,2,0.26490450139511756,0.8415691696764255
Medium,60.37816301310123,0.11555669883633879,0.7852090366177595,Vegetarian,3,0.8704100105751161,0.6300791505649324,2,0.834977025475342,0.7937798735582232
Medium,36.85322658085694,0.07136701388938005,0.7582114551049541,Omnivore,5,0.5758600975082074,0.0,2,0.8612254075912762,0.5294975454458221
Medium,62.464421480558535,0.7605581155199229,0.8041160874654495,Vegetarian,1,0.9115133751327276,0.5348436715165281,2,0.7527419178953736,0.7561077900021735
High,92.94334713229199,0.7855662022834292,1.0,Vegan,2,0.7833624991268398,1.0,3,0.5202054773906618,0.923253349583277
Medium,67.39479687771689,0.3428920913489797,0.9036300619906468,Omnivore,2,0.7732764874925794,0.9705744565361671,2,0.7083918597534453,0.7232974605019854
Medium,59.13723370491805,0.41836891013200717,0.567285092104988,Vegan,2,0.6748563326985755,0.8497712320878745,2,0.7531667800044642,0.8868607717659286
Medium,76.13015102935347,1.0,0.5261902864694137,Vegetarian,3,0.7762815092192198,0.7997686004608281,2,0.42162422852815873,0.8354642999010734
Low,63.16002697804666,0.9107518127381472,0.921924523773211,Vegetarian,3,0.7569856569593569,0.8083614163993208,1,0.7427742031191434,0.7514565511922137
Medium,63.14301345394192,0.7156764801225769,0.8048950288167458,Vegetarian,5,0.8728341052393465,0.5145859339557249,2,0.9803627748142242,0.756479108920367
Low,43.62562241761346,0.8846823774216878,0.3141038087841802,Omnivore,5,0.291784185283972,0.48975233992551337,1,0.7920677927990261,0.5914792292324916
Low,63.50772038684398,0.3196480275876248,0.7131560677274883,Omnivore,2,0.39365630673458873,0.49057332333721265,1,0.5599003523383899,0.43348289433653076
High,75.53165124625417,0.6811093260082829,0.8924346782317245,Omnivore,2,0.7143136152441695,0.46537022310301046,3,0.5294932826634495,0.6894922063202862
High,47.45906771849963,0.8137121818542281,1.0,Omnivore,5,0.0,0.47261502964333624,3,1.0,0.42515720025359455
Medium,81.36743731870422,0.7236259472972641,0.48293824242688344,Omnivore,4,0.7997988975070284,1.0,2,0.4345111880594506,0.7056842925039706
Medium,58.62440963782311,0.48169983801234095,0.6416173964351185,Vegetarian,3,0.8721749425024219,0.5721697577799613,2,0.7436089278619469,0.7346265631233784
Low,46.68345732692189,0.40065784843795327,1.0,Omnivore,4,0.18214223119663137,0.5339700296635604,1,0.6529624297351868,0.3906209785002672
Low,74.96448115380366,1.0,1.0,Vegan,4,0.6661076366051076,0.8579080411305847,1,0.3193345738741649,0.8584483087073795
Low,55.69808646392596,0.8211236261177244,0.5684487541234166,Omnivore,2,0.32963806356094855,0.5609121713793603,1,0.5678230805546447,0.5973829705161662
Medium,71.39272331229162,0.5349801978880452,1.0,Omnivore,1,0.793269574676614,0.528895804839628,2,0.2901902556701379,0.6396379602350313
Medium,55.623620516121946,0.7272924772395685,0.771411683143302,Omnivore,5,0.6836028968999436,0.6977978423569279,2,0.913065698028232,0.60994070228323
Medium,59.102607847051445,0.2695616932524595,0.7938649305457177,Omnivore,2,0.5953112709070123,0.27274787370765563,2,0.7555954943573951,0.520032447974097
Low,67.40340306501437,0.10016932623732988,1.0,Vegan,5,0.5370650370064532,0.9146993288134679,1,0.7152949070642071,0.8347782127131285
High,64.36345586385009,0.5524310255527407,1.0,Vegetarian,3,0.6816882646131261,0.9143993828453878,3,1.0,0.6285540169570347
Medium,30.067023293223922,0.4029728001233942,0.5088677998359635,Omnivore,2,0.5481227327931376,0.2363681308222566,2,0.7697395281296076,0.4537354746368465
Medium,43.181343898584124,0.0165371245606708,0.3564858481560029,Vegan,4,0.6097501018526942,0.16122686625168828,2,0.9187494534500287,0.7437842000204072
Medium,73.94114977186223,0.914792001635896,0.6953724811374051,Vegetarian,5,0.6580378753157397,1.0,2,0.4839809346043992,0.7131549550198335
Medium,58.01795116647679,0.3591934023891815,0.320573016143772,Omnivore,2,0.5153443598600427,0.27297267274012044,2,0.7857898589895811,0.48450679191642126
Low,52.144030458428674,0.580418165780147,0.28148803900253455,Vegetarian,4,0.45109655291742423,0.34611381074286296,1,0.6296243631430536,0.6057770410334323
Medium,39.621389771137885,0.07396318727095597,0.5936290851071087,Omnivore,3,0.494299179446835,0.0,2,0.8103919949994531,0.5029836367284306
Medium,43.803955180862275,0.17499682875058398,1.0,Omnivore,5,0.16166789271696874,0.7776155624171064,2,0.8866738209003013,0.5482658571208119
Low,29.67302040057079,0.88969372532756,1.0,Omnivore,2,0.40526794992477744,0.0,1,0.6276625792503983,0.44045957864364216
Low,58.480789219477,0.6086875278828008,0.803846780015008,Omnivore,3,0.47652696766306996,0.6336367029600198,1,0.6713859931549782,0.5599467984241826
Low,51.0234362912843,0.9502840501704856,0.8203435626272522,Omnivore,4,0.4572442688055909,0.5164517124923312,1,0.7204821469564121,0.5654052731570476
Low,45.50118163522027,0.9987500343913169,0.23343940492215784,Omnivore,2,0.30887620089268536,0.35575519660549193,1,0.6206003454390568,0.4771890905014601
High,58.9781486224807,0.5718601153330944,0.510391898946169,Vegan,5,0.7360366399166538,0.32883026623523437,3,1.0,0.8347889847477465
Medium,65.45955946279108,0.2988030640832746,0.3520719242483391,Vegetarian,4,0.5360507018855174,0.6776887942016431,2,0.7488842705893475,0.7801568780661794
Medium,91.39796898314917,0.9583560551590967,1.0,Omnivore,4,0.7221045154291508,1.0,2,0.512309821747904,0.7193307671230293
Low,37.321748706551794,0.9986114270374542,0.3322545395592567,Omnivore,5,0.25738913280230036,0.23515153668307504,1,0.7935869803707205,0.39266868261621946
Medium,77.39071564950783,0.7296412342324573,1.0,Omnivore,3,0.5574806006326142,0.1482499832166272,2,0.4066205439779436,0.5781921242645922
Medium,74.59652341522607,0.8951407225115223,1.0,Vegetarian,3,0.9183039568486961,0.07823941451477201,2,0.4149067690634002,0.841405983652245
Low,48.31360890934949,0.7817458588152745,0.4709867210624608,Omnivore,1,0.26258347138126364,0.34613833060822663,1,0.5899869815397835,0.4995993721764325
Medium,63.04853931879047,0.35533970821954697,0.47296301367720206,Vegetarian,2,0.6218341996918353,0.38848626966163824,2,0.7871247923182644,0.640208922948391
Medium,53.13550125993577,0.5742703802570872,0.8933022072227319,Vegan,4,0.4012278738860282,0.3914509054650648,2,0.9688402894572274,0.7274565030838216
Medium,62.785328706281085,0.8330569412642136,1.0,Vegetarian,2,0.9415620250404036,0.6090179282695061,2,0.8393144206977388,0.771141140253738
Medium,82.63696520106825,0.7881138762610554,1.0,Omnivore,3,0.9109606119978744,0.5435537460973677,2,0.4703845586146398,0.6602680496682086
Low,69.0840934894697,0.02116381398203826,0.6939671190507261,Omnivore,3,0.5649952125097775,1.0,1,0.5627235444772191,0.714234163826876
Medium,67.62912559850163,0.3367056688975335,0.9255292232611553,Omnivore,4,0.7105999101328322,0.6783107665835106,2,0.8038365113402386,0.6761016958192839
Medium,53.54536020068036,0.14447569659460535,0.5784884963758232,Omnivore,5,0.3535766636093991,0.7167963830158288,2,0.8642213777136944,0.6074648971278198
Medium,37.73915002613497,0.2329722120780391,1.0,Omnivore,4,0.511686809153788,0.26757180940096525,2,0.8454948514945104,0.3499658859570535
High,56.87297684189388,1.0,1.0,Omnivore,5,0.6022716233774286,0.42906479221519706,3,1.0,0.5911086918483759
Medium,78.09912232295872,0.13689328891076816,1.0,Omnivore,1,0.8647872528111883,0.4726826977220371,2,0.3229699262367948,0.6803352562649112
Low,37.09248215115529,0.21980071196192374,0.6087215535216056,Vegetarian,5,0.1802033168087191,0.33168440626612167,1,0.6883869604023174,0.49424391547106
Low,44.173659477349574,0.30956935223823145,0.8390205876463052,Omnivore,2,0.16496808459638995,0.0,1,0.517984900045766,0.4432298179865281
Medium,61.89401604351102,0.6168840719663948,0.65108614268489,Omnivore,5,0.2862357711996211,0.033795391331900404,2,0.9635074570882665,0.4361703795580846
Low,45.23017822729106,0.5341016900858655,0.25501573059448607,Vegetarian,4,0.13474882326260268,0.1908751114773973,1,0.7152183286799547,0.45617800969842637
Medium,48.112148293271815,0.2182694828533861,0.6356492638229919,Omnivore,4,0.4832986370463458,0.11702212797159928,2,0.8074790366508148,0.5409037153477346
High,53.64602127407734,0.36424106722315447,1.0,Vegetarian,5,0.920823614743354,0.26114188977219577,3,0.9678789413838786,0.7098220800180073
Medium,39.51573893714776,0.2367980345961188,0.8238797894596046,Vegetarian,4,0.31530698377499977,0.2283296765482121,2,0.8729158684036038,0.48302624231331803
Medium,45.38817230675448,0.5025296267016556,0.31089656460467396,Omnivore,4,0.33813095787314623,0.29152362222829103,2,0.9691900327826022,0.5593867145004132
Medium,70.55141875180963,0.3711777857112034,1.0,Omnivore,5,0.6946632805600345,0.8317142166811547,2,0.5118557637756099,0.6662178361327887
Medium,40.38945326653554,0.9476025016077222,0.4708221156741925,Omnivore,4,0.24665303214341733,0.5684731170276849,2,0.8629851989135762,0.4467531761881311
Medium,36.03191798257744,0.46386522142884756,0.4239290829956146,Omnivore,3,0.10395847722303042,0.2916757299228164,2,0.8082675288679249,0.3404138818297244
High,50.54962530699159,0.2587960165446371,0.5498390953152787,Omnivore,4,0.3745844436467446,1.0,3,1.0,0.520813226238954
Medium,70.97933253764768,0.8292664058366334,0.9320988988141958,Vegan,1,0.66440184159987,0.45152020570674267,2,0.35783432399578613,0.7382920303836182
High,57.046172880046655,0.5288452882089896,0.8299189578342099,Vegetarian,3,0.9423424421943614,0.7250896042555767,3,0.9122340664371782,0.8607162009559891
High,53.03128382826573,0.8534889320582475,0.7565701737642103,Omnivore,4,0.43261117072816035,0.5936246313757169,3,1.0,0.651938407502425
Low,60.6653819627341,0.279594370523232,1.0,Vegan,1,0.6456098404847036,0.44035357546440945,1,0.4906122430456543,0.8558042249586549
Low,33.81438850710522,0.5707437417333199,0.4856096738704851,Omnivore,5,0.06375581822106385,0.24279951695397417,1,0.7755651843549041,0.3216616145729318
Low,67.42058480662548,0.7721525048074647,1.0,Omnivore,2,0.8129802965027897,0.4294970415128656,1,0.6240204055535399,0.6674310877186695
Low,65.75152547105466,0.928008741774554,0.5040793057338724,Omnivore,4,0.5096555496682159,0.7755222891659517,1,0.8003680787569548,0.7276623495533822
Low,53.86037288856418,0.26112714443307705,1.0,Omnivore,4,0.31272715448656635,0.8234751693009035,1,0.6884675928254431,0.5124800388893727
Medium,75.08886767694625,0.43485695099898114,1.0,Vegan,5,0.5452701889008735,0.6367139915492145,2,0.5290991332186137,0.818373286825693
Low,43.087558515704416,0.4642664202859397,0.8986461021261085,Omnivore,2,0.30249107244756845,0.0,1,0.5829965990984389,0.5364459121820524
Medium,76.91863489880353,1.0,0.8661465716212776,Vegan,3,0.5379605509732402,0.8048457166599203,2,0.35969919220464847,0.8593316258055563
High,62.31740498392877,1.0,0.9785885576005086,Omnivore,3,0.6814309154535038,0.46558717550375206,3,1.0,0.6408820425836719
Low,54.951711151827396,0.08987828010063803,0.3545556023185944,Vegetarian,1,0.3326475053137855,0.1414081731407706,1,0.5152571721811496,0.5563493573801405
High,59.701895469475325,0.33192982575381086,1.0,Omnivore,5,0.7261899527636146,0.5201022205538104,3,1.0,0.5435110110981912
Low,58.391028512835874,0.49550917733063826,0.3475023760518254,Vegan,3,0.48218631341651164,0.3822231488710628,1,0.6903934592053859,0.7755258312355672
Low,78.30424344626576,0.2066192728054235,0.5402627271028262,Vegan,2,0.5996496501852842,0.3235993551668796,1,0.18354674208219032,0.784145249071409
Medium,43.8498130879348,0.34558087334869747,0.7960387739369104,Omnivore,2,0.3018451953029281,0.29904056440331916,2,0.6417384236642165,0.44520347755271994
Medium,48.56221141280103,0.14838537821747766,0.9822225125206967,Vegetarian,3,0.28249990769017824,0.8279922463331526,2,0.7472490911865556,0.596613825043113
High,75.5445433810872,0.9360403551318858,0.4539742812516894,Vegetarian,2,0.7597623401437057,0.6720703347495578,3,0.5195307293950645,0.8115899015817475
Medium,51.06697597224211,0.9494954317391617,1.0,Vegetarian,1,0.4016265872431497,0.43328036693818067,2,0.7225333462762937,0.6497234732146528
High,73.50799615997387,1.0,1.0,Omnivore,3,0.9573555156993833,0.74658418285508,3,0.5896669887516892,0.8088680429198317
Low,85.49153974513064,0.4752411324969148,1.0,Vegetarian,4,0.3938548165830155,0.7830638376600719,1,0.30029956267099694,0.7859068346514704
Low,53.973074595875495,0.5990126371146123,0.751108828356214,Vegetarian,3,0.7733541226558882,0.3655596501104452,1,0.7563916533655419,0.7068582834472048
Medium,70.22043489862958,0.9562676535240813,1.0,Vegetarian,1,0.5676760935060181,0.6436851464225155,2,0.37179740932793554,0.7235644765269872
High,42.69461577990212,0.317462072796384,0.541830431226716,Omnivore,2,0.7470284396464846,0.3810247349140371,3,0.9177681575024987,0.6258934303969371
High,71.32099947101713,0.9895644110519649,0.8498694314601921,Vegetarian,2,0.7373075926368213,0.0,3,0.5255755861973849,0.697595375981602
Medium,62.99135978980151,0.40884366172506825,1.0,Omnivore,5,0.8698533589974518,0.6836906471223828,2,0.9652581539521321,0.7305002998066199
Medium,67.09557423240322,0.20614616028016408,1.0,Vegetarian,4,0.6557309548152631,0.5726211832375849,2,0.8273222612005339,0.731619809913562
Medium,50.31641891946907,0.402753618747442,1.0,Omnivore,1,0.4756505475148895,0.5817284681248993,2,0.6895216074842138,0.5874101980608042
Medium,35.08374876649241,0.07596028696491686,0.4378668107963022,Omnivore,4,0.16106397793930227,0.28664078805380955,2,0.7181738241697522,0.5063617818732019
High,67.54878097124256,0.8954071485893058,0.5702129450729763,Omnivore,3,0.6571938010481604,0.45767491174715946,3,1.0,0.5344352661967676
High,29.048952712808184,0.4527426687484531,0.4429092694933552,Omnivore,3,0.09052316101798485,0.0,3,0.9918502264996449,0.44666921728144865
Medium,55.23974261636198,0.311405645044878,0.7175098254702701,Omnivore,5,0.5898582989744724,0.5086838385693874,2,0.9262715852774444,0.653029704063893
Medium,74.11772799629955,0.22108129824146275,0.6847560527734613,Vegetarian,4,0.7734447843027744,0.6647850666870322,2,0.3519382596950056,0.7580674895479891
Medium,62.87846603809554,0.8646591138898917,0.6886051259295356,Omnivore,3,0.6042560964506887,0.9289168842932862,2,0.8834420977129478,0.6456122334177445
Low,89.22513967184719,0.5934442792827386,1.0,Omnivore,5,1.0,0.5986487232442408,1,0.3437838556178116,0.7232399141365639
High,75.3766372887266,0.8721468777864002,1.0,Vegetarian,2,0.8532868998515123,0.9510916647239609,3,0.47437311557538353,0.7889352790828396
Medium,50.191524175116356,0.5694326830948546,0.9865158191434988,Omnivore,2,0.31788815698544093,0.656661487704153,2,0.8648246768133323,0.5936567063707084
High,60.409700697771584,0.6104931145413417,1.0,Omnivore,3,0.7177700045351123,0.27262163494010805,3,1.0,0.5219104547884603
Medium,59.28943946183346,0.19252991543813947,0.32863160052456947,Vegetarian,3,0.7833009226718071,0.07910176707298672,2,0.8018404230539504,0.6911273565391078
High,36.26734854980809,0.9451327484984,0.22907053242779654,Vegetarian,5,0.0,0.6066304398480815,3,1.0,0.46939402705372096
Medium,45.8940162527347,0.12705626535767434,1.0,Vegetarian,4,0.2423422006964257,0.5202215928199143,2,0.8910054243979973,0.5669804439422739
Low,51.588586395302094,0.1038737902788105,0.7910217543011424,Omnivore,2,0.422070873566755,0.6760921141380464,1,0.536013399124175,0.5001169238129421
High,29.45669245716095,0.9101450375965034,0.725424136047925,Vegetarian,2,0.1317856494000681,0.29009523444613544,3,1.0,0.519822597541516
Low,60.712402023774644,0.20883702045198382,0.3561488703332503,Vegan,3,0.7347493645125018,0.19918492033086693,1,0.622993469215415,0.8157638561224794
Medium,56.26392233020439,0.30677275135283233,0.5366334128222928,Omnivore,3,0.3853649038680397,0.5229099417944107,2,0.8304585272493836,0.6018725096047021
High,34.906591480326384,0.6752274670017402,0.8128872622871096,Vegan,4,0.15017319681514738,0.48630175284710986,3,1.0,0.6487015125560439
High,66.06319297915998,0.6493513167295462,1.0,Omnivore,2,0.7083785980721693,0.0,3,0.8646314369468707,0.6727021714159037
Medium,70.7380911703644,0.8085791250649992,1.0,Omnivore,3,0.6611819704723555,0.7334056581069813,2,0.4318602392518093,0.6258832580903787
Medium,63.405517182973334,0.623431793443361,0.8174470817499484,Omnivore,4,0.8585598003403566,0.7769402602336598,2,0.9365483737718404,0.7156708497262931
Medium,55.13897737186545,0.6443961622818657,0.8211691195975248,Vegetarian,4,0.6255765229456463,0.7390246218753165,2,0.8257878154817782,0.7792586502865037
Low,68.87163227627782,0.7140543306554573,1.0,Omnivore,5,1.0,0.7110681841935482,1,0.8393837792874315,0.6926303639923164
Medium,70.20330540715037,0.3926127274234653,0.8886411277831064,Omnivore,5,0.48389210158602824,0.45876121497701483,2,0.5224601671773517,0.6130388088116872
Medium,64.61105354579533,0.32233331180047364,0.839913793266294,Omnivore,4,0.34031499925081776,0.51889723838192,2,0.766738819704511,0.4250045666794913
Medium,47.630816243478584,0.4379977478955541,1.0,Omnivore,1,0.7514583325771194,0.0,2,0.6937904691065374,0.6031145795847007
Medium,64.1490114826677,0.3074621730335261,1.0,Omnivore,5,1.0,0.8497480619454878,2,0.8782626799742486,0.6729433877817634
Medium,77.93220976238219,1.0,1.0,Vegetarian,3,0.7346646429139854,0.8869402500403676,2,0.3989997154713225,0.8699812907018916
Low,51.05056412082405,0.8140519264214297,0.47349987538527405,Omnivore,4,0.4468682103426851,0.325153909777344,1,0.7464423830232413,0.5227950205589823
Medium,91.46909008698647,0.26465468825602956,0.9817209370902891,Vegan,2,0.940147767428605,0.9412248654160889,2,0.2586365139232825,1.0
Low,52.115535990219236,0.005594155881869511,1.0,Omnivore,1,0.3506336595591073,0.6205830982898218,1,0.5444399182396505,0.5072368018672401
Medium,60.486105200102045,0.04278326824726786,0.4135783534676192,Omnivore,1,0.21585110606754182,0.17483976138441276,2,0.6098678972452818,0.6406599142024605
Medium,49.91271605990496,0.24406345104292526,1.0,Omnivore,4,0.5477017463394489,1.0,2,0.8087734356097268,0.6193718793623162
High,63.34906253880391,0.31429128583685656,0.499718696108889,Omnivore,3,0.6354026761382997,0.27609704941030955,3,0.9312889870828357,0.6993625010430281
Medium,33.866674610470874,0.5333381148925721,0.9774521280376756,Omnivore,1,0.06195449750035115,0.0,2,0.7791476733616068,0.38084855418146224
Low,51.80937301774918,0.8579952227273586,0.8710478026456141,Omnivore,5,0.3946422830265027,0.5524318890539381,1,0.7225280183471627,0.5216138618643457
Low,43.61818199477149,0.7367502209132274,0.4113269014587246,Vegetarian,2,0.15492467778491903,0.4645723899597624,1,0.5985304586152805,0.599224405657861
Medium,62.03007521838436,0.2156090630821904,0.7835045554247229,Omnivore,3,0.6946042387958491,0.398442743052688,2,0.779266240860104,0.6645132705478497
Medium,74.91671063263361,0.49929925602578584,1.0,Omnivore,5,0.7437873928877177,0.6873113450614003,2,0.49669385696417645,0.7139391315467285
Low,69.69009280671827,0.5078942095312776,0.9823033649171338,Omnivore,2,0.7293077473172864,0.3453680210257989,1,0.6062753604501532,0.6484072948757427
Low,24.425109587116616,0.8102058495033355,0.5493727441672874,Vegetarian,4,0.3482203118450605,0.0,1,0.7207840461983495,0.5215154846095141
Medium,90.6310447939182,0.9391216031061648,1.0,Vegetarian,1,1.0,1.0,2,0.35789706702519697,0.9248650736977317
Low,64.42919910931303,0.909718311907776,0.8414094100344094,Omnivore,5,0.6798909765287376,0.6284960369973503,1,0.692953352449023,0.6491548254525756
High,48.35251289260499,0.7092452505028752,0.7476298629917133,Omnivore,5,0.6065605088392793,0.29149785247374915,3,1.0,0.5407128752656011
Medium,62.35691878486411,0.694274746435863,0.37403518386577483,Vegan,2,0.9873799558561398,1.0,2,0.7658888199477712,0.914911662406058
Low,62.64284733754039,0.11180037123393716,1.0,Omnivore,3,0.8197389275206939,0.4335300703313837,1,0.7458744648620298,0.705345801659314
Low,49.99726924572654,0.5652889599539821,0.4271029149070057,Omnivore,1,0.5436179770202938,0.5944022356468006,1,0.5396542906893226,0.5029584461009505
High,62.96875001013113,0.44869180947113513,0.8431884434872099,Omnivore,2,0.6610354554270146,0.23087795142671036,3,0.9466111624513112,0.6257445115837447
Medium,50.88791568569539,0.4317168850266111,1.0,Omnivore,5,0.3430380650069358,0.0,2,0.855874790574872,0.5095183969208708
Medium,53.934570109649655,0.6340505083067194,0.4851261275038916,Vegan,4,0.4100578284525881,0.6338001917895324,2,0.865535678736064,0.8655356305679421
High,49.705812963673736,0.4569859378537811,0.7759023547892098,Vegan,3,0.47732682673335114,0.589544193533235,3,0.8955221532706169,0.5953367187287447
High,38.50993065390521,0.2521850577967611,0.43323456249286685,Vegetarian,3,0.31438016520749223,0.8952951941146708,3,0.9092679274155446,0.5527120044452674
High,62.18754705323076,0.21023385640875752,1.0,Omnivore,5,0.9989710059428544,0.1808572936302983,3,0.9844245264891196,0.5981731257170195
Medium,68.77949154774507,0.022159535544521547,0.908238625611876,Omnivore,1,0.7623667649398183,0.0699339380285916,2,0.6770393509773667,0.5655816158023028
Medium,67.72325394114559,0.008349737513769662,1.0,Omnivore,4,0.7353460551464233,0.38015566378129184,2,0.8834741915900045,0.6681583608097431
Low,72.29887878952852,0.21035505655787548,1.0,Vegan,2,0.957624272658265,0.7686703767046317,1,0.19357628901678467,0.8467387048838896
Medium,64.86510315022302,0.23948871457012988,0.9730589981965132,Vegetarian,4,0.6852630883543311,0.0,2,0.9674419981652382,0.6525480526368352
Medium,52.00911752674645,0.22122151418229918,0.9854368337926767,Omnivore,1,0.46492142298813566,0.4573241714679718,2,0.7074599265657252,0.5084671309262455
Medium,72.59495796646783,1.0,0.9121948897192029,Omnivore,5,0.7776159080374998,0.4662791035246615,2,0.5033413876343655,0.632993485655642
High,39.63723690237097,0.5060061052089433,0.5826149175792378,Omnivore,2,0.4776698712734193,0.2105408105697173,3,1.0,0.5658563978220057
Low,46.4899292623128,0.1274207833593991,0.8805675693323987,Vegan,3,0.7449351375036468,0.12425613412017372,1,0.6582934606850175,0.7831719618892532
Medium,45.53699892865133,0.545562544167758,1.0,Omnivore,3,0.18387833632227668,0.7125409646295336,2,0.7349414018644583,0.46854594253535536
Low,76.20084088708965,0.9579574553975083,0.7976845848668862,Omnivore,4,0.6141524195253636,0.15667674551850658,1,0.3447390608422391,0.5218591092652324
Medium,74.14182771210113,0.7780603767876751,0.685119164934301,Omnivore,1,0.7268351052527845,0.9023416807879721,2,0.3679864297326404,0.7107942356080933
Low,67.30957855567492,0.2960820891354503,0.7249848313309487,Omnivore,1,0.8605411521036336,0.7060613175391008,1,0.5577957150236151,0.6447056915099137
Low,76.07894797817696,0.6616161597914549,0.8157923701024844,Vegan,2,0.9182384670630035,0.490531579060052,1,0.25618738058133106,0.871484334051423
Low,46.810758263820176,0.7148559742004091,0.3076148202968171,Vegan,5,0.489774954805211,0.8524183712387061,1,0.8223697411209667,0.7645723441945151
Medium,65.22892679791471,0.7281044923677423,0.8245864744245679,Vegan,1,0.8561493572672205,0.0,2,0.692765679233558,0.857260578586792
Medium,58.12238357425254,0.6665384552976888,0.7849261659213222,Vegetarian,4,0.4464489765658637,0.7840306912297559,2,0.8919501596081089,0.6665481142250443
Medium,72.70323155827371,0.970810424775618,0.9519599854318918,Vegetarian,2,1.0,0.2756406247557862,2,0.4077759583564383,0.7524719426116776
High,58.271636511717034,1.0,0.6541782130299166,Omnivore,3,0.4155766437386847,0.3482074241832124,3,0.9873504452657492,0.4888733599754432
Medium,54.22585667384878,0.5789365594070033,0.8842368793248336,Omnivore,4,0.19947878952985137,0.5453478079449496,2,0.8996768153561566,0.4649803511610147
Low,68.11362777841485,0.4298563691112123,1.0,Vegetarian,4,0.8021714888575376,0.8815254824509156,1,0.7028538121677209,0.8306546072444867
High,73.1425375078685,0.9415702955650999,1.0,Omnivore,2,0.44476796096248905,0.3227809837059963,3,0.6000362005397631,0.5678908415599685
Low,49.97482207729797,0.8182120013704631,0.8334863265275395,Vegetarian,1,0.3979691327508563,0.587601500842069,1,0.5973279729917327,0.6285522967102634
High,59.08386492971436,0.20565210484118474,0.3380102786188849,Omnivore,3,0.5622048292327454,0.36071761139727804,3,0.9044309774964991,0.5004718168915044
Low,44.123390495375205,0.9919970090148511,1.0,Omnivore,2,0.5242116807486114,0.11141629954478177,1,0.6572167825637528,0.45252578406947574
High,22.529084737605906,0.38289377232919924,0.8185074845842858,Omnivore,5,0.427877678756003,0.0,3,1.0,0.45743892922038815
Low,63.00689447120593,0.4702489856599762,0.6509981209096818,Vegan,2,0.360131223268587,0.4111427657386604,1,0.5989749724697638,0.7283237840514551
High,69.13358034381947,1.0,0.4928256026828208,Omnivore,5,0.46623122200991207,0.19208841166620855,3,1.0,0.5398486472795307
Medium,63.93100213630088,0.22504039904419937,0.46307362291777937,Omnivore,4,1.0,0.16605091538487776,2,0.8304826239502983,0.6623014951060235
High,30.756574233684493,0.6767952239003832,0.3215272773080252,Vegetarian,5,0.26533512729617176,0.1102114710592739,3,1.0,0.5578472701382415
Low,54.73725854885288,0.13258218018117918,0.3192588143580847,Vegetarian,3,0.21870194068447213,0.38482024951730665,1,0.6466898430013619,0.6263971479572551
Medium,26.72478359923378,0.3950763253881926,1.0,Omnivore,3,0.06553594227020793,0.05815662917574779,2,0.807760778584836,0.35826763453577815
High,80.54551661481277,0.47713545479300257,0.9434958159014002,Vegetarian,5,0.6999684187289541,0.6920224761063463,3,0.6382732235558933,0.7643750362709733
Medium,43.70918126822871,0.363627748771157,0.9185053190549808,Omnivore,3,0.4380891134169972,0.8697718256701281,2,0.7972327241148551,0.5883716653259218
Medium,78.83105414189845,0.473464216792722,1.0,Omnivore,3,1.0,0.45570782831306167,2,0.34978089105200255,0.5914339302659893
Medium,74.18804465526219,1.0,1.0,Vegan,5,1.0,0.35017424974435984,2,0.5410859371960244,0.8916239617708744
Medium,46.49114471195907,0.9948130293037722,1.0,Omnivore,2,0.30001659927143187,0.10663497159205038,2,0.8260195445050994,0.49924923516458347
Medium,43.008225730983824,0.11478627866061242,1.0,Omnivore,2,0.316487024118428,0.0,2,0.717028617693183,0.4146756230915119
Medium,65.25555324579507,0.7259687793283472,0.765348380970915,Omnivore,3,0.6822568957176499,0.3533722707910586,2,0.8040756111240623,0.5385148087879765
High,47.33513944225393,0.25174547966910116,1.0,Omnivore,2,0.32814434462594266,0.928875724732494,3,0.8140287625192901,0.6246161837239432
Low,61.53726963237311,0.030192015337188627,1.0,Omnivore,5,0.8539385643513251,0.5337976729942268,1,0.6968628294586259,0.6077221076504641
Low,52.757586137896226,0.10533389424496431,0.3344561209975596,Omnivore,3,1.0,0.3183486347254075,1,0.5736533008687199,0.6352552866925774
High,33.282623783015495,1.0,0.8481962401274229,Omnivore,2,0.3370929494142768,0.4350438985307497,3,0.948652346058681,0.4930393831477844
High,26.542979713133114,1.0,0.8194315581705142,Omnivore,2,0.3311153727660907,0.09224558617229117,3,0.9640619686759143,0.38304738918424047
Medium,63.40026372741896,0.19392782028068045,1.0,Omnivore,5,0.5168101586980025,0.899874091164742,2,0.9416232768167617,0.5413902776843467
Medium,51.576633805040615,0.16167233555371152,0.6308153014952951,Omnivore,2,0.5829154786039902,0.39230469039324556,2,0.7626737580265492,0.5730277816550011
Low,51.703652746288014,0.24053508651594702,0.8434297640032579,Omnivore,4,0.305001213222993,0.8504861520734944,1,0.6859988564719393,0.4798756921538112
Low,70.43795758640678,0.6155469940751421,0.36437733894377644,Vegetarian,1,0.5145570449199763,0.6657666842141738,1,0.26616894495704824,0.7440907617868995
Medium,77.60163414948667,0.6697046320354099,0.7200834129287694,Omnivore,4,0.4126274900780125,0.8055193109641064,2,0.4872663936896319,0.6108057109823817
Medium,55.91182917957286,0.22159343043944735,0.3418028720566452,Omnivore,4,0.7223027508492121,0.4202320732332485,2,0.7864001212782968,0.7056809900286554
Medium,54.89101939635208,0.7566227880899452,0.7963280697466574,Vegan,5,0.8266719128391699,0.7481845700210898,2,0.9148889556758446,0.85707908393596
Low,67.50214549670825,0.30955316940265076,1.0,Vegan,2,0.8811496414100892,1.0,1,0.7099028145489394,0.8755092053602442
High,39.64596645450637,1.0,0.40467252440160084,Omnivore,5,0.41524110012724097,0.49142094274749826,3,1.0,0.5509695579683599
High,63.347295821215454,0.8567227064567307,0.8441775246638558,Vegetarian,2,0.5708075486866382,0.47350932109267074,3,0.9206459095547943,0.7419738852843256
Medium,68.27828957733232,0.4363511943036117,0.5454000843974287,Omnivore,2,0.6642355890621966,0.8614309042334413,2,0.7936360815689064,0.5883023455793026
Medium,70.20345312626444,0.8899120017028453,0.4717057334775626,Omnivore,3,0.49817324160082277,0.44373815281338047,2,0.39488560532258443,0.6060150190939408
Medium,30.948709462463025,0.8179146260466648,0.6657403392466575,Omnivore,2,0.4976698961371415,0.6829933907733247,2,0.8332665307524025,0.5469636282894546
High,48.57967095286589,0.49048160560894366,0.32204697571405705,Omnivore,5,0.6954788492155235,0.25258577502807056,3,1.0,0.6099022724942287
Medium,46.826051207648,0.33971454383608435,0.8214848871762294,Omnivore,5,0.25576743887673314,0.3684307779353739,2,0.898409923300726,0.4303871784920832
Low,61.498304316138196,0.9359551537286034,0.33882898225741725,Vegetarian,4,0.42812038356086424,0.7733916558356891,1,0.8267325791560995,0.7220062939035898
High,67.21116869651976,0.36474103836327193,0.44277081535097434,Vegetarian,4,0.4069482343016796,0.0,3,0.9782204980687609,0.6364503397169018
High,82.45065611168972,0.34215041696293425,0.9622507660458064,Omnivore,3,0.7735972460711501,0.7815431623725098,3,0.5812255165507425,0.6856969553292183
High,52.575517794478905,0.6540553226095491,0.8542850018713084,Omnivore,4,0.5214133068036068,0.4859047899470119,3,0.8973070258737461,0.691657798132375
Medium,52.53641252536179,0.8012099002436289,0.291668992720567,Omnivore,4,0.5386543175493766,0.29828049303875886,2,0.9137658959368846,0.4832478401800525
Medium,77.24508028318121,0.8716681063107458,0.9596021894174644,Omnivore,3,0.5060219162364692,0.5464332070815737,2,0.5047324792071999,0.5982148433674829
Medium,64.44865407795457,0.9195306289128325,1.0,Vegan,3,0.49806163818473875,0.28354803677602214,2,0.8822861341188815,0.712106055664556
High,79.01477266781961,0.8332006643690403,1.0,Vegetarian,3,0.6440775989974188,0.3699233785718573,3,0.5646406869278956,0.740755858471239
High,64.33092004514755,0.3000646715665333,0.4528397041465364,Vegan,4,0.7894945565267172,0.41165988848970997,3,0.9053937552489586,0.9130472149896658
Low,42.64325071930094,0.5886889743360161,0.8056909011601195,Omnivore,4,0.22723213274541476,0.05660102738981643,1,0.7667949222668635,0.5080170133165154
Low,40.0030746783329,0.7783956143532116,0.872267873465878,Omnivore,1,0.41090198573263426,0.4864203285543096,1,0.5364341465121067,0.37943354058348044
Medium,36.72731626411607,0.0933281202698264,0.22086778307287214,Omnivore,1,0.2255640779706236,0.09028395694247662,2,0.6245602600015321,0.5065568010577801
High,69.9307775213771,0.37265740109758977,1.0,Omnivore,5,0.6609893240202687,0.8223000471498982,3,1.0,0.6292962466270325
High,77.82895234630513,0.31229066115567095,1.0,Omnivore,2,0.9674038282595614,0.3646384176785842,3,0.5148250336643976,0.6506414341208174
Low,87.74043212079572,0.6936525794468104,1.0,Vegetarian,2,0.6296352809288036,0.344684547249644,1,0.2801515393419164,0.7433452465184485
Medium,72.6465799848486,0.9867343919459044,1.0,Omnivore,5,0.20505577807820696,0.5396511242393096,2,0.6506193617389238,0.5259857060400759
Medium,77.44257866302479,0.7706633160020995,1.0,Omnivore,1,0.5066778330962931,0.2980993065413466,2,0.33541819325437716,0.5691599562105742
High,51.29975501019473,1.0,0.8899308063329338,Vegetarian,2,0.5964610817753677,0.3863977174182675,3,0.9666155002635408,0.6238178114926125
High,42.65376274884215,0.26303365249976157,0.8918958187324626,Vegetarian,5,0.18703654647642268,0.11878759564195418,3,1.0,0.5506411138024095
High,72.7511899862633,1.0,1.0,Omnivore,3,0.584977473869982,0.22792102652842344,3,0.578135699510993,0.6461809296887928
Medium,66.26521128359101,0.8140682873866807,0.9938245147792597,Vegetarian,5,0.7534399798217829,0.17772322603302243,2,0.9686645880734984,0.7082832820156466
Medium,61.61166561511339,0.31424152049950493,0.635785284757638,Omnivore,2,0.7768973522370444,0.8655555056748812,2,0.7043505641906312,0.6601962032493848
Low,65.81057220949485,0.9735265518372518,0.7050139632088281,Omnivore,2,0.8646421425035626,0.7587285118814271,1,0.7054648701007036,0.7113643288295283
Low,64.84778223687309,0.28793774817141504,1.0,Omnivore,4,0.7592823219823657,0.14729580224836042,1,0.6324769833688206,0.6596655724071204
High,79.25725289780343,1.0,0.413408350286179,Omnivore,2,0.5674210999582472,0.4226165245934013,3,0.5967764992479018,0.6206516898906924
High,79.42478377225433,1.0,1.0,Vegetarian,2,1.0,1.0,3,0.5975926329060508,0.8508488888541951
High,68.16330528510521,0.9576576166029724,1.0,Omnivore,4,0.4930530112659991,0.5592710619783248,3,0.9710576693481449,0.6225174433794937
High,72.68704308844393,0.8634704738128519,1.0,Vegetarian,5,0.5996316311393248,0.5027572518285552,3,0.7061491119454606,0.6812379143044692
Medium,67.71093828637164,0.12000274961688806,1.0,Vegan,4,0.6760103050926388,0.5964795649047692,2,0.8932169307841235,0.727625082937662
Medium,53.082454019480714,0.5319717344964983,0.9529571756257345,Omnivore,1,0.586570365673917,0.5214337416711665,2,0.7179287706549466,0.6061985292606457
High,71.3484701236971,0.6567962556549346,0.39110537983534654,Vegetarian,4,1.0,0.5913378239493473,3,0.6225726607803821,0.7809009012491845
High,39.082573967111074,0.9922170331553517,1.0,Omnivore,5,0.2642674556605057,0.08489966105897767,3,1.0,0.41306772573417444
Low,75.80837328443825,0.8581292064968449,0.6636717783615103,Omnivore,2,0.834166841346561,0.035189756735181654,1,0.264952443204837,0.5268611238819433
Medium,42.082155903509474,0.9106125073726052,0.6564680051819883,Omnivore,1,0.2953816428587521,0.344668305030468,2,0.7272852933000996,0.4403325575474043
Low,64.28704930192099,0.014830162431707872,0.6335271624166869,Vegetarian,5,0.9643714199273645,0.0,1,0.7291246362834821,0.703790998670667
High,47.32269062360761,1.0,0.5051675593277175,Omnivore,5,0.5586699397128098,0.24768518143794943,3,1.0,0.6031661880703475
Medium,68.30083474611641,0.9384620531246688,0.7729098774003674,Vegan,3,0.9408620090951656,0.3725904388760026,2,0.861643434506202,0.9497002385586671
Low,59.49112161108137,0.7893004491081501,0.6762070564960806,Omnivore,5,0.3643638939404803,0.27826134658866786,1,0.8386833522342237,0.5106154657300698
Medium,36.078660627550015,0.1301944598703667,0.8137318849803394,Vegan,2,0.24856309432521773,0.42797245920404914,2,0.7371096075228439,0.6920769090652759
Medium,66.31049446527719,0.08127910484088774,1.0,Omnivore,5,0.7128366458172227,0.4885946397227827,2,0.8437872795675974,0.5666723742863152
Medium,51.33118834750934,0.02084523980770081,0.5537445949247874,Omnivore,3,0.7743311740638821,0.5697625933645387,2,0.6654952674182797,0.6207464465894619
Low,73.21720081220053,0.728745225828071,0.5798071568830201,Omnivore,2,0.9306262104446026,0.07109847888443055,1,0.20361197117837637,0.619133101103224
Medium,60.019885331016106,0.6296726518598873,0.9669946975254229,Omnivore,3,0.900284330987423,0.7271514368270194,2,0.8087361244444016,0.5938877881225961
Medium,65.93131478082057,0.9869137142182123,0.9999766397348845,Vegetarian,1,0.9275799137837599,0.8254152310255561,2,0.7808030767390485,0.8565020146059935
Medium,45.63646567477182,0.39804317410409573,1.0,Omnivore,3,0.6121103134755016,0.36528849256188034,2,0.7002821615457382,0.5601723269859039
Medium,51.16001652858957,0.33190628489749674,0.2717457690962587,Omnivore,5,0.54227444273907,1.0,2,0.7977792289908389,0.6454362992791971
High,53.120420458483736,0.8244249271843924,1.0,Omnivore,2,0.3082148616791355,0.645224731489841,3,0.8412919596927594,0.5128663700937575
Medium,72.85053720363834,0.9256086725075939,0.8852548589665487,Omnivore,1,0.2995850595417866,0.5968507015641842,2,0.3422604282843203,0.4497596821033099
Medium,85.16065631708234,1.0,1.0,Omnivore,4,0.8764741305407567,1.0,2,0.43781862126363463,0.674295343976991
High,47.92242372385685,1.0,0.330983559180699,Vegetarian,5,0.6397539856911092,0.4245942035014573,3,1.0,0.711923946175987
Medium,76.1527221698652,0.5266739806158047,0.8133785437213716,Vegetarian,5,0.21667606866204092,0.3575687172786528,2,0.4870590683211556,0.6191476986918305
Low,27.454838734114468,0.6349142353120641,0.36457660090909616,Vegan,2,0.03972350122971263,0.472129205208972,1,0.5391315976976171,0.6405477774597814
Low,42.08715898361566,0.856299326716117,0.46466082500058736,Omnivore,3,0.21756633197216674,0.8047467901192007,1,0.7410975426805566,0.4869258974531024
Medium,45.618323157198375,0.49060968831173946,0.7321867304620193,Omnivore,3,0.4186611531107135,0.0,2,0.8019510947138373,0.4796311106296927
Medium,39.712369658389164,0.2166866437053927,1.0,Omnivore,5,0.41776755891964434,0.1919544450910323,2,0.9292011482072421,0.48220187763393924
Medium,36.2461741531863,0.16972343974787296,0.9250118009107876,Vegetarian,3,0.5787496007850637,0.149256209470065,2,0.7727869447146998,0.5570310080470419
Low,66.19498368206696,0.0001577445780567288,0.9219748774962886,Vegetarian,5,0.3987690827293974,0.16899824921183781,1,0.7812469786043273,0.642065999959422
Low,56.788984534082076,0.7182379949812843,0.8233631154238774,Omnivore,1,0.6367351987127599,0.38859614774786233,1,0.6076228147222926,0.6569476970684861
Low,65.69108096407665,0.1110972088459905,0.7557614480548731,Omnivore,3,0.3794942213638201,0.31269074150401593,1,0.5466207727346903,0.5139358166944532
Medium,70.3570902918227,0.3438390996959404,1.0,Vegetarian,3,0.8707262136200125,0.7125982685120387,2,0.36202626496582563,0.7030418251050323
Medium,63.984254897588,0.29787633152279336,0.8801138287221733,Vegetarian,5,0.5435151626892689,0.6813920892713246,2,0.8512159467454066,0.7408052454151964
Medium,69.86644764225561,0.5603798601367683,0.6032986365235001,Vegetarian,5,0.4562354119545673,0.6238793834535518,2,0.7972112495992686,0.6248155826192261
Medium,58.95701570636596,0.39795727729576924,0.5248758705718694,Omnivore,2,0.4551185022604089,0.5546165799495889,2,0.7885880047729883,0.5151772310533378
High,42.19509917541383,0.8746739920231619,0.8223285266522109,Vegan,4,0.19888259428578414,0.8030428917123822,3,1.0,0.6907816566932532
Medium,75.86721271231194,0.15563865932870272,0.9021635908724884,Omnivore,4,0.7771032924312529,1.0,2,0.4923191557923131,0.7387150401765966
Medium,51.1633180082831,0.12393919426443945,0.2635143929961283,Vegan,5,0.6364462575073826,0.608971140780812,2,0.7855500704229367,0.8147576368858287
Medium,45.966055518563614,0.4992115035332667,1.0,Vegetarian,4,0.6659053483989834,0.2312037940274382,2,0.7972942552959332,0.6322007171642877
Medium,57.331231862934025,0.3369647878468298,0.9907785135471048,Vegetarian,1,0.46954336087399107,0.5616251058792746,2,0.6390101188068444,0.5988282794090419
Medium,46.3078362105523,0.2958133627513597,0.893368470730865,Vegetarian,1,0.7406686250104186,0.39515936499250276,2,0.7585486772841818,0.8143958162328896
High,53.73854427015851,0.26702807903752274,0.33747337904845154,Omnivore,5,0.5325124159609314,0.6525921141342003,3,1.0,0.588414675467726
High,65.160808823452,1.0,0.6878598942897514,Omnivore,2,0.9046325261793716,0.27751788531930743,3,0.8890717644193324,0.6800015475140141
Low,65.22512608869191,0.6918185861250508,1.0,Omnivore,4,0.6207988220782252,0.767177588645165,1,0.7422845400290258,0.655526298395646
High,46.53254900361556,0.3216181568196494,1.0,Omnivore,3,0.419133262212348,0.41238921228527864,3,0.9682412886642161,0.5933411894616447
Medium,52.68441940576883,0.06504595773714061,0.5489650348983776,Omnivore,2,0.6425306162584917,0.41364120163927887,2,0.7041874534144836,0.5221666313194383
Low,76.11499507155366,1.0,0.537633859456907,Omnivore,1,0.8227406926532156,0.6208026478511924,1,0.30379640287284854,0.6971063078131651
Medium,67.44600176600912,0.6811725504395049,0.7863179659986227,Vegetarian,4,0.5636432282651732,0.9663854339634654,2,0.7486977179246457,0.7282502186937414
High,91.12597559022812,0.7174560710937415,0.8114602566188015,Vegetarian,5,1.0,1.0,3,0.5780528647420431,0.828028289169448
Medium,77.7019226061229,0.8017310407557848,1.0,Vegetarian,4,0.5856806813952694,0.6829720644109696,2,0.4896790169692366,0.8059702663415529
Medium,77.16439602839908,0.8563317864801591,1.0,Vegetarian,1,0.8873318815549882,0.4235845533013071,2,0.2789915607653365,0.726973011991498
Medium,39.181971743162975,0.7799622023887793,0.5589113086983764,Omnivore,4,0.498715451966314,0.323023424230506,2,0.926989149515282,0.5345531563832877
Low,71.45790527450134,0.5778773056530576,0.4195136990247487,Omnivore,5,0.9274976701420136,0.6881591796552977,1,0.28131723703428807,0.7815408033997117
Low,59.20339797454634,0.429882758124848,1.0,Omnivore,4,0.8088739574953678,0.5418307294619946,1,0.7282320716496651,0.7175997362985331
Low,51.73527294692626,0.01102808426890034,0.2966260949745021,Vegetarian,5,0.4809642358927208,0.4820368961544981,1,0.703853519731366,0.6017368267417038
Low,62.52023010798793,0.926557115141838,1.0,Vegetarian,2,0.6317604885816682,0.4679250413689285,1,0.7374581368060129,0.7469004517738398
Low,74.17817301917225,0.703307878388943,1.0,Omnivore,5,0.7349394338013977,1.0,1,0.3328071500045571,0.7248704508414419
Low,67.51247386506317,0.2031539371899681,1.0,Vegetarian,2,1.0,0.4816640146059046,1,0.65433052899182,0.7242002494817263
Medium,46.8228929798691,0.9196034194214366,0.43377415154832377,Omnivore,1,0.5984244922723087,0.631634218911747,2,0.7842436454949024,0.48370312450185654
Low,71.13688370388931,1.0,0.39638421377325417,Vegetarian,2,0.92012414211634,0.13971972136728344,1,0.20460122713342022,0.7405855899798345
Medium,50.436186868860545,0.9891841643660959,0.7403909126207946,Omnivore,2,0.45415198848388294,0.25038899852195645,2,0.7553385628560068,0.5771962687751515
High,63.250246784464295,1.0,0.7668746484924467,Vegetarian,5,0.4071652982894488,0.6149908331448217,3,1.0,0.8149281651726078
Medium,55.44974898784299,0.9977843878200647,0.6087410181940978,Vegan,3,0.3674036935806424,0.4527007636355194,2,0.8596761916671395,0.6993612227134761
Medium,56.71700622396561,0.24468618812327259,1.0,Vegetarian,2,0.7696696956741429,0.8377031154887481,2,0.7199208707422893,0.7602432047093456
Low,71.49364462560764,0.9422495851992341,1.0,Omnivore,5,0.5686146089878945,0.6765339816978727,1,0.48464673090100335,0.5723824337578761
Low,44.39709420276153,0.8230283087957645,0.8835674923894009,Omnivore,1,1.0,0.7673538113015512,1,0.6245533395760052,0.7448794900375922
Low,89.17792611415399,0.3309403592207337,0.6087479222085976,Vegetarian,5,0.8106493368858074,0.8892130276803045,1,0.29319623197982336,0.8454835186556666
Low,32.68370896058255,0.09843754900099078,0.8977419530214374,Omnivore,1,0.39707974592959616,0.027389043334373753,1,0.48428767593562244,0.4695146419609833
Low,51.03498475117714,0.9794205136775996,0.9821873784556097,Omnivore,5,0.5802321656196844,0.3675551542044527,1,0.8212775983431196,0.5613557686043797
Low,65.55317834912611,0.29602455152061036,0.7528340653616381,Vegetarian,2,0.6914273943994469,0.5072994760663019,1,0.5930493002299312,0.6783481549275456
Low,68.76471249652965,0.8708917904678061,1.0,Omnivore,3,0.44367113254297724,0.9562744812633306,1,0.725028430328921,0.6674403576121879
Low,58.492864191424424,0.0041271546746038945,0.45944220318613255,Omnivore,2,0.6344793217475333,0.4132143055540423,1,0.5935849911061475,0.6366229151621775
Medium,59.13913945497686,0.021024807219602204,0.5630332596865486,Vegan,4,0.6391913551154269,0.451877134845536,2,0.8812908297147981,0.855385065986831
Low,66.15825127991425,0.4658713086963684,0.3940155956502049,Omnivore,5,0.601711378035794,0.43156376351351794,1,0.7273808228775316,0.6487804377397576
Medium,56.533957838134796,0.23871468393506357,1.0,Omnivore,3,0.9356328552321916,0.5077917514309692,2,0.8944033492879321,0.6033309699229048
Medium,80.89771886902359,0.7898412834359643,1.0,Vegetarian,5,0.47659626727854665,0.8698236282248897,2,0.5765476564558963,0.7343235525362936
Medium,72.59023671347403,0.6655643255679543,0.6778914892486196,Vegan,4,0.42364787160142703,0.8152959351600466,2,0.4811410597632287,0.8330484295405551
Low,73.09236526508452,0.17748579745049145,0.529275489919738,Omnivore,4,0.8816654913762745,0.515121881939675,1,0.26084804149536683,0.6425977912455666
Medium,45.50764914944374,0.16262829631571707,0.2676860157759591,Omnivore,4,0.43764966218093454,0.0,2,0.83632208242523,0.42140089235871386
Medium,58.809173633914455,0.3880492700584143,0.4607914367955089,Vegetarian,2,0.4121115910103526,0.5728169217719498,2,0.6501420355726173,0.6432811783995889
Low,55.493010769189446,0.18560406395543316,0.7307497001836054,Omnivore,2,0.5939333451306769,0.49293747199850985,1,0.5638227921199979,0.5867157806905205
High,44.915979364658014,0.9922223472439287,0.4717568658338962,Omnivore,4,0.6410352403114259,0.4201153390341843,3,1.0,0.7272032300391342
High,65.4024627591865,0.6160702355532801,0.5859944912278993,Omnivore,5,0.32785119675847074,0.5468793254257281,3,1.0,0.6158559271193604
Low,51.935313633302755,0.09343186684249927,1.0,Vegetarian,2,0.6639275598864881,0.5243929253428341,1,0.46439911718623683,0.6533026392621216
Low,69.83105744775355,0.48434290227212484,0.8642929606998684,Vegetarian,1,0.7644759335645089,0.0,1,0.48271018937401067,0.6560648121216568
High,43.947126556585026,0.2908381810614142,0.9489876059113398,Omnivore,2,0.393574153472142,0.41000807552805524,3,0.8638616283492494,0.4541756962183194
Medium,85.78560919262732,0.2289373054198172,0.4646389949912797,Vegetarian,2,0.9069768691900922,0.41670051119842916,2,0.33972112468894466,0.8323756466757497
Low,46.555010121119075,0.2396098320282053,0.597938406283624,Vegetarian,3,0.5180451041595149,0.743367632701523,1,0.5822289891937983,0.6519704598333262
Low,63.28953505800654,0.8595277052474898,0.7956170226854745,Omnivore,5,0.7428671248885708,0.564412706176595,1,0.7179565166736881,0.6248575422555844
Medium,71.87788965582101,1.0,0.5458063034892897,Vegetarian,4,0.5217614472299128,0.38172129039204317,2,0.46368569103215473,0.6623475041353916
Medium,51.44039354699831,0.8262577293320691,0.3773935091805302,Omnivore,2,0.7318985716135997,0.0740433805983911,2,0.8792797491566233,0.6713899921206358
Medium,72.78702965149427,0.4340772174178472,1.0,Vegan,3,0.9263347298490507,0.3496996465147592,2,0.5252379815480817,0.9309484081339359
Medium,41.562246032993755,0.27244644110883165,1.0,Omnivore,5,0.6199758581278892,0.15362004378461022,2,0.9036885604161959,0.47270705057084766
Medium,81.7817654877384,0.6491556907902392,0.4877155254840994,Vegetarian,3,0.472781917594581,0.6935333181568003,2,0.4285013733232526,0.670386176809952
Medium,60.212238974486375,0.7218531605331123,0.650079907414875,Vegetarian,5,0.8309964978839189,0.143724309809741,2,0.9785434918140256,0.761410141181108
Low,51.05382888046681,0.9933727881601748,1.0,Omnivore,1,0.43677764447950074,0.4980352424090076,1,0.5311506382910062,0.49161669469110386
Low,55.51227341358848,0.13157071187892622,0.3607231002004073,Vegetarian,5,0.6612744850607851,0.763472170916437,1,0.6855341777240805,0.7853640088299421
Medium,72.13378904089079,0.14929199902380444,1.0,Vegetarian,1,0.32499334666976964,0.9321463596092827,2,0.1602232970582716,0.7388676672932076
High,51.23317062224343,0.894355888995271,1.0,Vegetarian,5,0.375695649881846,0.31169859917135156,3,1.0,0.5627599593928373
Medium,48.759634658658335,0.8322257835039055,1.0,Omnivore,2,0.6556729160457181,0.39793697257939903,2,0.7810300032767087,0.601143001688109
Medium,56.67695103624393,0.8463487798664232,0.7546080860849629,Omnivore,1,0.6719685073442636,0.2737861104278465,2,0.6952396029091995,0.5955091515695575
Low,42.34556830845048,0.6784635490771607,0.37447694932463305,Vegetarian,3,0.20746409764987878,0.0,1,0.765088141745553,0.4471256112204718
Medium,87.30815861912723,1.0,0.6386251080730749,Vegetarian,5,1.0,0.5660621739329964,2,0.6120988954228039,0.8315014774010429
Medium,51.50408113177915,0.5110047635445869,1.0,Vegetarian,3,0.3518118675475337,0.0,2,0.7995217332863375,0.5556036837689057
Low,72.47425179270606,1.0,1.0,Vegan,1,0.6715268998231113,0.011315129245833,1,0.16016307651394013,0.7987837741368139
Low,63.14205125471659,0.967812136991523,0.9235899001471377,Omnivore,3,0.397395155074063,0.6169338683331466,1,0.7123281585200241,0.5591701623304951
Medium,45.23198924277048,0.8471574570031077,0.9923363456837637,Omnivore,5,0.5209898494761904,0.4528307464361791,2,0.9399730878964853,0.5587429314802498
Low,59.91067936180906,0.3097585632586206,1.0,Omnivore,2,0.8165770758013868,0.865169486993238,1,0.5553768570753674,0.6387606687977705
Medium,71.76004168966122,0.29621565117029525,1.0,Vegetarian,3,0.8945947257260035,1.0,2,0.3307516528739976,0.8165211395242329
Low,57.1760799737054,0.5481200649818184,1.0,Vegetarian,4,0.3902215836747017,0.5310903206246843,1,0.7169354285038112,0.5794956065862791
Medium,77.89669418776542,0.5530147503801884,1.0,Vegan,5,0.769730861668439,0.36622003634855577,2,0.5165762026238911,0.8262600791619433
Low,75.32273089172796,0.9777583421927329,0.9106159602061391,Omnivore,5,0.43871339439568796,0.3437468810781674,1,0.34385657350620974,0.5516842116074641
High,73.78372281987494,0.40003167106715376,0.6058749766875315,Vegetarian,5,1.0,0.3028122351257497,3,0.5418550169908678,0.7059505899505116
Medium,53.10514841590505,0.2577400613115186,1.0,Vegan,1,0.5348694034602431,0.5180945568062654,2,0.6587011451037651,0.7680506116771434
Medium,43.8023632832777,0.7517989445187085,0.692449684254663,Omnivore,4,0.5680218069414882,0.13968767658002482,2,0.8035934858668579,0.5961762921448954
Medium,50.796185919558084,0.09498664497731213,0.5487726136052997,Omnivore,1,0.547791647172007,0.0017992248261882726,2,0.619687029163925,0.47583063997782565
Medium,62.94361411000081,0.3207644140217002,1.0,Vegetarian,2,0.5042125718770405,0.6508153341118537,2,0.704504214519147,0.7500788937470808
Low,68.18680070298534,0.38715539405398314,1.0,Vegan,1,0.5710952613927505,0.8262808187311441,1,0.5613913839345628,0.8474489171571057
Medium,27.42642892859329,0.62259379656269,1.0,Vegan,2,0.3654131337832087,0.004561528312343105,2,0.7341635879269837,0.5303072854689086
Medium,59.878301975823746,0.15813264571936458,0.46483314989799646,Vegetarian,2,0.926165982706791,0.48863436639577473,2,0.7294894626150248,0.8772034375626091
Medium,62.371338379847764,0.8606044903497095,0.961045976535732,Vegetarian,4,0.5551362458890471,0.9582485758353358,2,0.8409125119531681,0.6858901493866322
Medium,55.836836155266724,0.44754223546627425,0.5234236488645096,Omnivore,2,0.7931981509968823,0.7452976065450323,2,0.7612141675563731,0.6459746333357961
Low,79.36910758523818,1.0,1.0,Omnivore,1,0.9782283192480961,0.38463365070191646,1,0.1837993225959078,0.712034185876256
Low,66.32670111376306,0.4678699136339316,0.431132919825431,Vegan,3,0.5993943466656861,1.0,1,0.6613658496780435,0.8508328642071711
Medium,79.65287862121346,0.37504025894073334,1.0,Omnivore,5,1.0,0.8792798058326081,2,0.5524772609909478,0.7881424782466228
Medium,56.760592194746515,0.14182882868767488,1.0,Omnivore,5,0.7714583822284029,0.9605436605706512,2,0.8547662178494092,0.7251862739121261
Medium,74.06216238760388,0.10374509471128482,0.7252286523027266,Omnivore,1,0.3115559786039136,0.5631068092563125,2,0.2527287860063271,0.5215944159801866
Medium,84.5259959179128,0.6321574849848356,1.0,Vegetarian,3,0.9855823451125068,0.4480587289876673,2,0.4354731686803329,0.7998408382336879
High,79.67540173908992,0.40715669692692347,1.0,Vegetarian,3,1.0,0.6521344671686531,3,0.5669063810434826,0.790899642241752
Medium,43.617876098569,0.3917277636311782,0.5127076801777484,Omnivore,1,0.2026942139883039,0.0,2,0.5700923672839597,0.39379917686921084
Low,56.194858836864285,0.5892717612370867,0.2885153869003201,Vegan,2,0.29921402108364975,0.7166916545161185,1,0.551635113721453,0.749483428031905
Low,54.822529418253055,0.2756858969027003,0.5707698232093261,Vegan,4,0.5898172019814684,0.29099039648488223,1,0.6894654887488258,0.8064723377080597
Low,67.3388180261449,0.17522429236611525,0.618004560601467,Omnivore,3,0.9891149047014791,0.6782588904230694,1,0.6996153276530109,0.6194677056221269
Low,70.295303325218,0.8747216226093416,1.0,Omnivore,5,0.4853608134827041,1.0,1,0.3133878100753844,0.6300922354215329
Low,47.41660988961395,0.9467911722816206,1.0,Vegetarian,1,0.1585911153868868,0.24881797083235915,1,0.5660840496153315,0.5091206299668584
Low,61.01757770875407,0.100440417861966,0.3755278745140307,Vegetarian,5,0.519486272932439,0.5083824054163255,1,0.7222384842334143,0.7082405205385663
Low,29.701090017657954,0.15559032438500786,0.6198002786216065,Omnivore,2,0.178449186290426,0.10736857739541597,1,0.5170047645581455,0.4325981210470366
Low,81.62917508702834,1.0,0.9564778739649374,Omnivore,2,0.4820639710541234,0.6365908707172303,1,0.27708183612781945,0.6723809850418941
High,52.314386389849595,0.2377842218122463,0.3544835932789513,Omnivore,5,0.4063090335774611,0.36561218170485826,3,1.0,0.45974284382495445
Low,60.83795909766746,0.9776323365504722,0.6816875046258599,Omnivore,2,0.6781409794277438,0.8068985899070876,1,0.6697303680678827,0.6552761347828644
Medium,55.35525429017908,0.004644483084988771,0.593858688843846,Omnivore,2,0.9248044548551442,0.7279773643923482,2,0.7105204880030581,0.6645449951414049
Medium,77.19041362520122,0.9736686556513313,0.9220084224530933,Vegetarian,5,0.8842248728907477,0.5750649514789651,2,0.49653562176384186,0.7056328595017923
High,17.437403379039317,0.5073251809877495,0.7483779166271346,Omnivore,5,0.3356062535110984,0.18133556072541884,3,1.0,0.3442605486604645
Low,59.75084486511137,0.9385888581772965,1.0,Vegetarian,1,0.3798458004988155,0.39754694952276287,1,0.6573471293856151,0.6123463438129182
Medium,58.41271863753453,0.31694528863558546,0.4288186168010602,Omnivore,1,0.5652350791499032,0.911364473793544,2,0.6998679671768536,0.6210844872747383
High,53.195454186124756,0.8543063215340561,1.0,Vegetarian,3,0.48790735894163706,0.0,3,0.8684415592574017,0.6645002448461116
High,85.89339818453449,0.3800325697659367,1.0,Omnivore,4,0.9241259577818312,0.48030324060935753,3,0.628987342862102,0.68952973256455
High,46.69005811716343,0.442329811453739,1.0,Omnivore,2,0.5862537156120775,0.5167938587967533,3,0.9146393076896654,0.5806071201293334
Low,71.57694265853492,0.8736793464792507,0.8072207727281087,Vegetarian,2,0.9063426753085801,0.8498236926794311,1,0.22020673327196116,0.8137734699202036
Low,65.34379183059126,0.5286858536788197,1.0,Vegetarian,5,0.6598197626336874,0.925240048610056,1,0.7424536283661568,0.7087740528666789
Medium,78.92278878803273,1.0,1.0,Vegetarian,4,0.6846333586007831,0.6577193368148181,2,0.4693296531130545,0.7366389006909365
High,49.99216372833742,0.6287514083413543,0.6883701510009567,Omnivore,5,0.744735914942803,0.23959840509758012,3,1.0,0.5741563243590575
Medium,49.00546651314362,0.8698123658139231,0.6261706478586967,Vegetarian,5,0.635081557323502,0.40021225300458263,2,0.9372127918439869,0.6030816444115317
Medium,76.44104861216098,0.5489554374782375,1.0,Vegetarian,4,0.88803887443426,0.9275497477134249,2,0.44255409640652865,0.8520343461976384
Low,66.37981962495165,0.9792482787019853,1.0,Vegetarian,5,0.6559100424531806,0.3687894261974945,1,0.8110825631383805,0.773111887461435
Medium,36.82593979984862,0.9598343813988768,1.0,Vegan,1,0.6115103412752421,0.28853294665072954,2,0.7396943968681223,0.8049036137990814
Low,51.91042478305094,0.3291367055560803,1.0,Vegetarian,5,0.26769173736498136,0.3426681272719764,1,0.7830516870844717,0.6261333683702932
Medium,65.79573980772092,0.8859236704168032,0.9382761383300189,Vegetarian,4,0.8365564404576943,0.9223904262362751,2,0.9303131496337067,0.8080723795478169
Medium,72.56646332319883,0.9476113742156492,0.47868509361975864,Omnivore,2,0.9032604430298226,0.2561747181370871,2,0.32733584403969607,0.5585068083112943
Medium,49.811540202105675,0.21068039732756283,0.5405383735896269,Omnivore,2,0.3179626126666444,0.0,2,0.7396957486842946,0.41247758379901617
Low,16.286160152745886,0.6242904007832697,1.0,Omnivore,2,0.026753598794688804,0.09871725526916533,1,0.5985286010798195,0.2789586385365067
Low,67.8483477860555,0.07268231558981486,0.658663837644482,Vegetarian,4,0.421501271801719,0.7514783266750396,1,0.6087821572731112,0.6713156509588971
Medium,41.69518965084036,0.8367107205834616,0.3017308180395726,Omnivore,4,0.5190287330327371,0.19426033701598072,2,0.9002138356432919,0.5449537078185105
Low,29.739918028163828,0.17454588350349654,0.8562529460601389,Vegan,1,0.0,0.0,1,0.5377166717104794,0.5726658130298649
Medium,17.515111125237887,0.07081470138576451,0.8215798101698737,Omnivore,4,0.21979347382331527,0.34078797720251486,2,0.9451093844522421,0.43173715261528633
Low,72.20971290296612,0.5002190955388112,0.6465062848019814,Vegetarian,2,0.5693334885376331,0.46837232603397805,1,0.08901628836051458,0.7287391825386526
Medium,61.929261756074496,0.5769221385996435,0.6073182881266762,Omnivore,4,0.4224312670664562,0.5836784244524337,2,0.834225313992838,0.529355034160445
Medium,56.61515428931622,0.854916958559771,0.751968756955365,Omnivore,3,0.1905284447067339,0.383434501368246,2,0.9610058915388825,0.4783834057857411
Low,80.83536544444142,1.0,0.42596577698446264,Vegetarian,5,0.6311072812951937,0.010451114496270453,1,0.36235882698737043,0.6995558664247645
Medium,69.55987024534609,0.43949251256986366,1.0,Omnivore,1,0.9815605364235782,0.6770501644239867,2,0.7121525480099794,0.7588209041174167
Low,84.24450064082875,0.16044692298527022,0.7383112904782694,Omnivore,2,0.6986054739652232,0.872754131595264,1,0.1762193274466613,0.6889361259151068
Low,39.10896791749505,0.7491155790258707,1.0,Omnivore,2,0.47505126336515807,0.26744794861042587,1,0.6292072906513076,0.4882853206446727
High,59.481740640690546,0.7651732562239375,1.0,Omnivore,4,0.37664113238876895,0.15744048550161938,3,0.9982927693071163,0.44085449750485206
Medium,35.749299375779785,0.44789134484446314,0.8401485299976821,Vegetarian,1,0.5626782067226364,0.8496379615468566,2,0.6705322471967984,0.6283069159968677
High,56.55926502216799,0.5092688787921897,0.6076711922101287,Vegan,5,0.686601947377226,0.5884604450031359,3,1.0,0.8206785656761478
Low,56.27076219349984,0.5023985278435357,0.7976703726286692,Omnivore,1,0.5171581266486821,0.05898163992233024,1,0.5407727824309634,0.5133962702924131
Medium,69.39920455894607,0.33867960445703094,0.7918252803926893,Vegetarian,1,0.7403412413175301,1.0,2,0.6991445179259856,0.7135162718095415
Medium,60.683458217128475,0.7570118677473603,0.6422991773343165,Vegetarian,2,0.6703544379860844,0.3221859967665346,2,0.7996213608725455,0.6133412228862192
Medium,69.35110707419874,0.5438936964926411,1.0,Vegan,4,0.49330699772410624,0.9775450953066585,2,0.9036056011798854,0.7815444552962589
Medium,70.55160199708341,0.976847774154112,0.8362650845630824,Vegan,5,0.5428290637866395,0.7844569682154057,2,0.600878632255738,0.8140314566734417
Medium,92.32393016074712,0.643543914649442,1.0,Vegetarian,1,1.0,0.8758861279692697,2,0.3229328025396478,0.9209496167551023
Medium,55.270550170708134,0.23826241333993003,0.38157122499536494,Omnivore,3,0.8620398506177298,0.877701261079653,2,0.7179304466320644,0.6837205194282107
High,45.88465949000431,1.0,0.3704480860503573,Omnivore,3,0.4882157002098485,0.0,3,1.0,0.44139309489074136
High,63.691254229746136,0.757219044930044,1.0,Omnivore,5,0.7754366921670319,0.7026255773409144,3,1.0,0.617200757530034
High,47.96579959290685,0.40684103814356126,0.8275974605706239,Omnivore,5,0.7205603534851975,0.2983958405821123,3,1.0,0.5940741587815296
Low,82.22941152654803,0.7235078099562221,0.9209167311317892,Vegetarian,2,0.7573544411110741,1.0,1,0.24651406414298815,0.8328773866323205
Medium,55.751729415821515,0.35771676494242755,0.8019147102232193,Vegetarian,1,0.5422117104465903,0.0,2,0.67589818948267,0.5856023838263213
High,51.51635448189015,1.0,0.47285054644231056,Vegetarian,3,0.6580321117948249,0.522957748941626,3,0.9845160955772436,0.5716477274865397
Low,52.93026418273323,0.4532997386465428,0.9833552704156392,Omnivore,4,0.9659972666668499,0.5559390820344133,1,0.7766192801563863,0.6699660539075478
Low,70.77626135207461,0.8264413581074167,0.4386619304901274,Vegetarian,4,0.8575974995359591,0.4099566636320015,1,0.3389290820524428,0.7370012444853836
Medium,57.63379525152772,0.09553620763623716,0.8614926893606618,Omnivore,3,0.6370581272267184,0.4025772376441768,2,0.7589768760620119,0.669564604657082
Medium,50.37499769804427,0.3960243463023462,0.8226437850761228,Omnivore,3,0.3863460199542217,0.28096117089654693,2,0.7511399278055176,0.4890126935570424
High,84.98027876435296,1.0,1.0,Omnivore,5,0.8382060319449921,0.4166180088793186,3,0.6880334239704377,0.6780317614002279
Low,47.15745239007375,0.8084602894771483,0.7619700720552292,Vegetarian,3,0.6090786361590423,0.11360831397678095,1,0.7312639943147827,0.6168576511986542
Medium,60.5334911104949,0.15994080236692865,0.439730151526654,Omnivore,3,0.7214759266892635,0.45629401737943487,2,0.7710458482692458,0.6328642900990572
Low,69.78459227415345,0.2777640494772551,0.9216762206189298,Vegetarian,3,0.5779357923674608,0.7841097975673981,1,0.6953228580360656,0.7533827369665668
Low,35.529973343743904,0.3298158088563611,0.2689775110840519,Omnivore,4,0.6172994910841036,0.09941144266642624,1,0.7024604474168035,0.44855118450245046
Low,67.20390752108888,0.6503655604954457,0.539813372905366,Omnivore,1,0.9342653105784162,0.0,1,0.5727869708385979,0.5547311999377961
High,44.17338486779326,0.9569947594896555,0.2519755085263824,Vegetarian,2,0.41954307170857075,0.33983783527482797,3,0.9258027755786464,0.6613785798429193
Medium,72.34174171251004,0.8495266088079098,0.8750022910220485,Vegetarian,5,0.7794626987634687,0.6879685728605481,2,0.5403208256375709,0.7459087592450192
Medium,45.56023482121536,0.5098740563064028,0.3123337893996492,Omnivore,3,0.3274485353520792,0.30656617535893116,2,0.7609042196653277,0.5146099961339012
Medium,70.3915354777329,0.9108205378381512,0.8213520559199936,Omnivore,1,0.5421782484940245,0.599391406992246,2,0.37501743900791074,0.5919590881807254
High,76.58749599442069,0.7370780827574751,1.0,Vegan,5,0.8352959370613127,0.9147747077802312,3,0.6735377854371232,0.8183215528357781
Medium,72.92154788449207,0.2238805652955619,1.0,Omnivore,2,0.5731149304615801,0.5872055317493559,2,0.3127574811597367,0.6890026116794439
High,63.769749723571536,0.7644418416538132,0.3962604228431507,Vegetarian,4,0.7673936552539701,0.7763716593935407,3,1.0,0.7981450820568037
Medium,56.53048585605451,0.9523013846011067,0.5068622414891157,Omnivore,1,0.48589297113758495,0.5641756768210033,2,0.78194310003133,0.5938896568638329
Medium,51.35370635497734,0.7929936513925113,0.9304309516683209,Omnivore,1,0.7235699237145552,0.14591012820186694,2,0.7002765024591499,0.5144378568005035
Medium,82.06552036225656,0.6787006476922424,1.0,Omnivore,1,0.8035329651033953,1.0,2,0.3712456400638399,0.7605020682281498
Medium,49.50757169748535,0.6468056603490969,0.2804564452513805,Vegetarian,5,0.11039575143404778,0.008219102872455142,2,0.8953954304492355,0.5356348366205126
Medium,44.44400889645006,0.9305620270355727,1.0,Vegetarian,2,0.3700099459061643,0.0,2,0.8267247637072531,0.5272039654693574
Medium,69.98053402549245,0.4283427944349605,0.9117165504657709,Omnivore,3,0.7211798014970539,0.6131337941484066,2,0.7715366843497812,0.6320045089473827
Low,48.05794795220257,0.33139413894263736,0.7863810650574055,Vegetarian,1,0.1338298336764977,0.580232201862036,1,0.5061924620862471,0.5773243794585133
High,45.74904753800809,1.0,1.0,Vegetarian,5,0.1293060638564545,0.5403609686008024,3,1.0,0.5419949527638072
Medium,38.34593606745352,0.8634431335103334,0.9393742929340407,Vegetarian,3,0.34594213676230856,0.0,2,0.871582333081581,0.5615783458848944
Medium,52.75635240809223,0.3230435846186024,1.0,Omnivore,4,0.728481314547424,0.48342904236845047,2,0.8385977242107185,0.642701610154057
High,58.7592746415526,0.6637805973609228,0.6477919427524297,Omnivore,5,0.7138708111579124,0.0,3,0.9943592915244163,0.5372550477353654
Medium,63.64637591491048,0.41507812900779906,0.8725959204029623,Vegetarian,1,0.6335751269732003,0.6351475905064033,2,0.713413498021429,0.7121567232430889
Low,74.26959366449225,0.24909567867143392,0.986753645750232,Omnivore,3,0.5721671842841654,0.6455585582685821,1,0.27667845308361566,0.6219578786380506
High,67.90346885498691,1.0,0.6611012846373996,Omnivore,4,0.4987704931638142,0.7288798046599041,3,1.0,0.6499780482324861
Medium,57.1369167067023,0.4043124312197588,0.855932708480911,Vegetarian,1,0.7011927447429127,0.7128270440897948,2,0.692194512439367,0.7349825915542864
Medium,57.0270648543042,0.875329082637908,0.5217907037512348,Omnivore,2,0.6099078923078985,0.6350521953527906,2,0.7977549845680029,0.6510657276894962
Low,67.65236203372775,0.18935622768066507,0.48163748123687833,Omnivore,5,0.8474048651540382,0.1643852469126018,1,0.741346018872684,0.5884275419884375
Medium,79.08855244392853,0.6478708106372197,0.7694130214969753,Omnivore,1,1.0,0.5062219578821604,2,0.28638944091616575,0.7082582635311534
Medium,61.894712992248,0.02396138512426982,1.0,Vegetarian,3,0.5281402155265051,0.17406276333376636,2,0.7520294178613355,0.6756278026024485
Medium,52.96303718684386,0.7642204838423086,1.0,Omnivore,2,0.6176541774595741,0.0,2,0.7833340218946422,0.5646275242727898
High,45.10700998371682,0.7809138982462784,0.6832491014168166,Vegetarian,4,0.5654992418933918,0.5990379542669115,3,1.0,0.6443785470138811
Medium,38.32192103381662,0.6255895834697527,0.8344332934445148,Omnivore,4,0.24373696382033816,0.5103638877400587,2,0.7560417192181348,0.474753096157567
Low,69.99404508065285,0.05172088255465346,0.45300735637836476,Omnivore,3,0.5709394679854083,0.30551486095751956,1,0.6546355252090872,0.5436919189924705
Medium,68.66967785459336,0.2110383302086154,1.0,Omnivore,5,0.8312475129418506,0.33679880483601754,2,0.7948610265683915,0.5407104961148654
Low,68.66045287659992,0.07433087235358016,0.911906477952934,Omnivore,1,0.6869513190508203,0.5622800436284071,1,0.4750856348966828,0.6153046180652121
Medium,58.07010830471916,0.28891431580381177,1.0,Vegetarian,3,0.4061246382264455,0.3189223786088611,2,0.7790203381929857,0.6138261588991603
Low,81.10402118837627,0.727439007682151,1.0,Omnivore,4,0.6472141722037013,1.0,1,0.35916642804307064,0.6706510274218977
Medium,52.73822258122773,0.5661859843173752,0.5201716392742446,Vegetarian,4,0.2706159373665101,0.32387782244219804,2,0.9121331334333896,0.5379525278405985
Medium,74.32903855810808,0.7121498216133902,0.90081964597239,Omnivore,1,0.6716394279620762,0.3663588144581409,2,0.28807546182191374,0.647801725070226
High,59.41885657515685,0.7492512713778943,1.0,Omnivore,5,0.3884070893703683,0.6245350883705354,3,1.0,0.5934746466153075
Medium,50.87473852980994,0.27302879567585936,0.34400823746987746,Omnivore,1,0.5291922050857408,0.1511659069570777,2,0.6350283415669955,0.5194927273786366
High,68.88795460976642,0.44450749734442524,1.0,Vegetarian,5,1.0,0.7860703462087708,3,0.9880267900228423,0.7757958930875111
Low,66.1445417802599,0.13705968353658127,1.0,Omnivore,1,0.7535157665625517,0.5336157457992873,1,0.5922513888520619,0.6074540084917643
High,65.35459138900389,1.0,0.6273500649990416,Omnivore,3,0.8669677219755888,0.8178738311816107,3,1.0,0.6844299222258952
Low,61.219176330842984,0.6164793585412445,1.0,Vegetarian,4,0.6923193339478668,0.8095422642499011,1,0.6963919999874446,0.7843968539004137
Medium,59.431603774247534,0.18651101250405977,1.0,Omnivore,4,0.26445433228878745,0.10401583483631133,2,0.7483924761264608,0.4158191248328298
Medium,95.82557989305658,0.2772093798212395,1.0,Vegetarian,3,0.9835661933069042,0.8181976311127709,2,0.32199247012041826,0.8424318453445159
Low,77.7638496779426,0.9730356015261367,0.6201475606966713,Vegetarian,2,0.6411065260289492,0.6341339502937258,1,0.302926408185741,0.754564441705606
Low,70.84240342478267,0.8427308637633193,0.6882127359505072,Vegetarian,3,0.5435308535451663,0.5559049203509869,1,0.3052364766692006,0.7437704743635634
Medium,61.67698737305082,0.6593990799053714,0.3441942312829848,Omnivore,1,0.5714670505743954,0.8618535763870971,2,0.6626722902192403,0.5578323325636738
Medium,75.10735800895003,0.5068641075392998,1.0,Omnivore,5,0.8772810705563144,0.621196753560641,2,0.509796602259747,0.6509253532653566
Medium,67.76992164587178,0.26197556427851754,1.0,Vegetarian,4,0.616658560096981,0.14904260014124365,2,0.7875260940751116,0.5575466448222157
Medium,60.39307129161053,0.9794507631128238,0.9346756664242454,Omnivore,5,0.7756818207946872,0.3654965969928604,2,0.8704820412897256,0.6779391277698014
Medium,55.44653512101127,0.7972395750228002,0.6297605268689077,Vegetarian,1,0.591109042891807,0.2520125291014389,2,0.6770948986116438,0.5989336807946055
Low,58.786239935059676,0.3017792231362765,0.37074222731521894,Omnivore,1,0.6513287314028648,0.3662004732450904,1,0.5841160482135354,0.6092672991583126
Medium,12.443613961829165,0.8475647962784947,0.8152756797240552,Omnivore,2,0.1126156298433158,0.09923673062092925,2,0.7009865263682588,0.4287956367910889
Low,63.15901258946462,0.7589319486146815,1.0,Omnivore,3,0.8887724294515698,0.3168942873369396,1,0.6691281952829158,0.7059815215755356
High,52.672858798344606,0.4970805498779984,1.0,Omnivore,5,0.3865417683072678,0.6225539303038916,3,0.9946637086844191,0.45470301547775505
Medium,83.89004997424325,0.5265528542416397,1.0,Vegetarian,4,0.7100398106920048,1.0,2,0.511917830987117,0.8605271110575639
Medium,60.29016106217632,0.18595344539102665,1.0,Omnivore,5,0.539258739489613,0.5553693811301723,2,0.8591180631006864,0.6247135469108736
Medium,42.16554870697557,0.11105244437810935,0.9567823614388774,Omnivore,2,0.5221284408831761,0.5877513831319792,2,0.7623315297307145,0.5955707889417268
High,59.251797688078234,0.9227620328396968,0.9269461767527076,Vegan,2,0.7199571781830878,0.1953275439718954,3,0.9060345802171641,0.671704378132445
Low,44.30818372406244,0.2675118573538666,0.6485073128113215,Omnivore,2,0.331023741843268,0.6258546462322392,1,0.5873417354825136,0.487738371078371
Medium,67.101111235687,0.8200593657462536,1.0,Vegetarian,4,0.8503825452045317,0.9703595138752557,2,0.8489220344679206,0.7163517431741822
Medium,64.36421046509228,0.9956087115144261,0.9727896242329312,Vegan,3,0.44757372386888084,0.903658000929747,2,0.7816145110711363,0.7847006272432313
Medium,74.36759446662401,0.17661981392964868,0.770193294299029,Vegan,5,0.8862495349717168,0.44482741366742096,2,0.4252407991703503,0.9108636318775265
Low,48.13677312458152,0.47303512508370027,0.3241531608048648,Vegetarian,1,0.5529022678230059,0.7727440663984058,1,0.525980511087539,0.7818370520242003
High,60.5101214434222,1.0,0.5932554631214931,Omnivore,2,0.60858074136784,1.0,3,0.8849924862053851,0.6853730683844327
High,39.52467306860047,0.9889508965412335,0.741350100173167,Vegan,2,0.48987150596573237,0.1611028836382706,3,0.9885293076116517,0.7132560385377025
Medium,70.52242172887071,0.8599971583309685,0.6282474786605481,Vegetarian,3,0.6814135054092597,0.7979964543170955,2,0.39346788077141737,0.7315166838824799
Medium,67.78306770660183,0.34899493530191095,0.5601506864509113,Vegetarian,4,0.728877084854859,0.39216538563576936,2,0.8870305909051701,0.6928668669066766
High,67.43707531541357,0.6538532556850523,0.864578890664915,Omnivore,5,1.0,0.15513874204083394,3,1.0,0.6714066793921832
Medium,60.024285470354116,0.5949683573414702,0.46994177324750513,Vegan,2,0.7791075100473724,0.4359890841414835,2,0.7415378279953397,0.8137939762694074
Low,66.22159336183186,0.9739405835732572,1.0,Vegetarian,2,0.5537838471457461,0.383276923628383,1,0.6063177929739182,0.7102331858132556
Medium,84.06508662462895,0.4275472709384929,0.9046935844658027,Vegetarian,4,0.779599889046515,0.6596830593427794,2,0.4419866769644751,0.7833407889900558
Medium,55.72358614436979,0.9231438877168577,0.8524807046844991,Omnivore,1,0.798876977673906,0.0,2,0.7020307394705989,0.6442104239238281
Medium,62.07967775565127,0.2693569181804941,0.45778165637560486,Omnivore,3,0.5418358846017258,0.6325945836741469,2,0.7321287974911452,0.6457775160810171
Medium,43.70810551227885,0.9890744654737046,0.5431168631907617,Vegan,4,0.7772358560224233,0.29454291952451284,2,0.9732880942725892,0.7298649908377431
High,46.976085576025014,0.8702636868275917,0.644970111141278,Omnivore,4,0.6228351881763031,0.6166402453623638,3,1.0,0.6183969197981694
High,61.46719939639961,0.6635114803585509,1.0,Omnivore,5,0.3434668330756258,0.37456654851903975,3,1.0,0.5419203696981205
Medium,76.55900320052861,0.7133904280636049,1.0,Vegetarian,1,0.9392567211538934,1.0,2,0.3152872336773271,0.8048064336522217
Low,56.155787636226414,0.2725311690402068,0.5037564129688135,Omnivore,5,0.13028804507612746,0.33678620956063376,1,0.6332370575529946,0.575553739147564
High,56.46125206031814,0.4741738575114666,0.8984853419085984,Omnivore,5,0.4949331294344973,0.5043059803030252,3,1.0,0.5775652885436569
High,53.89672133243438,0.31355454384349385,0.5129399644341694,Omnivore,3,0.7100054511906524,0.15454737934753976,3,0.8935401180409819,0.5828756822630794
Low,51.978649937335156,0.11405029770539876,1.0,Omnivore,4,0.14653719817661948,0.4622453842765694,1,0.6379956185150601,0.5189939894702605
High,64.42457183563232,0.5476717414689114,1.0,Omnivore,5,1.0,0.6175048941173964,3,1.0,0.7190343475206022
High,37.54113532232033,0.9628554778963716,0.7509703971322221,Omnivore,4,0.5690968983344409,0.1429821665978692,3,1.0,0.5522546997708304
Medium,79.2140936500009,0.7079711675981625,1.0,Omnivore,4,0.5963671169658977,0.8878186151212912,2,0.4758159418559545,0.6052468865457902
Medium,50.018665528058094,0.10258456033102081,1.0,Omnivore,2,0.8041891234372602,0.24823128044236334,2,0.813508477193404,0.6559131097984713
Medium,70.82855228157212,0.9522365249759109,1.0,Vegan,5,0.32635790070786524,0.9304524469522439,2,0.5114626776210042,0.8196444761379414
Low,40.950021039091865,0.6013676269900664,0.9045787962778802,Omnivore,4,0.20798422733855534,0.0,1,0.7841630009600195,0.4357882936758548
Medium,70.03260195819327,1.0,1.0,Omnivore,5,0.41730313767776617,0.5639503336888104,2,0.5584157818349746,0.5426345400270094
High,70.07916911721746,0.9701854674112075,0.9468519518933707,Omnivore,5,0.3058013170351124,1.0,3,0.5932537130126747,0.5562138474730532
Low,65.76303108008845,0.175174863704181,0.9651178272194979,Vegetarian,1,0.5909971537410492,0.0,1,0.5264250189666956,0.6034296302901154
Medium,45.08357217300312,0.47378336230782225,1.0,Vegan,3,0.48906587164630144,0.6618894326945373,2,0.8325394543624193,0.7300526369693385
Medium,63.743222843971154,0.6484975975472042,0.9886069820782626,Omnivore,1,0.6696908203624172,0.6261636062746275,2,0.6339293923852892,0.6270053845041174
Medium,42.25415722898417,0.028264701049977692,0.9442034081624433,Omnivore,5,0.4486172424968592,0.26002474228829936,2,0.8389246007440351,0.43265593767507804
High,56.20855117355722,0.2149102641548079,0.5152114420644285,Omnivore,3,0.5726015824160519,0.7982434528917416,3,0.8956857284976064,0.6950462422035084
Medium,75.44119651432989,0.2294030005985679,0.7484729066867204,Vegetarian,2,0.5181213410317794,0.7569519510211633,2,0.371339356398734,0.7553085320168699
Medium,71.95052890606112,0.35166443504547074,0.5070539902421987,Omnivore,1,0.619008270873624,0.5109726931839291,2,0.26326911227873007,0.5662002439407393
Medium,60.227744138106495,0.42954912352067554,0.806904163025338,Vegetarian,2,0.0520956264022856,0.28097621340808476,2,0.7237086466219788,0.6078435548953722
Medium,45.37790136115737,0.4874404737597884,0.6826169074860331,Vegetarian,5,0.6696905018995369,0.2512370147617072,2,0.8550938233108124,0.6243998118826734
Low,69.6838156826129,0.13802760893789678,1.0,Vegan,4,0.7157601378266413,0.5068020665169949,1,0.6161774937393424,0.794557197955544
Medium,60.29071856547038,0.6733915791158308,0.9126622456428943,Omnivore,5,0.6165717223714123,0.4496941081067505,2,0.8682609556386051,0.6536909152176412
Low,25.19526602654365,0.5961380616965348,0.9124211533271416,Vegan,4,0.4078343339920357,0.0,1,0.6499233764440722,0.5991384007179762
Low,71.73944739474777,0.3944640988411602,0.692711907731393,Omnivore,2,0.8875887375338265,0.6427229951550409,1,0.1270421090368969,0.6878079015734992
Medium,59.63650749195462,0.013659883435292008,1.0,Vegetarian,3,0.5241292701119885,0.30150811751264195,2,0.8260523120512224,0.6997165841246256
Medium,78.03676871974608,0.17764791535329075,1.0,Vegetarian,3,0.7569918923814125,0.6911233367654633,2,0.4374472856842305,0.8356348179569042
High,43.57094221735793,0.5916947755108395,0.9148470426852281,Omnivore,5,0.7489364741769298,0.9366643512903412,3,1.0,0.6433832933740187
Medium,12.34944280205999,0.15397435116568392,0.3561779919597543,Omnivore,5,0.006436554223814381,0.35912912418460363,2,0.8690606784853295,0.27549720980155723
Medium,64.18625787517777,0.37681960614797083,0.869569681071466,Omnivore,2,0.9533073954709539,0.5232537759186409,2,0.71640318971846,0.6180202241158064
Medium,64.37345515022959,0.6281826045103551,0.9559042491647566,Omnivore,3,0.5736687584840324,0.18205864960964052,2,0.8388293093746324,0.6340863748600696
Low,34.63992558590322,0.5472374278792835,0.7622943037460972,Omnivore,3,0.0,0.33121346212297925,1,0.7283253958477454,0.4455424099962776
Medium,45.3225068120009,0.23117588313739423,1.0,Omnivore,5,0.4711290630114334,0.9135493567939191,2,0.8844337399656093,0.6090285695765174
Low,100.0,0.4438224912587524,1.0,Omnivore,3,0.928389005952822,0.530913851066383,1,0.2247236631819807,0.7025872460563449
High,55.41584078769295,0.8140311984486506,1.0,Vegan,5,0.28450529055491136,0.0,3,1.0,0.6174022477698453
Low,70.96438464564324,0.9608550280434487,1.0,Omnivore,1,0.693441573366574,0.6860081981526551,1,0.36375683061877956,0.5783116072507757
Medium,50.24010258947425,0.7532134387388773,1.0,Omnivore,3,0.4053003491494741,0.8798680418744009,2,0.7857950491320064,0.5431206032756771
Low,28.64545651720265,0.5534000268334149,0.9757052826179221,Omnivore,4,0.6612268749261769,0.6031094927770233,1,0.6532734874212569,0.568769719817775
High,57.446126298061415,0.5622929983164862,0.5580627718302664,Omnivore,3,0.7681590631384172,0.9753347727813926,3,1.0,0.7386491470841027
Medium,56.01593159570842,0.36505127754180544,0.7075153275298391,Omnivore,5,0.3679007665675639,0.08044554332751602,2,0.9383371533285916,0.48846080569123024
Medium,54.00182641997443,0.8794173102643961,0.5084015742888819,Omnivore,3,0.3919663920756782,0.3304598416582317,2,0.7858700260396758,0.5181556486039176
Low,58.28038746740411,0.0392435760405464,0.2955990981675858,Omnivore,3,0.7829200482870684,0.5963503876283421,1,0.6193957269883984,0.6795545895244118
Medium,63.964024074684545,0.987982644420261,0.5078688735203314,Omnivore,5,0.882143582362202,0.0,2,0.9317232163217658,0.5801523397465959
Low,57.7482457311929,0.6643754108515623,0.2928018149428402,Vegetarian,4,0.5108597769954722,0.4729358490139997,1,0.6541787729557597,0.657602047108573
High,41.039907480789545,0.8811376990723905,0.9250379987544377,Omnivore,4,0.3142163934133854,0.18244211579629424,3,0.9785100487988811,0.4673100574121932
Low,67.29277187342909,0.037997837304742155,0.761998157088345,Omnivore,1,0.6474961733280522,0.48681330664713424,1,0.4751278382726929,0.5867775431536967
Low,30.759423670163653,0.6055292748912722,0.46637184542867655,Omnivore,2,0.3655911883900313,0.3364957335882969,1,0.6185112541499537,0.4926962171363436
Low,29.244638140736996,0.484778060090447,0.9079440817988729,Vegetarian,5,0.4375749062357699,0.14257956693931906,1,0.783689975481455,0.5665852045865701
Medium,71.08770742052351,0.205778906894067,1.0,Omnivore,3,0.8663554706746657,0.2653962511094165,2,0.35073253081155426,0.6516838084648434
Medium,67.60530408203036,0.2779220107693591,1.0,Vegan,2,0.464927011037353,0.7750305999625859,2,0.7143132724736571,0.7562002154528256
Low,59.13906952388946,0.8903144562136512,0.9377089322946885,Omnivore,5,0.5194489556431561,0.16262502563305886,1,0.8179843656683329,0.5792549008796771
Medium,39.06827242867392,0.5499884158659529,0.6568703206834213,Omnivore,5,0.0,0.29176086408399987,2,0.8897464477874582,0.4915009800423764
Medium,49.381335889888874,0.41341657517390873,0.5521709810568802,Vegetarian,5,0.4891069266860187,0.16195351739794966,2,0.8782768452691184,0.6498100583163883
Medium,56.05879878470244,0.07268215584081095,0.5026122031377385,Vegetarian,4,0.2830178174809793,0.6722533593590494,2,0.8656658771033637,0.5983589314899458
Medium,36.0615904713883,0.7141215274023056,0.39323390283954274,Omnivore,1,0.21425404888614671,0.0,2,0.7025225763651968,0.3366461037855605
Medium,48.91457012965151,0.7028508233960326,0.6537622253680563,Omnivore,5,0.7099544403331935,0.37803248513578397,2,0.8895526231301313,0.5715340239813774
Medium,69.78495507265019,0.6140436069725635,1.0,Omnivore,4,0.7758574745944392,0.6737751843528468,2,0.8312991826616702,0.6916944170683773
Low,81.40958046433825,0.6102626462206492,0.4079015997590945,Vegan,5,0.8839111430076261,0.7617008594714193,1,0.3525639189391268,0.8817236498188118
Low,53.70847871012174,0.4337844022073727,0.4657482907816095,Vegetarian,5,0.5375457217258963,0.769849368192383,1,0.8069665660128341,0.6759077453441158
High,71.34732531474148,0.8932710929879922,0.5451296089772812,Omnivore,5,0.9942296925263543,0.8427205009308192,3,0.7110027196372988,0.7819298955850904
High,31.28909894118799,0.4333954517284067,0.8735649802382323,Omnivore,2,0.18732401450955033,0.39661787127632553,3,0.8870921144528247,0.3603107495357811
Medium,69.89176861670417,0.9412590641776477,0.7019435706815826,Omnivore,2,0.7316396264131756,0.0,2,0.7886923246312891,0.60198947276634
Low,47.940773779087785,0.5887945291802296,0.6969646734872595,Omnivore,3,0.5014457728292971,0.5722020987933893,1,0.6974682959414711,0.5002662077845759
Medium,64.61018425061955,0.31119244435437654,0.4716750517230027,Omnivore,5,0.5763939625034286,0.9011508859833295,2,0.8754556975137656,0.6771014382639287
Medium,56.28371372640436,0.4496798508851573,0.6864156075089696,Vegetarian,1,0.9904978585066031,0.23597371953398558,2,0.6885698621348938,0.772467361998723
Low,79.80621014675751,0.9056847888768923,0.5022308626396236,Omnivore,3,0.553876803247918,1.0,1,0.30722190412832756,0.6684115702258184
Low,46.883465274901226,0.16161606073029744,0.7674606142630893,Omnivore,5,0.09918410390706972,0.6620233609198796,1,0.6803721740043773,0.49444709971831446
Medium,69.41409446342746,0.2928356224602604,0.4450088376999932,Vegetarian,3,0.7157394540665311,0.36721272853718656,2,0.8770970067573192,0.6731702166372228
Medium,55.807388050552,0.6795080227365554,1.0,Omnivore,4,0.4374665612232867,0.3068561350122928,2,0.9623842357148988,0.5718905188819874
Low,57.625417829855046,0.3154892064822239,0.8547288066897647,Omnivore,1,0.11197528228038467,0.19161819695337262,1,0.5358857655207477,0.47674669193595365
Low,57.242191602611854,0.792501681861466,1.0,Omnivore,1,0.647593941007538,0.794741128042866,1,0.5733111239363302,0.6209849967393679
Low,47.31490343258831,0.13045348717736083,0.6550909038156254,Omnivore,2,0.5215057249047009,0.18896249152160735,1,0.5188219535579405,0.4788345068550649
Medium,59.78851551139993,0.7626861704546085,0.680433870799227,Vegetarian,2,0.8223424578090301,0.2985409565664031,2,0.7801146698693963,0.7186419887112983
Low,59.060276668172676,0.06835171485056624,0.39351027238972697,Vegetarian,3,0.4793981550502828,0.4218347187926154,1,0.5572634126199699,0.6374671349779991
Low,63.61860372610094,0.012592612667494785,0.8419486256733273,Omnivore,4,0.2643817941421461,0.19224863662398556,1,0.6436728931552315,0.5389438327593603
Medium,61.26757718539294,0.8982235188321621,0.8208400507840568,Omnivore,3,0.4250106930027558,0.6572506969308717,2,0.8770162788034446,0.655378102637171
Low,71.96991824418355,0.6813392169322986,0.8279516356705231,Omnivore,5,0.3353295152402367,0.5107192539989364,1,0.41997473202618596,0.5951738893728584
Medium,73.85262924071053,0.45182689708681145,1.0,Vegetarian,1,1.0,0.944772545436027,2,0.3680641231965873,0.8244952788748401
Low,44.24065017258298,0.2325946369638504,1.0,Omnivore,3,0.6435668173700244,0.6241038280082803,1,0.6463724247119942,0.6523177058463488
Low,73.03158750886156,0.7168857832608161,1.0,Omnivore,3,0.9869827549695543,1.0,1,0.22774132866318306,0.7233703674170997
Low,42.20495359335219,0.5090021835367382,0.3548905107736048,Omnivore,1,0.555341877450602,0.0,1,0.6245318655936642,0.5097984940151468
Medium,68.81783832206602,0.9915977755299852,0.9661487008924382,Omnivore,1,0.40809383038697344,0.19031865991897046,2,0.7972397026384962,0.5175031031689075
High,69.29608177054303,1.0,0.4268035145422485,Vegetarian,3,0.612154822151791,0.5783866223037061,3,0.9797302980681992,0.7199775914505385
High,31.33024662506244,0.8350245661416096,0.8512735205657886,Vegetarian,3,0.4718018845465075,0.29629920381094993,3,0.9337636088967987,0.5000023069084694
Medium,61.39468869794114,0.4428705061058905,0.6888125400508325,Vegan,1,0.27406987197537475,0.42486384804922134,2,0.7040887443602417,0.6600346578935118
Medium,52.97255829959526,0.4911409691346621,0.3973617477642629,Omnivore,3,0.6178782341848288,0.9336974830936741,2,0.8644503520668301,0.6197632976755648
Low,48.61852113096938,0.6824790662368619,1.0,Vegetarian,5,0.6418468570862021,0.28493086670943274,1,0.7469907440628577,0.668736825227968
Low,80.26278496048508,0.20157454423538138,1.0,Vegetarian,3,1.0,0.8091258777827683,1,0.2279198515471141,0.834540809442882
High,50.19481289043871,0.5283520738107181,0.6056990323997211,Vegan,5,0.6930553340566672,0.519272883217945,3,1.0,0.8343259323990042
Low,47.904346063229255,0.07527224100360386,0.2702489099666458,Omnivore,1,0.57405827243492,0.217514394668147,1,0.4352442467042848,0.4261675763039703
Low,61.1354241000764,0.07336075951691956,0.8429873795039925,Vegetarian,5,0.6170477890640191,0.64897155395377,1,0.676505409922691,0.7343304647809805
Low,70.28384619447624,0.2958392418942337,1.0,Omnivore,2,0.8114876440596038,0.5845637295465926,1,0.2608061547794639,0.727619294903105
Low,57.875271209848094,0.4852532545932269,0.8857561887516061,Vegetarian,1,0.7008496182132548,0.853875169386659,1,0.45205956436969796,0.7801282263982818
Low,77.49555818503879,0.8847743211627893,1.0,Omnivore,4,0.3606432463309207,0.9947740613209808,1,0.398706340280657,0.659745752085097
Medium,67.96463492946135,0.48549589116587255,0.4762742929177653,Vegetarian,5,0.7223337258613874,0.0,2,0.9581826801383548,0.7301446463134427
Medium,27.326830204028546,0.33547661056086975,0.7049392556149796,Vegetarian,5,0.0,0.0,2,0.9048811183292607,0.39419579038544916
High,52.057995547394874,0.28235299033675815,1.0,Omnivore,5,0.06981551394226965,0.39022789114734435,3,1.0,0.39641263638902835
High,51.57236850972451,0.7502955231831296,0.7834025736743387,Omnivore,5,0.5241364996711755,0.6887083696744657,3,0.9929782589327222,0.5611578077201729
Medium,67.19041430144134,0.27126858648317675,0.4270184274946793,Omnivore,1,0.767618676023376,0.5968649684352505,2,0.7015512842146047,0.6424293601099126
Low,20.627744154388324,0.6149341779171474,0.6860247223191593,Omnivore,3,0.0,0.2962740305052213,1,0.6399808309585359,0.38014012736577063
Medium,98.23514563076583,1.0,1.0,Vegetarian,4,1.0,1.0,2,0.5605987534949989,0.8362121077705595
Medium,67.96539142341315,0.11131432147755016,1.0,Omnivore,5,0.9835548976316035,0.37951123553377303,2,0.8779871847403268,0.6575150997383107
Low,62.23315205876537,0.21212539872193992,1.0,Vegetarian,4,0.7835203655543077,0.6512507329989012,1,0.5937758896558032,0.794439721478855
Medium,77.72351574628719,0.5730945380993747,1.0,Omnivore,1,0.7718912349422103,0.6970175463531724,2,0.2689513490812821,0.6616906819094126
Medium,95.15481079218938,1.0,1.0,Vegetarian,1,1.0,1.0,2,0.27207008516501635,0.8104201208531739
Medium,73.06119966882605,0.8718097762699956,0.5811171847627884,Vegan,5,0.7531874565410274,0.893916756529707,2,0.47055401023218,0.8073128887675122
Medium,74.2321964470743,0.9982291931628301,0.7753967380748509,Vegan,5,0.7851183239322291,0.785116988822411,2,0.5929645756417943,0.9336956562829914
Low,61.960350366965734,0.3337148484757929,1.0,Vegetarian,5,0.4147741180145925,0.9366762839423248,1,0.7211763604946589,0.7744265619999166
High,57.87711369949577,1.0,1.0,Omnivore,4,0.5042495055704305,0.884290368774912,3,1.0,0.5662829896892296
Medium,52.863068339926485,0.1028328160641574,0.34326230653625445,Vegetarian,5,0.5405465080652981,0.5647657614059978,2,0.8588822724847737,0.713192214072515
Low,47.60832012428187,0.05297290604610083,0.7735782784186042,Omnivore,1,0.543513078144372,0.36512436244574714,1,0.4861897560773428,0.571929645408538
High,49.69478850450754,1.0,0.5609962138468442,Vegan,2,0.6148574576415071,0.5010865014504537,3,0.9578402055424806,0.7011817276955553
Medium,39.74166053485526,0.9272648702069862,0.4241021969911061,Omnivore,4,0.1977276214855544,0.0,2,0.9990598305731475,0.44409603810535564
High,58.86192823972465,0.29058535754610176,0.8001203247183383,Vegetarian,5,0.5540644584932216,0.3327688975094659,3,1.0,0.6965262025059371
Medium,34.729986341604196,0.1134274267458415,0.7797392722645577,Omnivore,3,0.29361362797889373,0.0,2,0.8173536110256853,0.4137252378606877
Medium,62.86374786215566,0.033174157755773814,0.32409097073025955,Vegetarian,2,1.0,0.7908981412882914,2,0.6078645811931123,0.7845817796064926
Low,59.45504087936487,0.1045075626427241,1.0,Vegetarian,4,0.6445026504499326,0.9005605671001284,1,0.6415831825070364,0.7493471144183913
Low,62.20402947580032,0.20941981680028088,1.0,Vegetarian,3,0.7567922145013929,0.7166977330578723,1,0.5584587940282093,0.7083894643365092
Medium,52.168026449700115,0.970076618910001,1.0,Omnivore,5,0.7209749065247284,0.39594188550598153,2,0.9589554320594407,0.6466038780302861
Medium,100.0,0.7678602222396804,0.680643733224695,Vegan,3,1.0,0.6114474967546941,2,0.46533080732872467,0.9604055568116464
Low,80.40173850270469,0.8785530255185421,0.9965612548744714,Omnivore,2,0.39710718647810667,0.932984151734056,1,0.2816814538479352,0.6118597328312947
Low,41.33186249872916,0.7761394036915221,0.6332846859700403,Omnivore,3,0.37767287605038474,0.6580321384561556,1,0.670959480280694,0.5167461071336089
High,63.493021311403474,0.7350737497792146,0.652292958112368,Vegetarian,3,0.7705283925199646,0.5004443699470855,3,1.0,0.7811211577822261
High,50.87990785594015,0.9974889777130171,0.8200329907172054,Omnivore,3,0.5348289002503962,0.44194275195616967,3,1.0,0.5456106123350468
Medium,44.78280409938879,0.5958075323899696,1.0,Omnivore,2,0.11423150329652748,0.2680094105414671,2,0.7881626307513578,0.41665306086626597
Low,39.898918933140976,0.3145460976033576,0.222547378110915,Vegetarian,3,0.1903034247855287,0.4573543785421953,1,0.6077781378814476,0.48424193332327825
Low,66.48325036138881,0.5611101087684007,1.0,Omnivore,5,0.48726623948111214,0.43740526804348306,1,0.729544360840983,0.5827285750439335
Low,49.77929647395639,0.5335085861345135,1.0,Omnivore,1,0.5634392400774876,0.3911460786084512,1,0.5381368684523287,0.5371480212115989
High,74.51739036037806,1.0,1.0,Vegetarian,2,0.7920027652160805,0.269737949958788,3,0.6143446624637904,0.6746484176223317
Low,74.90673321795659,1.0,1.0,Vegetarian,3,1.0,0.7028925818380958,1,0.27634927865333836,0.8417735224378204
Medium,80.60871577817174,0.5110425654209305,0.7921042885095113,Vegetarian,5,0.8086107202538728,1.0,2,0.4244347064135217,0.7684177635979745
Low,47.214198508888444,0.7633906784413597,0.9876915433892559,Omnivore,1,0.5128547550224993,0.49764812139080156,1,0.5661463079962065,0.5145829722405698
Medium,67.13048416038015,0.09976300403813354,0.7224226294048584,Omnivore,2,0.4039108337680324,0.8721412688938932,2,0.6802185944073595,0.6256802587213401
Medium,69.48681324963451,0.7768313694482886,1.0,Vegetarian,3,0.6637022751975152,0.8081253145612183,2,0.879978231852738,0.7756679561443193
High,52.88732737344053,0.5714169119932322,0.4416590201736723,Omnivore,4,0.9835502532648893,0.40406468355783487,3,1.0,0.6468316170311018
Low,48.42342063910687,0.039390162889686664,0.5344645274106858,Omnivore,4,0.552656413981069,0.39941759933162796,1,0.676968210593012,0.5337681163106922
Low,84.14280998663959,0.4632461785621772,0.972051592632274,Vegetarian,4,0.729450844802766,0.536874432933052,1,0.35055426673603873,0.7439996557679415
Low,63.41243813598081,0.6106427509216448,0.6362732265671766,Omnivore,4,0.717231000852927,0.8220409149618861,1,0.7266625905995634,0.6087236867479585
High,69.53951626067607,0.3192501676814666,0.7719348265986538,Omnivore,5,0.9037839925271918,0.719965879715313,3,0.9832421245260446,0.6775020583615172
High,47.66885982258109,1.0,0.7307669885115001,Vegan,4,0.5762475180296825,0.6981322674258089,3,1.0,0.8333995387384187
Medium,41.71073300216709,0.07767241327283858,1.0,Omnivore,4,0.583423714670278,0.37971159574202956,2,0.868267325262687,0.4827555549624834
Medium,51.458253382618345,0.9300067198331662,0.7804835205217846,Omnivore,3,0.7064462030215505,0.0,2,0.8430569567412283,0.4150749983472619
Medium,58.139679189150044,0.7071375179356865,0.6531582445603107,Vegan,2,0.6127584983109209,0.2680893302031532,2,0.7747252700499568,0.728400341006888
Low,44.036699897739766,0.3297121754142036,0.46791966352381464,Vegan,4,0.5061782883616075,0.6673688795380723,1,0.6573254236897156,0.8323380134626469
High,59.85232787024425,0.5907503477090932,0.7079376181434185,Omnivore,4,0.4788726238161571,0.4398149578329888,3,1.0,0.5394627960614581
Medium,34.6724221789725,0.7408093647327442,0.6890982153092324,Omnivore,5,0.22482949665979673,0.6077830436467706,2,0.9472288658570408,0.47579317728940185
Medium,43.199288662951915,0.6014711008812074,0.9621113005179959,Vegan,5,0.4158935808286237,0.7831978813520712,2,0.9685654222818015,0.7517994077103555
Medium,70.06366872415313,0.7716429214549452,0.4713671197931043,Vegetarian,5,0.4357585542969143,0.8628259835113232,2,0.6146875651538977,0.6793598225893561
Low,69.05685780416842,0.38916461651348,0.566893477259993,Omnivore,4,0.7643415623233915,0.8430158173378159,1,0.7145867061112693,0.7427935529640595
Low,54.121848519197,0.487813481807599,0.6502632584646582,Omnivore,5,0.3819603020558474,0.0,1,0.8245862134733231,0.47276315737074165
Medium,44.733535363845704,0.9898674840378934,0.5840660819387431,Omnivore,1,0.48311983066030134,0.30265502051398363,2,0.7662016479422444,0.5700971083200969
Low,44.588946727109835,0.2139228704997177,0.614692821240761,Vegetarian,2,0.549337344607236,0.36976938940046716,1,0.602381047751883,0.6385853277017185
Medium,54.40097631088029,0.4178561865221314,1.0,Omnivore,3,0.2806640152983081,0.7217838884268393,2,0.9208404863641083,0.5416930648296638
Low,69.66777737467937,0.2918231875739673,0.67249328983557,Vegetarian,1,0.7786905672459954,0.6146633049837555,1,0.5248854705958977,0.7048940735558135
Medium,73.92368537016486,0.8651115104398498,0.871516607253489,Vegetarian,4,0.3261824929183086,0.16747495016678116,2,0.43083815132440123,0.6808812933384285
Low,52.55202396777047,0.7640126256657207,0.8866671526967489,Vegetarian,3,0.643257066983134,0.0,1,0.7872583414011672,0.6245751043287363
Medium,42.697613610228245,0.2924454609973959,0.44566661823474635,Vegetarian,3,0.5474936218747182,0.2103289845496002,2,0.8132692203357466,0.622814398064377
Medium,64.017654567995,0.0813903166329829,1.0,Vegetarian,5,0.7742421473095596,1.0,2,0.8003296302483943,0.8678368333435502
Low,47.64697544061226,0.011432676672204045,0.7853461969413422,Omnivore,3,0.5452248999108995,0.4811926163838387,1,0.5939271920876392,0.5661820176367355
Medium,52.226210417081965,0.4274505332424855,0.7079122151167878,Omnivore,3,0.4186269480303437,0.5888267131219274,2,0.8160127438854392,0.5559722253179652
Medium,79.87914135655556,0.5103375943357709,1.0,Vegetarian,2,0.7022585552052457,0.22342984426908735,2,0.31422061317601335,0.7716311357839222
Medium,72.40673142848652,1.0,0.6055289163276146,Omnivore,4,0.6008427813318646,0.9344528197557651,2,0.43865626972587324,0.691710496900563
High,62.36961468377177,0.6698020756976797,1.0,Omnivore,2,0.8296426025798393,0.42451955675583875,3,0.9581600352107659,0.6100624600385401
Medium,40.921214983309156,0.25641836957542063,0.7656548102832496,Omnivore,5,0.7473502506588845,0.792395423009639,2,0.7835986544449304,0.5817684371809019
Low,63.17094851205988,0.8912294410314674,0.9250296219399576,Omnivore,2,0.6485953295574686,0.1535942599848275,1,0.6133076753646376,0.5936855592415029
Low,75.93985936181289,0.5910679496535785,1.0,Vegetarian,1,0.5617666513556133,0.6046748992542517,1,0.1320598096700143,0.6971331597900904
Low,54.36549501351696,0.5991756352105778,1.0,Vegetarian,1,0.4880438267420269,0.29961794942893555,1,0.5102883200068421,0.6385549204184682
Medium,80.26671134980073,0.19566871042821268,1.0,Omnivore,2,0.9984681997059689,0.8594110624564482,2,0.3021335856461691,0.6834604155863007
Low,79.3911793427731,0.48291640732977403,1.0,Vegetarian,5,0.9047012466014369,0.9555767887568631,1,0.33838411472679586,0.9195222200465205
Medium,84.9559924821521,1.0,0.8580994526436574,Omnivore,4,0.8563469181352978,0.5190614563168351,2,0.34843806285085976,0.661523666634122
Medium,64.57864689797029,0.5895053841754254,0.8702709879895977,Vegetarian,2,0.5929242833369767,0.7796633267991507,2,0.7727951996103616,0.7555699744217778
Medium,68.81087549709018,0.3445018551424617,0.40612451419396206,Omnivore,2,0.35041995708823503,0.999065237677625,2,0.7756288245678208,0.6391690088474872
Medium,81.21280932496634,0.7256671806315931,0.49592196462487853,Vegetarian,2,0.7691522781629193,0.9710651509847401,2,0.4460235972220637,0.9004900603595707
Low,66.71090905603464,0.9104110895781161,1.0,Omnivore,5,0.5895836960481884,0.38380599527435444,1,0.7884998031345591,0.6056635368811778
Low,52.48148838314681,0.27399060047259005,0.3220790975982307,Omnivore,2,0.44057758554705245,0.31015628332589495,1,0.46970273701121196,0.504363743426079
Medium,53.27185745208208,0.5051167184706744,0.4357584128930177,Vegetarian,2,0.5890433989748272,0.38012016451100195,2,0.7923660495296866,0.6604337511372641
Medium,63.578324306606085,0.9586906539117553,1.0,Omnivore,3,0.985873812092156,0.8138605989613171,2,0.8494859766203006,0.6623026767996147
Medium,40.64157867080672,0.17239614329845265,0.2043538439822899,Vegan,3,0.41037285944450275,0.4673970701416103,2,0.8049008977361886,0.7762233087261513
Medium,57.85111626953711,0.7196639255967116,0.5716599101935498,Vegetarian,3,0.698170712033686,0.10468419735211498,2,0.8274298351063931,0.6499455599151507
Low,76.4482067734538,0.7144810082029823,0.9662796916938908,Omnivore,3,0.7523445093184236,0.6322758746186099,1,0.29911892541552737,0.7544973984194359
High,27.13119223252078,0.8796751311406348,0.7311058926319005,Omnivore,3,0.2591000985839156,0.7167884201278956,3,0.9426389420661416,0.44499339707666874
Medium,83.01723152691773,0.45121963066756965,1.0,Omnivore,3,1.0,0.9875657266617122,2,0.3375438085805536,0.8935259438923459
Medium,76.83561328054739,0.4138793734837649,0.8901043208949073,Vegetarian,1,0.8430947250637416,0.46005187541898884,2,0.28498064943410756,0.7341747006071995
Low,53.10353076254285,0.6842096705883705,0.7749195233436845,Vegan,4,0.6868253759652356,0.0,1,0.7165981874588102,0.7068413457654803
Medium,68.15086241807714,0.21554328510454535,1.0,Omnivore,3,0.9294791593981166,0.4182289645120326,2,0.7313480756134566,0.6320531424033331
Medium,60.047215903594896,0.4196547448590051,0.798860542784258,Vegetarian,5,0.67305095512995,0.4993795817177184,2,0.8525456703281025,0.6712464922689814
Low,78.44985552658025,0.288174646052918,1.0,Omnivore,4,0.8334110035103098,0.5303521489640981,1,0.23757481535854838,0.6951790727585067
High,74.74024714154912,0.3083048411233298,1.0,Vegetarian,2,0.8947886898181872,0.3283279049804469,3,0.5390999658470822,0.7201151319111203
Low,38.99893915225486,0.9700573600380694,0.5964457033736463,Omnivore,4,0.26021824400577487,0.5007634348000803,1,0.6990314440088693,0.4226661543717698
High,68.80893620196265,0.631702978656419,0.7291697519290354,Omnivore,5,0.5617459717285704,0.0,3,1.0,0.5046137704761973
Medium,56.915582195351284,0.9693496144198253,0.28812690284152775,Vegan,1,0.4174040435623155,0.8107061393347432,2,0.7073323579641903,0.8796606098114483
Low,61.2424885577715,0.1403235197678261,0.9196387043100894,Omnivore,3,0.5143056811640035,0.7368351356721917,1,0.6368282947687615,0.5425530496759438
Medium,49.07742148545277,0.587366779457486,0.2751590148343958,Omnivore,1,0.2533927588913432,0.5370696351769508,2,0.7769482862382745,0.5119159182223404
High,86.22205603681253,0.5009740327912396,0.9352587699123789,Vegetarian,5,0.5309410350889032,0.8972524088329838,3,0.7056337550177991,0.7225015045217631
Medium,75.60092729853864,0.8900741269632747,1.0,Vegetarian,1,0.591650072854039,0.5448060599477327,2,0.3242931718493202,0.7470338866484996
High,48.90343254040549,0.9837029887609752,0.7944382332216906,Omnivore,3,0.01859774817509352,0.39939387148948563,3,1.0,0.44939352324410164
Medium,39.98084089634651,0.1126071490393118,0.4695403696984085,Omnivore,2,0.45658884025524515,0.7741212312742458,2,0.6891373737720481,0.6318467186489316
Medium,54.21491053533228,0.9120644528763892,1.0,Omnivore,4,0.5618996957609168,0.4061556892905688,2,0.9382595573294756,0.5393632629415945
High,66.51753969136959,0.39462964720322463,0.6023047025393868,Vegan,4,0.8133994902364166,0.6695755378447676,3,0.9856747020135229,0.8839848142693466
Low,63.60308765919334,0.6129773415893603,1.0,Vegetarian,3,0.44952926067269044,0.6881064419490064,1,0.7293887843738779,0.738171233101528
Medium,78.79699237152366,1.0,1.0,Omnivore,2,0.887754716794513,0.6882523468970242,2,0.3521773952328533,0.6855221390362175
Low,71.84879583271278,0.9823965347663638,0.5292402759115651,Omnivore,5,0.5567760803795474,0.5345205868187715,1,0.35830999042339384,0.6190646377802534
High,74.5435353862936,1.0,1.0,Vegetarian,2,0.9002610613892305,0.09720907190010486,3,0.5818261312877944,0.6636313397584575
High,64.90283100915656,0.5425987712181195,0.5251578380029784,Vegan,2,0.28464633218021074,0.785578921852347,3,0.926062303513213,0.7875808395006193
Low,39.16051904683515,0.10557564221946336,1.0,Vegan,1,0.34414605891358185,0.6496847247424291,1,0.6018336327741434,0.7212172831895141
Medium,57.064522032796475,0.1883468732894501,0.29263309881892313,Vegetarian,5,0.49082427461878353,0.4973386385486748,2,0.8559991560676746,0.6240459392628459
High,75.90134609862999,0.8004948950766139,0.6429901076360529,Omnivore,5,0.918403497433118,1.0,3,0.6523727586783037,0.6737229948636801
Low,59.227156072130306,0.7932296782733221,0.4959960776348504,Vegan,1,0.7486721549502381,0.6075320251655043,1,0.5506038588397104,0.8151946718081061
Medium,67.5463555293562,0.15015364418387522,0.35172518781724366,Vegetarian,1,0.9192277469349706,0.0,2,0.6507001408209033,0.659459408147354
High,55.218775271308004,0.859731532260757,1.0,Omnivore,5,0.14933794962805313,0.14378422325766005,3,1.0,0.4596111905267238
Low,44.55282227187232,0.32357760403951186,0.9161899134589578,Omnivore,1,0.7447704939351774,0.2245709221207501,1,0.449994925626486,0.591503523656257
Medium,58.14983903930835,0.3412020723921535,1.0,Omnivore,5,0.39637467778079505,0.30157047864233977,2,0.8224649010422186,0.4380187436791015
Low,64.6357116454898,0.6619177301579263,0.5798771046920143,Vegetarian,4,0.9879773885105358,0.5609065178236324,1,0.7275022957235843,0.7409507353811445
High,50.16468420807834,0.6669994195332203,0.6951585881233616,Omnivore,3,0.9463885930332834,0.14265971548956435,3,0.9852633522340936,0.6842451971516559
High,56.46433132714997,1.0,0.9414351782572974,Omnivore,3,0.802859000291368,0.9815772493890271,3,0.9838414021550208,0.7021777072318763
High,45.90805137021026,0.35591850966282707,0.6693087607391949,Omnivore,5,0.28762217897069264,0.0,3,1.0,0.378448541902943
Medium,76.78867376346145,0.8899482697670384,1.0,Omnivore,1,0.5189911319115319,0.6156367508722915,2,0.26297795686670206,0.5943836050429555
High,55.58316363617949,0.2642352480574209,0.9118892266213396,Omnivore,3,0.41478137433272855,0.23835809298898233,3,0.8892019626532429,0.42750281481876223
High,81.79133317689275,0.49405388024560504,0.5236044689066401,Vegetarian,4,0.9320048453299138,0.2906755857548009,3,0.5610854508120194,0.8362459472188142
Medium,82.93121775811363,0.7561497145031654,1.0,Omnivore,1,0.616647633133731,0.867998341451188,2,0.281729537740934,0.675210356381624
High,58.784310529173844,1.0,1.0,Vegan,5,0.21615665684114632,0.18642594054087974,3,1.0,0.6859947030063082
Low,44.87326901178976,0.25267962773934904,0.8802007326763541,Vegetarian,3,0.6649530044437003,0.3860531366126159,1,0.6728041971431079,0.7209831706158409
Medium,28.711531833999942,0.32719160582891293,0.29865126544100207,Vegetarian,5,0.1670430467492574,0.0,2,0.7703166118355468,0.4793220597158416
Low,37.919443904598126,0.53712074828674,0.4575936683183543,Omnivore,1,0.5620992334223861,0.0,1,0.45487167919717864,0.5019584008735546
Low,39.3924776265201,0.21157280648930232,0.5901394197202009,Omnivore,4,0.5482544808511082,0.26142944744334745,1,0.6775240607001077,0.5690170310435945
Low,80.67704441192257,0.9111562615875056,0.6833148437160562,Omnivore,4,0.8462953692010373,0.764030769513474,1,0.3112773951055871,0.6661392254003378
Medium,61.73736880840419,0.7736366450057608,0.5364971347181524,Omnivore,4,0.7852454606144283,0.3350954534024455,2,0.8706316604904558,0.5516829230331699
Medium,65.84406786137981,0.1452917119657816,1.0,Vegan,1,0.9545947194418299,0.943618716671853,2,0.6806183037286758,1.0
Medium,26.69368486597311,0.4638297318166321,0.771700670690068,Omnivore,1,0.4197741159041801,0.31118679105789004,2,0.7851611081745647,0.43149536570624336
Low,42.03050356174107,0.7748277666546214,0.7756246493589557,Omnivore,3,0.5785058106204528,0.567584078981319,1,0.6737754636321328,0.43845795017241374
Medium,73.3061966466943,0.43732953110341477,0.5924836940867253,Vegetarian,1,0.8105907053244223,0.41374616464620406,2,0.33658859229704924,0.7140474454916195
Medium,64.30161168573879,0.6331068227177317,1.0,Vegan,1,0.5564045813539661,0.3464196029079396,2,0.6916228078261684,0.7407125768367812
Medium,57.79192081971604,0.05021312145757273,0.48014264319589645,Vegetarian,3,0.6395785753031956,0.37986937647524266,2,0.7778733605347634,0.7824682113427852
Medium,68.47263537900184,0.608688760529318,1.0,Vegetarian,3,0.7265425702384565,0.464666876250112,2,0.8462664072641134,0.756227646017045
Medium,84.53696709203723,0.252652980000607,1.0,Vegetarian,5,0.9431982127549783,0.5658206054208073,2,0.4494754196188361,0.803671288557631
High,56.68436304694424,1.0,1.0,Omnivore,3,0.6335620615206381,0.1395126253959616,3,0.9661332087961247,0.5195374239931541
Medium,61.04054703987104,0.35544946358047846,1.0,Omnivore,2,0.5189398780523442,0.745834007433895,2,0.7116654463846422,0.6346019448639203
Low,62.88895378096958,0.2815538627281957,0.9654958858827947,Vegetarian,5,0.856777777398327,0.08396133586836818,1,0.7716346062329252,0.7581179945819714
Low,95.88164452910989,0.940888976711485,0.6968685662494445,Vegetarian,4,0.853363998966506,0.986772486840048,1,0.3804036940189025,0.8859705045864096
High,28.509656033714617,0.2501440230718102,0.3463677738850844,Omnivore,2,0.36393851666790633,0.4864960799607345,3,0.7503896822966352,0.5245053469465334
Low,70.24834522183212,0.49660879933434476,0.6758060103646369,Vegan,3,0.8054913662111884,0.49932088124892104,1,0.22859248241888955,0.9290353947063618
High,58.277966268614044,0.5700035405750314,0.2985198515640763,Omnivore,4,0.37279141020676765,1.0,3,1.0,0.5958057671849255
Medium,68.5015758927627,0.28480037424955085,1.0,Vegetarian,4,0.9973809670075282,0.5735931491007898,2,0.906333735388235,0.7684660805242969
High,50.139411690079136,1.0,0.5193648430782233,Vegetarian,4,0.4931914006972862,0.3300311533530269,3,1.0,0.6104429472481713
Medium,59.26552453712325,0.7509283935167222,1.0,Vegetarian,4,0.39392480298470456,0.4198465413794375,2,0.8938190555461493,0.7019464267787332
High,70.67115869198243,0.3639231641919388,0.7125284440192123,Omnivore,5,0.7067843538882704,0.9147132805613669,3,0.6414985868361098,0.7106549516341815
Medium,100.0,0.8146874494349541,0.9799564934633127,Omnivore,4,0.8051005072259951,0.7537444370361868,2,0.4553312126492755,0.7438352872105652
Medium,72.12054284103107,0.6272991331287939,1.0,Vegetarian,2,0.6052139755474719,0.791521569122259,2,0.29550295906747387,0.7173797064636256
Medium,47.27901602954237,0.9008678944015792,0.4785672031949889,Vegetarian,4,0.35288814900184684,0.0,2,0.8274730312172094,0.5247139109986907
Medium,53.643604769659454,0.31294561734835846,0.9894721212780369,Omnivore,5,0.5092696807113959,0.491002725745414,2,0.9206558473535089,0.5582727578129633
Medium,53.19878837424219,0.5741619996095829,1.0,Omnivore,4,0.8049419032809053,0.7393541151407864,2,0.8634372206165694,0.5913938658139736
High,33.06535241054978,0.700755274740986,0.38632491957638404,Omnivore,5,0.35192649753174976,0.2633050756708594,3,1.0,0.45146808415652173
High,55.04864712447844,0.6895609062276058,0.7762400722345879,Vegan,3,0.5833694595030463,0.23184766908590698,3,0.8976005214147477,0.8096116746306953
Medium,70.99243622732618,0.5561053995172126,0.7051641064495993,Omnivore,1,0.6145238645891428,0.5060933593926815,2,0.3442804647264912,0.6089590389448818
Medium,40.88651821384808,0.20562947553228128,0.9763388344693296,Omnivore,5,0.4655302658536692,0.0,2,0.820820343493364,0.4629819596127306
Medium,75.72723976575888,0.8557099224923927,1.0,Vegetarian,1,0.7506552773817674,0.904757896917996,2,0.3693745935002113,0.7991918018229298
Medium,67.31662231626507,0.4513360327392887,0.8125661664418724,Omnivore,5,0.656405611574491,0.9270872485814838,2,0.8885869505600897,0.7069296772372903
Low,48.98650017043443,0.9585162750026057,1.0,Vegan,4,0.6312785171126595,0.37016046581975587,1,0.7437235735941923,0.8514044872574573
Low,57.87705543993229,0.2608084271927763,0.5245408472080785,Omnivore,1,0.3904702275938615,0.9362200695524227,1,0.6136060138637421,0.5296057469760067
Medium,83.9748271146155,0.7827438396270411,1.0,Omnivore,5,1.0,0.9221045543084911,2,0.4233572280116381,0.8203090596859814
Low,71.00321720258799,1.0,1.0,Omnivore,5,0.1708996764730798,0.597200233675903,1,0.3560742234431388,0.5759797394862356
Low,60.131754823472214,0.6634583230160925,1.0,Omnivore,1,0.5826995804009099,0.9045990789429126,1,0.646295390068444,0.5655525275021893
Low,56.434750245585235,0.8712729076173946,1.0,Omnivore,5,0.8360917386925275,0.6841242333034815,1,0.8338684602484377,0.5996507172564695
Low,61.14913605677489,0.8274809597570061,0.7137598472821431,Omnivore,1,0.8528382994772097,0.8662008942069921,1,0.5706859179179901,0.7273239784363619
Low,52.32354663086545,0.36011771548900384,1.0,Omnivore,2,0.5549099859525589,0.8536595324133953,1,0.6793639740193957,0.6286977337807802
High,28.42875741421478,0.8001239399394966,0.5217374308935138,Vegetarian,4,0.12230372006204254,0.16516927867008988,3,1.0,0.411140402733838
Medium,90.63266865802096,0.25626133981135557,1.0,Omnivore,2,0.8796459409992355,0.9619854818727331,2,0.2994809283605141,0.711844446640197
Medium,62.32987498799102,0.5355258826955995,0.47272355300942376,Vegan,1,1.0,0.0,2,0.64989716383275,0.8513212743142073
Medium,65.97220897683806,0.2304219718143372,1.0,Vegetarian,4,0.8014745256249056,0.20122032632735182,2,0.8930050260459423,0.758787020771306
Low,59.13138375184637,0.7437368149524456,0.9996428406238951,Omnivore,4,0.25120347636961876,0.6441438374380998,1,0.6837057012401302,0.5528459539207983
High,48.97324798913118,0.7280584218921247,0.9982437851920243,Omnivore,4,0.506315275383856,0.5170788627855534,3,1.0,0.445822403391611
Medium,57.21113278576844,0.4112273626316605,0.3518323673399868,Omnivore,1,0.45239031418139314,0.19179405506406771,2,0.7659636398414402,0.4880522764924663
Low,36.00907856708533,0.26879709616697756,0.9434632070560984,Omnivore,5,0.10610442481509802,0.18653853577951032,1,0.7359050378077273,0.3629698077123445
Medium,94.15629747079956,1.0,1.0,Omnivore,2,1.0,0.8915737177959249,2,0.4005146712212736,0.8120762510170272
High,41.48232002366406,0.2717105208849327,0.8791843264805501,Omnivore,3,0.22076158000340854,0.3443847642439995,3,0.843663729845663,0.43823157759436243
High,44.52050574229231,0.24356068057242003,0.5145121425018052,Omnivore,4,0.7548680393665042,0.3024740661413307,3,1.0,0.5969673312724764
Medium,53.396111934203994,0.21725740049386455,0.7566706018319015,Omnivore,3,0.8021767373765198,0.021902402195447146,2,0.6808845981337667,0.5780011436255434
Medium,79.32113587278566,1.0,0.5070400506726448,Omnivore,3,0.6472885949636621,0.7661522537107284,2,0.5176337391169864,0.6062643969286675
Low,60.217634988939814,0.9792381683199844,0.7726752414038517,Omnivore,3,0.4437427908383572,0.44494532646741924,1,0.6137525863316081,0.5978094508837487
High,41.45796305954306,0.854927734772136,0.45111366789812013,Vegetarian,4,0.5492319029061722,0.9973214095439196,3,0.9940627938480077,0.7507284778634091
Low,78.81507541136008,0.9801066672064047,0.7431723635508825,Omnivore,3,0.9917033848082707,1.0,1,0.3564285048542147,0.802661113637523
High,70.96500940178223,0.5139617308407954,0.5174254554126098,Vegan,5,0.6593193922902767,0.631713511544057,3,0.723762932915122,0.8477963658253223
Medium,68.07652435824679,0.9720420941766236,0.5704369895381309,Vegetarian,5,0.8764562694917328,0.0,2,0.9519312478214986,0.7067660678261654
Medium,70.7360136175626,0.24278485013956466,0.4302487099079293,Vegan,2,1.0,1.0,2,0.30621455343300635,0.9109130219308954
Medium,95.91542850873677,0.20112518818165828,1.0,Omnivore,2,1.0,1.0,2,0.3277736786229109,0.855126230065925
Low,92.77642342554168,0.2122115392472729,0.9942928051031117,Vegan,3,0.721960064580454,0.6079661585110582,1,0.12302497038238296,0.9716575058149353
Low,49.69926985495057,0.5731279232725647,0.6452383205374925,Omnivore,2,0.6540962276183726,0.6799409648213316,1,0.6619101488226109,0.5652709390663148
Low,84.35827489216729,0.8809744007180523,0.9568205872296203,Vegetarian,3,0.8722191170395502,0.9416113849397201,1,0.2570794787617355,0.7828896173652434
Low,65.7475228463835,0.3666671778746331,0.9570308427134702,Omnivore,5,0.5931642448220081,0.3511940804193465,1,0.7239594536338578,0.5331194574934899
Medium,67.48643724206624,0.9778959877861265,1.0,Omnivore,4,0.82520635320695,0.28318383089806853,2,0.9020419399737375,0.5801947076167862
Medium,34.61593752535007,0.43442013811832947,0.3517726399130637,Vegetarian,5,0.5875721372574434,0.5110253209611842,2,0.9073159695683911,0.6543131795965382
Low,57.44421351917706,0.15044855077321628,0.5827735662311029,Vegetarian,1,0.6116444242129133,0.8013547920153117,1,0.5373689728778949,0.6515065714217787
High,47.807646144951526,0.6659667481861367,1.0,Omnivore,5,0.022248025202873667,0.49474239380436386,3,1.0,0.4215310501299052
High,72.42088222339964,0.9790371654224398,0.7332973977655226,Omnivore,2,0.7481717877569405,0.6803235618229535,3,0.6114247106633193,0.6359081289223064
High,76.06620750604208,1.0,0.402892688287538,Omnivore,3,0.8060546587536231,1.0,3,0.5984860562832104,0.7220280928741143
High,28.88270473475533,0.658768289956593,0.29205701631093545,Omnivore,5,0.8060094871186324,0.19568383215858648,3,1.0,0.5282774125807495
Low,59.66947703993594,0.5936068260491675,0.3246860869482317,Vegetarian,4,0.6226190646178064,0.0,1,0.7528669037541411,0.666251810425723
Medium,76.82792257191377,0.36734471215885334,1.0,Vegetarian,5,0.7340154898070741,0.8005396222488474,2,0.3998326996408903,0.7747315709570829
Medium,57.19981556529832,0.645916526405514,0.5648699268177146,Omnivore,5,0.7099607412913473,0.8224889251556782,2,0.8926989413571359,0.6486657926324795
Medium,70.93595467503546,1.0,1.0,Vegetarian,5,0.6493302300576471,0.7337094526370391,2,0.504682663481801,0.8417308365951902
Low,65.26748201440626,0.04905357258779386,1.0,Omnivore,3,0.5154495002681998,0.16021164935518845,1,0.6062178304557965,0.5564720161017297
High,65.1249034792894,1.0,0.9254657385395613,Omnivore,5,0.3323665195046369,0.3502780868828663,3,1.0,0.5451826416957805
Low,55.93027532897554,0.5622825027675228,0.31284769171043947,Omnivore,5,0.44019761877138386,0.424269232041695,1,0.7951743771295915,0.6634208661659559
Low,41.751287937964356,0.25209865956229993,0.29034807007674873,Omnivore,4,0.035953752138767,0.0,1,0.7162060253389739,0.38318585459956467
Medium,43.17704778862459,0.9548897100092579,0.6974742940510007,Vegetarian,1,0.4884198849251073,0.1868683478270483,2,0.7257526598391388,0.676138924980296
Medium,70.64028771682976,0.5833543030588989,0.7593734514956347,Vegetarian,1,0.7495699753212595,1.0,2,0.28876085012269276,0.8526633707730479
Medium,60.291873832783246,0.3316902516733856,0.9076366749456839,Vegan,4,0.7422026387311131,0.20410253319980176,2,0.8030021001165036,0.7425228237573616
Low,57.922316330891626,0.18149762827084115,0.728459391365822,Omnivore,2,0.3730027915650299,0.3935913696852425,1,0.5233513001460932,0.5372226876099006
High,53.64164936516471,0.4444522102566621,1.0,Vegetarian,5,0.24867434139745215,0.6620050402021964,3,1.0,0.6552137945781837
Low,55.42216731778872,0.8328490415914426,0.8118505520024546,Omnivore,2,0.9657144713559805,0.0,1,0.6058416910959692,0.6510493692224751
Low,75.7036769173221,0.7144100093171658,1.0,Omnivore,4,0.7413099928540855,1.0,1,0.25641532848023885,0.6602210908219155
High,54.971338771979596,1.0,1.0,Omnivore,3,0.6896753846217477,0.27278431458552543,3,1.0,0.5355527733315641
High,39.88402930047647,0.43196845215778584,0.34629202233558976,Vegetarian,2,0.4254224777538538,0.016447389727389128,3,0.8965662363203765,0.610991154508151
High,71.1547766331026,0.4211385738489015,0.5855085372840416,Vegan,4,0.8605365129673807,1.0,3,0.6069699279624166,0.8638585239474244
High,56.926850042029244,0.20608753097559002,0.39195291068416127,Omnivore,3,0.6148759148591486,0.7359195139161501,3,0.9929467499429138,0.5941756959480586
Medium,60.47093798299165,0.5078620376159938,0.4419930891448705,Omnivore,3,0.4443066892386338,0.19646449113532383,2,0.8019864816631269,0.4581577325340236
Medium,84.11367459599265,1.0,0.9331523399141963,Vegetarian,2,0.9495011267506808,0.5864515501422225,2,0.3678821535304306,0.7752328043544019
Low,59.69159163974239,0.694965268818639,0.6196372171661759,Vegan,4,0.657702388739224,0.5825063109468243,1,0.6870201214420381,0.7969611466332372
Medium,64.33775509678088,0.30839459196514607,0.7448616150106593,Vegetarian,3,0.3069121650639589,0.43805531932705005,2,0.7327716168297745,0.6268575215539401
Medium,42.31614763052512,0.8768585830261717,1.0,Omnivore,2,0.48206892297447346,0.7379455283511346,2,0.7494050160197505,0.5619818315037807
Low,56.7049582147356,0.7817222659879597,0.4402291388696261,Omnivore,4,0.4896270443154672,0.7315325008584237,1,0.6656540651238849,0.5779041315008657
Medium,69.14289067812902,0.015415166076539255,0.8865265241887207,Omnivore,1,0.5580770414241161,0.0,2,0.6574756638643955,0.5952914993554261
Medium,36.669393992381366,0.8168604805410224,0.28221812501555776,Vegetarian,5,0.5617624198158258,0.057691821155489015,2,0.8978795784285188,0.6537370992799476
Low,63.01267639673564,0.300526757238496,0.6335596952475568,Vegetarian,4,0.6157555223283272,0.3630610972366942,1,0.6864714295166557,0.6505880028354479
Low,61.5118660896721,0.1496734645836011,0.8350852541229591,Omnivore,4,0.6068346808357848,0.37147091552117995,1,0.6468104461652688,0.49783758562773756
Medium,60.619311833811594,0.22633083973707457,1.0,Omnivore,1,0.6240430448274686,0.6389725167414348,2,0.6673401376185887,0.6308921803789531
Low,75.55738347987365,0.568579804375139,0.7690151386828512,Vegan,3,0.7491024235732647,0.970080645892623,1,0.34451785413541197,0.9490164753033153
High,65.01657772272782,0.6248679270680111,0.3899895848283089,Vegetarian,3,0.6306137309371523,0.3496404378504854,3,1.0,0.6523116644485631
Medium,82.17107847534666,0.3888872993742267,0.7990168403370502,Vegan,3,1.0,0.34669695587834615,2,0.31192202807454494,0.8836812486490734
Medium,45.096157266089456,0.1722183222070327,0.371221962204425,Omnivore,4,0.31411262664328654,0.2786135299059886,2,0.786741441003772,0.5293633366000493
Medium,62.03886850827522,0.7622307896421693,0.5401839558328214,Vegetarian,2,0.27302955868569995,0.0,2,0.6813227707389624,0.6341130890494978
High,61.26700179584921,1.0,0.9244256321442365,Vegetarian,5,0.6216041918896583,0.7196189189077765,3,1.0,0.7422957187180833
Medium,43.9611825936738,0.7777915804196904,0.28722977917205067,Omnivore,5,0.2517282661796224,0.32878180375077076,2,0.9443948764792319,0.473023979956722
Medium,74.34442503137019,0.3959369676715412,0.8364458814068884,Vegan,2,0.5240939494675649,0.4951291396522728,2,0.39324740795525814,0.7787786592666076
Medium,94.87009958779227,0.34480896141213335,1.0,Omnivore,4,0.9455541315693935,0.85620951980156,2,0.48563886516654126,0.775591649033436
Low,59.744908882742536,0.21766587606593824,0.7205829367812095,Vegetarian,1,0.6523847164503627,0.22256749578523521,1,0.5376626239257146,0.6765526374769669
High,67.57531632410651,0.3366950744890363,0.3570029322442629,Vegan,4,0.6410179429109386,0.45808427909651306,3,0.9370329109633625,0.8423430037020727
Medium,61.267777137229906,0.5513305496923012,1.0,Omnivore,3,0.5213316087672208,0.30705577154374475,2,0.8473608386279218,0.5776918565380278
Medium,49.29622995139236,0.6054003719533442,0.6135969170974971,Omnivore,1,0.4528618584742877,0.0,2,0.712982587194289,0.4200690197402298
High,32.68859583296975,0.9055026606631373,0.9420201660981157,Omnivore,2,0.3166987764114662,0.2703934137295056,3,0.950037519202317,0.4486341110748283
High,49.41339775356953,0.8802133709336679,0.5727134809553008,Vegetarian,5,0.493597664816647,1.0,3,1.0,0.7628573323132121
Medium,39.120624285724034,0.29233331128338247,0.670619878422039,Vegetarian,1,0.03276263262962248,0.33438737074102687,2,0.6320257963543191,0.398227528449768
High,85.56153117088677,0.6303110053968465,0.8162712984654303,Vegetarian,3,1.0,0.48106263907089913,3,0.6667422205846593,0.7519391819979742
Medium,58.27335459115141,0.6815145354423379,0.6339060024653647,Vegetarian,5,0.2912121425418549,0.5026665465037718,2,1.0,0.574851890806979
Medium,54.81121006429244,0.34944764078362833,0.29590742752924093,Omnivore,4,0.4138955595500704,0.12831740216577492,2,0.8383447004049964,0.5383835168990734
Medium,73.33730737181709,0.312623189619313,0.726707474713589,Omnivore,5,0.42253227753238487,0.4321117200803314,2,0.4909329333716437,0.5494373967694529
Medium,43.17373345716168,0.37433615369673956,1.0,Omnivore,5,0.46519117516589586,0.23200992140394702,2,0.8520789505013445,0.5084249829499176
Low,48.49703942993172,0.27208415757797766,0.9328785357433422,Vegetarian,3,0.34285239483190033,0.23769867960116356,1,0.6367178384363895,0.6140446320651173
High,61.02108403872931,0.2883127212185778,0.4505282792890864,Omnivore,2,0.5734459557601399,0.4203453080971422,3,0.8835036512729529,0.6031553831699207
High,75.43153487135221,1.0,0.9683126789795002,Vegetarian,3,0.6057374195013588,0.8358350802365552,3,0.5655673631487734,0.72250484686895
Low,67.52527567753182,0.8531113891570363,1.0,Omnivore,1,0.46443139391154376,0.4407073663761677,1,0.5495700259622955,0.5562319684941955
High,63.72487713773823,0.4197503001668795,1.0,Vegetarian,4,0.13525007566940173,0.44221164271320157,3,0.9800272047723799,0.5887697249195425
Low,61.17176602854025,0.06477219952520175,0.45454322249939794,Omnivore,1,0.4934312081242441,0.0,1,0.5060166959612893,0.6038013997155077
Medium,66.00353783290163,0.7388274373511795,1.0,Vegetarian,2,0.41801776295493054,0.15320775615805765,2,0.6882540309972925,0.6202975805441794
Medium,63.02479357693882,0.2115286258634137,0.6166679811735595,Vegetarian,1,0.7341654957730319,0.5496398152380791,2,0.7275122700006412,0.7586900127339049
Low,44.550415878345966,0.39343548943686024,0.6768282237040716,Vegan,3,0.8616849051989536,0.713784702599904,1,0.6144670150968256,0.8686069827218412
High,60.69118832449727,0.26413525223738327,0.8295987013116327,Vegetarian,3,0.972897055713037,0.4492678127546836,3,0.9113869216432053,0.8156626964849384
High,43.89467011623371,0.4262695847584352,1.0,Vegetarian,2,0.4227211039846902,0.3436402620597686,3,0.9015053564040693,0.6508078877602032
Medium,61.216238143512356,0.7929022783296358,1.0,Vegan,3,0.4539429171715209,0.08448815847797803,2,0.8159283506351322,0.7244929808416664
Low,52.79028087767638,0.8043964469152018,1.0,Vegetarian,3,0.1379329627926803,0.19373187381906878,1,0.7374077776694978,0.5772419370208179
Low,98.09072434174291,0.3070848248877104,0.4984078029872552,Omnivore,5,0.8971536879388528,0.8889037099516759,1,0.3164943965288228,0.889055670923027
Medium,59.40158424372432,0.33591384510668953,1.0,Vegetarian,2,0.41158382888616457,0.8558358786223543,2,0.7044274124843625,0.6497824808080779
High,38.93640650607617,0.3342384190937436,0.24906899853195316,Vegetarian,3,0.24190989375724464,0.3847892994464708,3,0.9644222201352174,0.53949239471846
Medium,57.98729683984613,0.07417263028492238,0.555710141016666,Omnivore,1,0.2534377760545891,0.44386179282339167,2,0.6954223822807652,0.45354659874807296
Low,67.79038118456832,0.9921717144484095,0.8539397606506745,Vegetarian,5,0.8184536110903646,0.6424455742777978,1,0.924377988646248,0.772856020724641
Medium,85.10045919228786,0.7555939512448392,0.9054279849658333,Vegan,2,0.9528498955132011,0.4059109516132713,2,0.28078685814168297,0.8782030478686531
Medium,51.15821400091922,0.5420965091983188,0.8605008638919881,Vegan,3,0.32848774506833156,0.14687940976596459,2,0.8080294363404735,0.6296960956740774
Medium,36.2635803896454,0.7654985004052995,0.6607641306852328,Vegan,2,0.5338065754982815,0.2329055946053311,2,0.8105940292844162,0.7029562654059356
Low,72.25255517146472,0.9400771596877241,1.0,Omnivore,5,0.7344487202264327,0.2555313792689852,1,0.34851095256546616,0.5485690763963891
Medium,39.29101941150523,0.8067147680447275,0.43700394527211317,Omnivore,4,0.49895498553521245,0.5374529926069737,2,0.9509737300024756,0.59499714102355
Medium,53.457668377387726,0.016539449289876607,0.5413130359254245,Omnivore,3,0.6893984862865663,0.7271853087630353,2,0.7174269324449515,0.6695415695535446
High,56.13569271733509,0.3868078981904985,1.0,Omnivore,3,0.6343549548217029,0.38610338010599987,3,0.944601449978062,0.666038975325302
Medium,58.955498200498376,0.654905302117831,0.3715170047477481,Vegetarian,3,0.42543319515362027,0.7179979458920693,2,0.8698669523605422,0.8075485840648146
Medium,70.33746685611503,0.4757593478039629,0.961248156185385,Omnivore,1,0.9132356912165017,1.0,2,0.24293843681900723,0.6418949904589338
High,49.74548576570419,1.0,0.9304633808941317,Omnivore,4,0.6520031482378394,0.5354495755695621,3,1.0,0.575384826559421
Low,55.89406121749859,0.665404792638254,0.7850120295172325,Vegetarian,2,0.7164120739480853,0.7348628848714129,1,0.6549297914633072,0.7931773425359043
High,59.78594470575917,1.0,0.9931616023519331,Vegetarian,2,0.33199701000718496,0.47541096073769196,3,0.9575428915642675,0.6969862648844631
Medium,62.24396936278182,0.20144648164579382,0.48397449282587607,Omnivore,1,0.329050148218212,0.7887852338101299,2,0.7035733158529601,0.612170254336775
Low,61.46740762061884,0.8639570281150231,1.0,Omnivore,1,0.9172434212118044,0.4747196600987286,1,0.6263695684616257,0.6015100867117434
Medium,66.5400866283387,0.32135230581522534,0.4727261226115791,Omnivore,4,0.5377821902626932,0.3454324071239455,2,0.805689882412216,0.5891933744519445
Medium,72.65759264462606,1.0,0.76410040753888,Omnivore,4,0.7770630308704674,0.8135107904831407,2,0.5809366761522696,0.7350505476498607
Low,65.88951173476453,0.1576886720731473,0.40470515998202844,Vegan,1,0.9001690923464196,0.615012130479431,1,0.47374513915450217,0.8560868956777956
Medium,66.80378285263828,0.5163398188383266,0.8792299930805916,Vegetarian,2,0.9946315754318348,0.7906354360136691,2,0.8194831610754143,0.7734549391175058
Medium,36.266652498802834,0.792844533837122,0.8510790699196533,Omnivore,1,0.47749414683094504,0.07990593915227184,2,0.74686173686689,0.4622523382634157
Medium,60.753415487485206,0.4326424806040359,1.0,Vegetarian,1,0.5031127564930561,0.6015269995717487,2,0.66245093560223,0.6539570841455663
Low,67.19261322002413,0.4680840601876467,1.0,Omnivore,3,0.61459752293449,0.8426130827142666,1,0.6036832370567204,0.6551791337733553
High,70.93411791855675,1.0,0.8957735060469348,Vegetarian,4,0.7834808813577772,0.4572609070082072,3,0.6640462617608588,0.6725092183906272
High,49.61473838649309,0.6253081503011533,1.0,Omnivore,4,0.5311249312174965,0.6537646099465941,3,1.0,0.6529113255151741
High,50.11441087667033,0.8040721005990636,0.7290088924242282,Vegetarian,5,0.35794570300263917,0.8894651426673665,3,1.0,0.6325833019586848
Medium,51.38848987074603,0.0545396606751507,0.8181481024525995,Omnivore,3,0.0,0.25155077235548906,2,0.7441262608780779,0.3772575446816451
Low,68.04620849837015,0.84221008021026,0.9363295701619465,Omnivore,3,0.5332831783546028,0.6467475539791502,1,0.6879660187041142,0.5873233773770746
Medium,75.50821582386313,0.7481680489795435,0.7875208050058824,Omnivore,2,0.7124834691540627,1.0,2,0.4004072996606439,0.7070113650130742
Low,53.88809839062598,0.40402010286281353,1.0,Omnivore,4,0.5369542732472975,0.01840864062392572,1,0.6872631543340293,0.4391802459881071
Low,73.61943470440573,0.11616953995451976,0.5532731123670878,Vegetarian,4,1.0,0.7348985464020819,1,0.24878096175197484,0.7920742498537144
Medium,61.85219713746891,0.5916688205935039,0.8641031760589526,Omnivore,4,0.8319446377700738,0.7232876513682578,2,0.8769711969020925,0.6592806126179166
Medium,58.135713342563456,0.012657828484162192,1.0,Vegetarian,5,0.48903046326299676,0.49064237766658075,2,0.8329376870614282,0.6294438433443841
Medium,56.829236552730464,0.0012036139090179088,1.0,Vegetarian,1,0.6690426692282085,1.0,2,0.6837005225530236,0.6993805041408663
Medium,71.19917046903235,0.7160985621493546,1.0,Vegetarian,3,0.1790838486770514,0.7405812822858358,2,0.44434572562974467,0.6996471699746393
Medium,64.88366725180605,0.18901706733455426,0.8331586256891721,Vegetarian,2,0.8940561721431702,0.9441464491169265,2,0.7538380734279704,0.8493253262947841
Low,94.13738141471455,0.2918875497180953,1.0,Omnivore,5,0.8421017080644444,1.0,1,0.3638269827662485,0.8022480737009553
High,47.21663035504014,0.8532715658327437,0.6303208879045017,Omnivore,5,0.5096025866272347,0.8418157913901125,3,1.0,0.6088556553786761
Medium,67.77152553044964,0.05369718793937428,0.8070353905324485,Vegan,5,0.6836786367861292,0.6176213625102661,2,0.7554118382751522,0.774595803318403
Medium,52.06198485282731,0.31340556147455634,1.0,Omnivore,2,0.7258661187806271,0.042297042075578994,2,0.7232692305295815,0.5523512238691995
Low,46.960695195170345,0.14943190214201907,1.0,Omnivore,5,0.39987169816497276,0.5552459342863637,1,0.7268249438495624,0.5971609463326036
Medium,59.83699294447542,0.5801763697965339,1.0,Vegetarian,4,0.7629473440889921,0.0,2,0.8520556364634717,0.6116860268359766
Medium,62.06028719110554,0.6617651547273958,0.4486722977691659,Omnivore,1,0.6935365513932616,0.4170344972983405,2,0.6801771583568095,0.5552455869906827
Low,100.0,0.8211358535990435,1.0,Vegetarian,4,1.0,0.6934256907102956,1,0.39413019704236013,0.8828314796748297
Low,57.23781276475197,0.25523121691856543,1.0,Vegan,4,0.5507606985446682,0.3606076422081135,1,0.6354540374484388,0.79870975820658
Medium,43.04731905772975,0.089249751636584,0.5764862898622534,Omnivore,4,0.32859747529807937,0.7379900853211591,2,0.7747681533417365,0.5596688461544685
Medium,64.09516076241579,0.07868365694189783,0.8391220932337482,Vegetarian,5,0.6077876618378925,0.5264910117852494,2,0.8354941581305345,0.7184722017003654
Low,28.880399436804474,0.4261515484507238,0.9234972529970182,Omnivore,2,0.21235008811396566,0.8574020783003912,1,0.5779198539240078,0.43582183251394724
High,58.620648260936015,1.0,0.8551813788703289,Omnivore,5,0.6699692334735157,0.4690834925864281,3,1.0,0.622660319112579
Low,60.24037923442741,0.2177290342470246,1.0,Vegetarian,5,0.3755116798497835,0.0,1,0.7208027577008789,0.5646150453653089
Medium,71.91900574417818,0.3567416013415493,0.8153083938777193,Vegetarian,2,0.7336065772013175,0.42166391331245645,2,0.34089482006875,0.7497701300852417
High,74.6043337414177,0.400888802105859,1.0,Vegan,2,1.0,0.8768881902000698,3,0.44197115276741955,0.93079634788787
Medium,52.446455716384236,0.6055702738939303,1.0,Vegan,4,0.4364826420924496,0.032742604195994895,2,0.8050307629850876,0.6797241036302667
Medium,57.740789780551005,0.6798728739471749,0.7828043646611944,Omnivore,3,0.6650715714620212,0.3743829255128228,2,0.8539675708786643,0.7024497529541286
Medium,48.508187540839934,0.64293120816076,1.0,Omnivore,5,0.020425176670827827,0.6491485263815717,2,0.9118904255744438,0.4067713077601883
Low,43.079061677884596,0.8611302430447813,0.7615498995966195,Omnivore,1,0.11464344603146476,0.264354601455315,1,0.6362325926080599,0.3986555424441728
High,64.64842169070951,0.6864258350260717,0.7348929052551789,Omnivore,2,0.6198832744493783,0.37229728237499154,3,0.9506549740003095,0.643934111177061
Medium,40.896216771051016,0.13445704076706444,0.3123047577072021,Omnivore,1,0.39390388885055144,0.7170777948396574,2,0.6487070962448724,0.6193812252375595
High,53.78059649142205,0.48940513070441266,0.6623165588075344,Vegetarian,5,0.5460747233529168,0.38010013951313953,3,1.0,0.688249637193085
Low,45.07239060151144,0.6624299734213518,0.9592984077408413,Omnivore,2,0.8888827679035338,0.0629272737861365,1,0.6534651307832083,0.5628330259707495
Low,68.2452477943539,0.6131219737415599,1.0,Vegetarian,3,0.5658690068411889,0.8187956456586591,1,0.6211554149926051,0.6920227351805261
Low,87.02145148899731,0.6310031297429625,0.6867866613052969,Vegetarian,2,0.8870971038863581,1.0,1,0.13646974427738653,0.8945860336023079
Medium,40.476180257950034,0.6829644186886872,0.5576164186202528,Omnivore,4,0.2614855919627924,0.39147527626704465,2,0.8207734419776769,0.4720011618154917
Medium,32.20472275653646,0.6373908503732993,0.3149846078871085,Omnivore,3,0.46942571176999925,0.0944965502413038,2,0.8423893851897184,0.4416403594983238
High,58.12669671974899,1.0,0.9813563778277138,Omnivore,3,0.3511949185886238,0.2181933297724058,3,1.0,0.5618163839623466
Medium,60.235466939366376,0.5860163774782966,1.0,Omnivore,4,0.4625536313521662,0.33588062612572345,2,0.8568294575310071,0.5390682782835854
High,63.279889601359464,0.9786013587005564,0.9573516678549728,Vegetarian,4,0.4525051658289615,0.14916571075031,3,1.0,0.566321781759896
Low,53.30519227148483,0.24870715596646786,0.8836024913636504,Omnivore,5,0.6977921942189362,0.29644345790665927,1,0.7705276255098455,0.581768751922414
High,56.99041051761852,0.8781825845890681,0.8384419830885266,Vegetarian,5,0.5951015218175327,0.6397063632930493,3,1.0,0.6796666914391253
Medium,65.51265615810904,0.9021941183826757,0.4160190214760817,Vegetarian,2,0.7118256407019884,0.7669398040009539,2,0.7869125811530172,0.7002411755114933
Medium,75.60646338967258,0.4857323278998332,1.0,Vegetarian,3,0.7172808245816112,0.6381858713776966,2,0.4306248951869077,0.7738293528789134
High,30.674268445225756,0.9791041873386466,0.7554208857754796,Omnivore,5,0.548595722353826,0.3703512682846895,3,1.0,0.5307094501829883
Medium,54.465908414528066,0.7247893011954354,0.9338063109289274,Omnivore,4,0.5136734028066385,0.38334234144235835,2,0.9149038358921722,0.4240112785257809
Medium,63.20713190911595,0.05952619687182248,1.0,Omnivore,5,1.0,0.30758359590946505,2,0.909512557713795,0.7117396599171619
Low,46.23035843083896,0.5815083096240723,1.0,Omnivore,4,0.7161926044137127,0.2825264061431057,1,0.7487333461951988,0.6141909551837869
Low,85.96754447650949,0.2301893492008024,1.0,Vegetarian,3,0.5645076655825038,1.0,1,0.2170482624813086,0.779063462460978
High,50.46885179656894,1.0,1.0,Omnivore,2,0.6323955328684411,0.0,3,0.9742169894615418,0.4879070894667966
Medium,59.38060969489076,0.8114075027006562,1.0,Vegan,3,0.8473697166516885,0.150971249180464,2,0.8802894932155129,0.8303915921342129
Medium,68.34033145263436,0.10972380124712011,0.9229843892242314,Omnivore,3,0.6018562188417264,0.42751809948288044,2,0.6873828194996122,0.5999325835478924
Medium,51.13072816797158,0.12175199764767841,0.36453525687102367,Vegetarian,5,0.5935985611073845,0.0927323484877281,2,0.7423043910722062,0.6036566504432397
Low,32.301404282933746,0.594473854912619,0.620636929190105,Omnivore,5,0.027433166312230306,0.40061873102697254,1,0.7852021829986042,0.3846474577926654
Low,53.570182096252,0.3448891741731833,1.0,Omnivore,4,0.33649878467860106,0.0,1,0.6546524339938075,0.48331581016568065
Medium,75.44160833890561,0.13490585907310929,0.40493336645637723,Omnivore,5,0.7040891292206419,0.9896878321789068,2,0.47249453961815985,0.757056433836254
Medium,54.94657309822292,0.5416415078330531,0.33162030384726365,Vegetarian,4,0.27857321458777523,1.0,2,0.8642322900932391,0.5998311566646916
Low,47.30348547811532,0.3878450996858469,0.3036752097733979,Omnivore,1,0.484073652726684,0.46883455253548206,1,0.6000084666005445,0.553831614572982
Medium,73.88508314254082,0.20107649237174266,1.0,Vegetarian,2,0.8689271365361115,0.43003779073241644,2,0.3286402674064094,0.7201890344201908
Low,55.03837655965421,0.8019203922559827,0.7763585113614431,Omnivore,5,0.36720108407978347,0.7367018207032356,1,0.8067884344291144,0.5730919308889004
Medium,52.34758779524674,0.915076765278806,0.6306358824968272,Vegetarian,5,0.2553719091034387,0.3513646930637379,2,0.9647470677574576,0.6197060208153452
Low,62.24184134494964,0.75659393401413,0.4168262519864842,Omnivore,1,0.30664493569715445,0.26231261136163225,1,0.6152913057940496,0.45032868925041203
Medium,71.5612531442818,0.9224223100162773,1.0,Vegetarian,5,0.9580948450967132,0.6121487635558132,2,0.5139186238533501,0.8245687602421223
Medium,95.72570297598818,0.31649056726611735,0.7996483254308406,Vegetarian,1,0.6088444641981399,0.32466627707856427,2,0.2968323785998558,0.7586097976664631
Medium,72.40854161486135,0.363572950918601,0.6273667781389739,Vegetarian,4,0.7832444393971472,0.3814126611082458,2,0.3197412606239363,0.8048089738723242
Low,77.39759949582516,0.3085275402991877,1.0,Omnivore,5,1.0,0.4152539399901435,1,0.2992530600123857,0.6974224425563897
Low,52.41050701518217,0.765063431365564,0.8210634276727526,Omnivore,5,0.3285108416948475,0.4083768889502644,1,0.8276088895724666,0.5256453928728807
Medium,44.61197841045785,0.9479170789344971,0.5854705338655909,Omnivore,4,0.27732737659127765,0.0,2,0.8284655942468295,0.46606749733414193
Medium,60.934970244286845,0.7168372067339026,0.9461623220270223,Vegan,5,0.6444849391788697,0.22980559276805024,2,0.8608407901447735,0.8446921056356419
Medium,61.607548728893946,0.881466764879556,0.5792592640285879,Omnivore,3,0.6642096433360014,0.35935361885038,2,0.870676247368059,0.5011383264368876
Low,43.82230887953104,0.6386990948831726,1.0,Vegan,1,0.3385396607011753,0.5074048575669866,1,0.5332075133785202,0.6283312219916084
Medium,57.370582051439804,0.38765990055879906,0.5161718605648529,Omnivore,2,0.5142962951955126,0.47885842223426683,2,0.8014916341391216,0.5603530092423933
High,65.98976402578697,0.6257616149303051,0.4887865155109505,Omnivore,4,0.6780682313215223,1.0,3,1.0,0.685757800311279
Medium,65.4059009252712,0.07532143216740483,1.0,Omnivore,2,0.5732456887397493,0.2736327134794318,2,0.7835934341264565,0.49003403200761697
Low,67.56431780076409,0.03145719524602608,1.0,Omnivore,3,0.6015600569909721,0.828008199807736,1,0.6882225709964865,0.6350992379487675
Medium,64.36447095206165,0.6954756041890774,0.5044613304621066,Vegan,3,1.0,0.8011200196472807,2,0.8833267680021477,0.8711571245581479
Low,52.394870110949164,0.4384288920111806,0.3782201032446838,Vegetarian,3,0.7266346771500977,0.49074298131966737,1,0.6183289205457609,0.6345245854419652
Low,52.29149060026735,0.5522150680546295,1.0,Vegetarian,1,0.7413096958971035,0.478257036602054,1,0.4992360921019844,0.6920005421866529
High,42.01572903009186,0.7576612476224163,0.9866771273471473,Omnivore,3,0.3519469740782512,0.4293278714924643,3,1.0,0.5329498856391598
Low,86.77162558777643,0.3773758133333014,0.7611155016385464,Vegetarian,4,0.523963731747676,0.44131898939598513,1,0.286981951509758,0.8149770308976523
Medium,60.201755469289395,0.4758925108294907,0.9592061855598137,Vegan,4,1.0,0.7898270700069177,2,0.8576121126488975,1.0
Medium,56.627204163077224,0.47076022166770226,0.40729620736319694,Omnivore,5,0.44291541678658397,0.49435331424999274,2,0.9545033124188828,0.6135097743027902
Medium,46.06811877821312,0.388427221227857,0.7373882529387437,Vegetarian,1,0.5225361163987884,0.023150532233715715,2,0.63275583408992,0.615128446699159
Medium,100.0,0.9206753834010705,0.5187302920604199,Vegetarian,1,1.0,1.0,2,0.37149142891573833,0.894587034551304
Low,43.90007951665657,0.4511640036875959,0.6111022785048383,Vegan,1,0.32290768897028155,0.3332433591704623,1,0.5204491387262868,0.6931623966957544
Medium,53.5672811159089,0.6036445245059878,0.34267922705094955,Vegetarian,3,0.7159677733917245,0.46229253400697323,2,0.8499948839393551,0.7039632937666996
Medium,66.2375525442909,0.8955201203808261,0.8063349428783371,Vegan,1,0.6641777698567302,0.0,2,0.7588672123403896,0.821265505449328
Low,69.00319448616416,0.8662336228589225,0.7666976192837152,Vegetarian,4,0.6373266937097816,0.550285396104142,1,0.7807055704970927,0.8004886785771428
Medium,74.36898082823527,0.9904222037791651,0.8162299307792323,Omnivore,1,0.6275110228181205,1.0,2,0.32778022857685263,0.6160083702188437
Low,87.11412761653895,0.37000499646501395,0.4809019401306888,Vegetarian,3,0.6718227325143615,0.5376998079777112,1,0.20151601540522898,0.7475012711018402
Low,67.59236483191069,0.03498248830806283,0.6995781654413858,Vegetarian,2,0.3033601748279895,0.17688313946600542,1,0.553573198567447,0.6614215436116413
Medium,44.159538000499985,0.2610667998953292,0.9772815391024164,Vegetarian,1,1.0,0.5047763105258234,2,0.6470606231170701,0.7324547099398117
Low,56.14582312317328,0.27870734562070865,0.6496434889694864,Omnivore,2,0.8529262459982632,0.0,1,0.5464092484931672,0.5622405182196787
Medium,64.61748558770827,0.909360326724968,1.0,Omnivore,5,0.6667628582316318,0.7188022035899716,2,0.9058601269400548,0.6924229976453711
Medium,91.02339062258736,0.7492427328379706,0.82459567674667,Omnivore,3,1.0,0.6974532705180514,2,0.45658756363878156,0.7263621321461785
High,39.03291782363554,0.28170395960222877,0.6184040306083641,Vegetarian,2,0.6761702153539324,0.3497517622395302,3,0.9758315957352067,0.6811578081819213
Low,78.03864757837842,0.23537859601110114,0.9540853507211582,Omnivore,5,0.8996945751620431,1.0,1,0.3631788246934119,0.7201269635466249
Low,62.69871554319625,0.1556761255419754,1.0,Vegetarian,5,0.5579876395051502,0.5976199298699223,1,0.7506141301388112,0.8075956728596447
Low,72.56745802844222,0.7304217481689231,0.4716977367888663,Omnivore,2,0.9405031516575562,0.20321771585079185,1,0.2568513189186002,0.7161354267766503
Medium,58.47007925046102,0.7354140255070031,0.32526416491347876,Omnivore,4,0.76642323553801,0.5217047435948055,2,0.8278843064789738,0.6058811644986422
Medium,47.363510548105104,0.8596439105653961,0.8447747365505707,Vegan,4,0.6318685403321908,0.6176077860693664,2,0.9206038570555055,0.7967356578588983
Low,71.26309169101998,1.0,1.0,Omnivore,4,0.6451871684284158,0.0,1,0.2598650660595822,0.6009057505744935
High,69.81646540658431,0.4017045573864418,1.0,Omnivore,5,0.7739529395618023,0.5779690654514419,3,1.0,0.6312841366813179
Low,74.58085448609583,0.40977248472404904,0.857068519822481,Omnivore,3,0.8004900757093721,0.10216492583099335,1,0.27765344224704014,0.6037090416111525
Medium,59.80043046932047,0.24032288074483066,0.7670837734317008,Omnivore,1,0.5218607417279848,0.5057567245565557,2,0.7147006625461317,0.616496638526455
Medium,51.00266965020226,0.35876156746613774,0.8999771189962075,Omnivore,1,0.5840213407982564,0.8883851075168154,2,0.7184421599994761,0.6073745833629712
High,36.61819507464237,1.0,0.7387257325781816,Omnivore,4,0.6167383644074871,0.17483174234390877,3,0.9877095748800435,0.44380282067775184
Medium,72.2905990220911,0.6751125669393615,0.9955410527245736,Vegetarian,2,1.0,0.6260360621856795,2,0.33541298339852416,0.8354107644905794
High,66.3583422366598,0.9381918973244991,1.0,Omnivore,2,0.7634721905698382,0.6369187457093993,3,1.0,0.6973149033425224
Medium,45.51326050704061,0.490119236126782,0.9738724720228124,Vegetarian,5,0.4219258016103794,0.4820553516576522,2,0.9174773127425221,0.6072809782335018
High,51.92139490055064,0.22885791333612454,0.7564843661895487,Vegetarian,2,0.6901565627312927,0.47711005823815095,3,0.8886691711008325,0.6509332384450619
Low,52.99861782072839,0.06419548599781433,0.7268575481038115,Vegan,3,0.3555697035580009,0.0,1,0.5799028495873684,0.7435350979061773
High,37.75523352026373,0.7379230312678857,0.8283779161144347,Vegetarian,3,0.3021323548212076,0.3700080488760355,3,0.9186724238131008,0.5806517768379436
Medium,47.73476405092299,0.7187890348200257,0.6943801046749124,Omnivore,1,0.732380833693567,0.2074428357971235,2,0.6853364992767229,0.5586993631754466
High,42.99254464790469,0.4153305275287315,0.6727420745051633,Omnivore,4,0.8042788929851395,0.016044472239482577,3,0.9220442718578202,0.5443434717231654
Medium,53.81281482168095,0.721909573992304,0.2853699758949096,Vegetarian,5,0.7661098555958843,0.5082194450869829,2,0.9497168077627502,0.7844286906556897
Medium,48.919537525056555,0.8106657734835124,0.4186618250325912,Omnivore,4,0.4728767571762141,0.44941666493201393,2,0.7344575482409536,0.5504549696341237
Medium,35.59492618699877,0.4118974783621112,0.6664882709307469,Omnivore,5,0.0,0.0,2,0.8547974685365313,0.3933310347014561
Medium,90.33885345854222,0.8464192328441049,1.0,Omnivore,5,1.0,0.6330169737575239,2,0.6333055484727572,0.7361736548381005
Low,78.78811096543846,0.5040299503284599,0.6726675615543165,Omnivore,2,0.8926165903512857,1.0,1,0.18968836014780505,0.736857526854263
Low,48.314708677200215,0.67835062945502,0.76421697651715,Omnivore,1,0.5936395676678289,0.02518030298039553,1,0.5291973859636452,0.5020305583613478
Low,64.08632094980415,0.763997049319543,0.6653936895082528,Omnivore,4,0.35405271486347323,0.5842094522023532,1,0.8381195929994527,0.5818771720027834
Low,66.26197634731942,0.9919266183081108,0.4361138712761861,Omnivore,3,0.5964984501143777,0.1905348800310574,1,0.679001603888534,0.5153344043728735
High,77.86628782160216,0.6453966620635961,1.0,Vegetarian,5,1.0,1.0,3,0.7639494935586446,0.8674189278922899
Low,47.72092460009882,0.41104078057461146,1.0,Omnivore,1,0.27243435101701174,0.6070773904679378,1,0.5271956187782588,0.49232741011559217
High,76.38160175973638,0.46562005941017137,0.4604004332655883,Vegan,3,0.8794911751484709,0.38770110178619543,3,0.5922025659453798,0.8417462977576834
Medium,51.78142043689597,0.2040730584018069,0.9786943646527645,Omnivore,1,0.3865711497165657,0.4956513543911372,2,0.7850398303936915,0.5527538545046045
Low,39.9620639374708,0.6933950025983777,0.5473902240448543,Omnivore,3,0.501116683612083,0.0,1,0.6768069310406436,0.48017888696248473
Medium,70.86204838971746,1.0,1.0,Omnivore,4,0.6688278327855173,0.046754072291319226,2,0.4828779325054677,0.5305019500316914
Medium,79.36137636183642,0.4946049516612405,0.6992054016381598,Omnivore,5,1.0,0.6328833741233856,2,0.5352136369614624,0.677769400965696
Medium,98.81863460296026,0.2798444468355412,0.7328316183774012,Vegetarian,1,0.996437954021692,0.5962011317630592,2,0.22853512489911848,0.8665874172110388
Medium,42.004121023646796,0.28509949938299406,0.7779111534236391,Omnivore,2,0.6189815866019988,0.40952931662807457,2,0.7915835390922803,0.5096285124949214
Medium,70.48379527621184,0.5550517048081386,1.0,Vegetarian,2,1.0,0.08453810243769311,2,0.323429529749021,0.6665627621157438
Low,53.85298134309701,0.2906503293653684,0.461783778535283,Vegetarian,4,0.735747816220042,0.2818946173152356,1,0.6019657224088296,0.7242327850818382
High,71.75038065786048,0.5335790831218663,1.0,Omnivore,5,0.8328179790856206,1.0,3,0.648467361657513,0.6481743618433724
High,37.942656731531244,0.9359844887570796,0.2511198667987779,Omnivore,4,0.6108883525439999,0.7454049553867679,3,1.0,0.5547876127738678
Medium,41.05845336452154,0.007844921240623193,1.0,Omnivore,5,0.5231127519912053,0.8440452119273805,2,0.7280356756655468,0.5253277670514562
Low,48.36187765250274,0.5392305273364831,0.32288430440981253,Omnivore,4,0.3620202022167265,1.0,1,0.7046967497171263,0.5219909894321064
Medium,61.184460685021264,0.7937668070297539,1.0,Omnivore,5,0.4426680093454579,0.3886685115506848,2,0.8749982088879502,0.5667764820220483
Low,50.38378100192467,0.2662282863174682,0.7427261544623261,Vegan,4,0.6418665233260472,0.0,1,0.6542342582418139,0.6963639743169694
Low,69.88581515870129,0.6032915106120174,0.7975201885894263,Omnivore,5,0.5737974325051709,0.9135645976467044,1,0.7058253606364984,0.6347184659675609
Low,75.40341927386872,0.7689001056186178,1.0,Vegetarian,1,0.6095674550163298,0.2933893357024621,1,0.21006500426155328,0.6114706890615814
Medium,68.99366311868033,0.65502469640509,1.0,Vegetarian,2,0.6518154183550294,1.0,2,0.7648925279016412,0.8558377412158688
High,84.28181459491302,0.7458496341987176,1.0,Vegetarian,5,0.49759592290254306,0.7272017036786874,3,0.6019118675878271,0.7587100258723452
Medium,66.23739944183015,0.3465779878757792,0.45830628906619925,Omnivore,4,0.5315968773408034,1.0,2,0.9053926785841904,0.7086113543530939
Medium,41.74654934489749,0.8359240730278135,0.71490283237969,Vegetarian,2,0.2703489905444206,0.30158216555671485,2,0.7993137845014754,0.6315980072242373
Medium,80.45064770307509,0.8584459569998643,0.931416339471038,Vegan,3,1.0,0.46656026536345563,2,0.4112367883900236,0.9669368354852068
Medium,50.92265646591004,0.3212551734139125,0.7690597104648599,Omnivore,4,0.6594489011574496,0.6425856698844465,2,0.7943414666679075,0.5856122745995761
Medium,73.65627749528355,0.2030191944422061,0.9377732259964275,Omnivore,1,0.6522916045283116,0.7605757500436872,2,0.2674017299415563,0.6561211979135025
High,83.60601324832659,0.37180754544546923,0.43675478003602364,Vegan,5,0.6826855739026849,0.3531235996740036,3,0.5740595744635254,0.7892423845919772
Low,66.85032016095599,0.09427597789893605,1.0,Vegetarian,1,0.18091470498315332,0.5467003903181317,1,0.5754880826198754,0.628951857068394
High,37.55761780253025,0.7828693611920428,0.9001823909656392,Omnivore,5,0.08264422565869517,0.14023105635686925,3,1.0,0.34345142158889513
Medium,46.22681750235313,0.05166217582898969,0.3466038626896536,Omnivore,3,0.13024514847292318,0.44649267970531414,2,0.739015132769007,0.5337829961914206
Medium,79.84116700327704,0.43692687496403837,0.9694452774621859,Omnivore,4,0.6030738636243339,0.6549212154129995,2,0.4242680787135892,0.6906285474892079
Medium,57.463159715357754,0.7531997019142294,0.8556769810125634,Omnivore,3,0.5725614016849435,0.5197965016608219,2,0.7811844034072452,0.6125609721140514
Medium,61.193603024132486,0.2943481665153781,0.9884184353110625,Omnivore,2,0.5743675313556447,0.5145973649053323,2,0.7430212841535507,0.5606501994907731
High,71.38236624245414,1.0,0.4423095233473518,Omnivore,5,0.5352314092157008,0.4890802390750059,3,0.7139923180485457,0.6571244137612835
High,70.44484293120485,1.0,0.9787275219221205,Vegetarian,2,0.6942677961383105,0.6949331491404511,3,0.5858438915247834,0.670192132019728
Medium,64.18199718578191,0.24582713263321632,0.6016619366752507,Vegetarian,3,0.35519054311613574,0.3073149414167743,2,0.7891233200143435,0.6248548814625225
Low,56.86997443169301,0.7288221800927455,0.7913528626546369,Vegetarian,1,0.6575354091942406,0.9684501940431702,1,0.528416104696525,0.7497492653979083
Medium,55.30997331401464,0.7477766382721007,1.0,Omnivore,2,0.7058935943825076,0.45613870735029804,2,0.7386289722965096,0.6788673060976254
High,72.86848237937015,0.6974539256670268,1.0,Vegetarian,5,0.8272618062695136,0.8599057635080045,3,0.6771236196935244,0.7323828502848255
Low,68.30354296601689,0.21042048374151823,0.46042073250807786,Omnivore,3,0.9018183832939319,0.408820010873015,1,0.5864430458616617,0.7256451635664007
Medium,56.140499990733154,0.5212708068918691,0.871887287069739,Omnivore,5,0.2579341455356027,0.34052238637593524,2,0.9711650081231201,0.555796589741486
Medium,76.23168469489711,1.0,1.0,Vegan,3,0.7702736158637787,0.911923392903972,2,0.4491893852591578,0.9582838963854019
Medium,58.06448827305324,0.639616732432062,0.44709187870026845,Omnivore,4,0.39008836974510275,0.7117965645409844,2,0.7920152126600085,0.5366548615134024
Low,47.2250673849841,0.1729224976272612,1.0,Omnivore,4,0.2418860083885903,0.35672780988512753,1,0.6627555390644408,0.5009803284921042
Medium,48.615439516449825,0.6827569247335199,0.945625278136026,Omnivore,5,0.20323264551141784,0.0,2,0.9085216231611689,0.4830119231303749
High,45.31888745535351,0.6272030272818345,1.0,Omnivore,5,0.9488775111922108,0.220442581273296,3,1.0,0.6171665207288998
Low,55.91384975094469,0.591528797355373,0.5615275758973689,Vegetarian,2,0.7414015858302476,0.4394290708866265,1,0.6114105466900015,0.7218939012290946
Low,78.50586417504289,0.8340640350231079,0.6804182502550569,Vegan,1,1.0,0.4494997442135312,1,0.21326049431821287,0.9262654012904282
High,47.92357228454237,0.7149473515144449,1.0,Vegetarian,4,0.549788017058491,0.017707593765018903,3,1.0,0.5757027150643295
Low,62.827136415271546,0.8139839745733086,0.6739677141689164,Vegetarian,2,0.46269572228868894,0.7797627333617299,1,0.6826694020707231,0.6635096595109058
High,50.149659815588805,0.9221555793166278,0.31376368977075453,Vegetarian,2,0.6358698205653297,0.36375151448373366,3,1.0,0.7026638583255379
Medium,56.09536438092844,0.6150733400185107,0.8810735254840922,Vegetarian,2,1.0,1.0,2,0.7159930542447925,0.7820973474370085
Low,37.34938182022122,0.1507928158323515,0.31156457814294874,Omnivore,5,0.4784277401476458,0.26096161715075034,1,0.685756927370817,0.5130682748291461
High,56.691926562651936,1.0,1.0,Vegan,5,0.5444078991702779,0.5256659066542775,3,1.0,0.710748669414728
Medium,57.09441930292557,0.935905585319816,0.9272185390156853,Omnivore,4,0.6252627215787068,0.2991494125146821,2,0.9396858756475246,0.5584715804890673
Medium,68.10431916053543,0.13696512380929482,1.0,Vegan,3,0.9041265597940379,1.0,2,0.7315401336709094,0.9923535416968925
Medium,63.34921369883056,0.48824112943343057,1.0,Omnivore,3,0.6302814563107271,0.43720240386986864,2,0.6877038734630199,0.6073391382233536
Medium,42.02411812571932,0.2588887419705045,0.3222342389667927,Omnivore,3,0.3968920522018305,0.28932509627311137,2,0.8163647821598056,0.5519686185781373
Low,76.26297366065315,0.8545233074255646,0.7623855447376879,Vegetarian,2,0.6271064648672358,0.34984602315623786,1,0.19679617852761078,0.797053605988675
Medium,63.15454560332993,0.7216296360047,1.0,Vegan,2,0.7024895021887541,0.6401685738582419,2,0.7555013266925557,0.8760889568505731
High,62.9759027576623,0.3408851205703987,0.7322209870546372,Vegetarian,4,0.37593767230599845,0.4258397168469217,3,0.964715906852044,0.6656510499222503
Low,59.86226469922292,0.8770272712616372,1.0,Omnivore,4,0.5216792678534972,0.20806584777748488,1,0.6336922231280571,0.5397782789994672
Medium,52.23363829166671,0.18097306397800228,0.9969086413517827,Omnivore,1,0.49664051435411044,0.42071881620133195,2,0.6092236121302926,0.5352083894085382
Medium,63.26703509623089,0.7972590256481075,0.3318350921714755,Omnivore,2,0.4206728292711214,0.744574608637569,2,0.8225696470264909,0.5690777670807396
Medium,67.13382653892873,0.4569803596280049,1.0,Omnivore,3,0.6668278240907419,1.0,2,0.7938689492042361,0.7226999064359377
Low,33.79656462981667,0.32827229355815124,0.26978760801764096,Omnivore,5,0.5286579489846254,0.35238596928721116,1,0.7806448317150806,0.519477427997848
High,51.91858743980856,0.3582392626742135,0.40011666137912866,Omnivore,3,0.8092897175354943,0.2674805699135323,3,1.0,0.6353344528417777
Medium,56.17579544394616,0.1676142561466294,1.0,Omnivore,1,0.5144218783817159,0.605140190988598,2,0.5851249652269355,0.6581902442930573
Low,63.84255908541417,0.6618905547009003,1.0,Vegan,2,0.5474218328621261,0.48989630978751153,1,0.5996252173976231,0.8828208408581796
Low,77.89966508890689,0.6504303879471205,0.9258479533440904,Vegan,1,0.726819064073776,0.6660553945250507,1,0.1595180117629062,0.9027568419681362
Low,48.423887781048265,0.1220854216512327,0.5311691718510205,Omnivore,1,0.6093830555508759,0.4029049465911912,1,0.5878697967582285,0.5937813459450116
Medium,52.53057229773237,0.11269786043832519,0.6139684067418374,Omnivore,2,0.40053678649949515,0.5761676906678739,2,0.6572580957957821,0.5327889891340188
Medium,52.31198834030175,0.07231057477279146,0.6044492712975648,Omnivore,1,0.39805998738721515,0.614480536731504,2,0.6736467765096694,0.5927699889178283
High,47.97708614843188,0.9437673473735442,0.5665635345516716,Omnivore,3,0.533977455851531,0.38498103685695984,3,1.0,0.49886764082536533
Medium,54.79220257331606,0.7118820852292892,0.51687068468823,Omnivore,2,0.6516821285262264,1.0,2,0.8157043492868564,0.6449311953866661
Low,71.56203329981957,0.15843099085457515,0.966677261128331,Omnivore,4,0.7557953853252065,0.8719248430328219,1,0.2914104185631333,0.6306468656020613
Medium,44.19246756953481,0.560270075596973,1.0,Omnivore,5,0.46671251753483395,0.0,2,0.8701810680825585,0.4171856113228353
Medium,66.41721592729355,0.0846761552426899,0.6391684927198089,Vegetarian,1,0.5672835742849018,0.44942107570897055,2,0.7128544010907641,0.7073434357035978
Low,34.471466549724965,0.9037457706089417,0.35905163021003694,Omnivore,2,0.34878347875348653,0.2814445988851494,1,0.5600627686987685,0.4179694591208433
Low,51.57993005336691,0.9071174191801324,1.0,Omnivore,1,0.03913780080091056,0.6125964451084583,1,0.6157884472459006,0.4454410539551908
Low,55.05766049673021,0.6982329898131301,1.0,Vegetarian,2,0.8605324986935715,1.0,1,0.5332171196093193,0.8040295897322985
Medium,85.12289509371098,1.0,1.0,Vegetarian,2,0.8834529533205944,0.49353515179262425,2,0.48933919298304684,0.8441574078247434
Medium,55.87796542870968,0.8114530304136905,0.444909562748458,Omnivore,2,0.9795742155931356,0.8109290511956455,2,0.7237544621894728,0.7874232553201259
Medium,26.981347898236223,0.8285385759270494,0.2791580536077727,Omnivore,5,0.5275391744523619,0.2859284717183693,2,0.9097839141184374,0.3936588394077991
High,30.016666397081252,0.7697078505699333,0.691512726290403,Omnivore,2,0.13714692915940024,0.3488767120828513,3,1.0,0.37935684053171137
High,60.51044379520022,0.506059198216176,0.9169858738110963,Omnivore,5,0.5322844285867988,0.8625463610009211,3,1.0,0.5196383331390463
Medium,69.20656283684863,0.21779911511642158,0.8262062560438327,Omnivore,5,0.47162188584086734,0.07760795839272744,2,0.8354607097273542,0.4770934541869414
High,65.6318378644088,0.5272000220389292,0.9271258256459194,Omnivore,5,0.5224030795015566,0.7073854486855529,3,1.0,0.6327157276677933
Low,62.51355158701485,0.6284954300890621,0.4929475268101456,Omnivore,5,0.31236740390628887,1.0,1,0.7774592700742058,0.5860470190320344
Low,77.433893962585,0.2726565358323989,0.8667832239770084,Omnivore,4,0.5896156797593102,0.32790104720326685,1,0.29840866366458446,0.5254857774880954
Low,51.90613168894303,0.2586402366373216,0.917623219384383,Vegetarian,1,0.3120409784453393,0.43324963641784364,1,0.5153462758974493,0.6261303068773093
Low,73.42365834040238,0.5680608627954644,0.7998247409507157,Omnivore,1,0.9105424871591803,0.815366949239993,1,0.14069851224003044,0.7878294743449724
Medium,35.519776724603744,0.23305009852461556,0.8570462194396167,Omnivore,2,0.031086196929247856,0.0,2,0.7576807445883958,0.32463719881023045
High,46.42578250592901,0.7886436697160617,0.6833201930834847,Omnivore,2,0.909432623987517,0.4876729914047089,3,0.9162105713969456,0.6445919773905752
Low,32.89437907602276,0.9231760284563298,0.498071476222391,Omnivore,5,0.264591877219671,0.19589106614842383,1,0.7386232826236119,0.5181993820410307
Low,55.877320489953114,0.7480893657031265,0.5829916495368579,Vegetarian,3,0.8281974413680566,0.8861863202293836,1,0.659029430845403,0.7218806747036155
Medium,59.30608174100486,0.666426614148913,0.7074324676936123,Vegetarian,1,0.4002255636138014,0.2723753561370831,2,0.7156482400606201,0.621728660320326
High,61.7115223833978,0.7827214759837788,0.3316472345991898,Omnivore,4,0.7727454235271687,0.5016482290455749,3,1.0,0.5546079069241107
Medium,60.92825029330703,0.4879479092570649,0.9731663899126488,Vegetarian,4,0.31559353857056704,0.26626342160825783,2,0.8585891234306208,0.679277529640069
Medium,46.08670003782408,0.1865638596346597,1.0,Omnivore,2,0.16605728931665215,0.348345291852874,2,0.6526517613496878,0.4810952240072094
Low,57.14638733380176,0.8947104554268656,0.6403590311121274,Omnivore,2,0.7903625438431062,0.26090542208452633,1,0.6643940267281049,0.568032110484405
Low,37.53829997091377,0.24853600201283632,0.2337246359962874,Omnivore,2,0.35099793069933366,0.19715303572857548,1,0.5644321034717215,0.4556972241962841
High,80.44843462698375,0.3913088775781608,1.0,Vegan,5,0.7648400102901739,0.3264949909110274,3,0.6110283984845907,0.8933617562635675
High,55.44560890652998,0.9500151792286953,0.5409262999837169,Omnivore,5,0.3537998492851983,0.2532389456409889,3,1.0,0.4270078823633916
Low,52.66670821434463,0.1756155343311664,0.38995466276249613,Omnivore,3,0.3524203796916813,0.21367794147178007,1,0.5814066116530598,0.45624902631489195
High,83.83410492666124,0.6718959995411761,0.7889230326063341,Omnivore,2,0.5191387430721183,0.5610238204558263,3,0.6064392297208362,0.6386344596896698
Medium,41.366301996761564,0.028284928290979727,0.9453885506173645,Vegetarian,5,0.309001735619506,0.30974794135262734,2,0.9372098665620402,0.6201155885482392
High,43.11619328952047,0.3370679425404481,0.509497563338168,Vegetarian,3,0.4824069286842748,0.0,3,0.9841178592267381,0.6055263086435669
Medium,43.55669512697152,0.17320363075991208,0.7924866795543454,Vegetarian,2,0.4514131703563032,0.40584481683341067,2,0.6836843934102613,0.5456408854263999
Medium,58.98192927450777,0.05441012775017795,0.7104696408096811,Vegetarian,5,0.6077717377688104,0.8632541468499331,2,0.884111710778723,0.7757735772934264
Medium,66.47447444456395,0.6566569566228452,0.4501363644994383,Vegan,3,0.2541390240044163,0.7801308601747206,2,0.8290998251152174,0.8208062534993764
Medium,71.09513202176751,0.9370077958031172,0.6857626726009478,Vegetarian,5,0.7502961672153678,0.3323920229214483,2,0.5076259956561834,0.7757423021085359
Low,98.57992976242454,0.47331540636594094,1.0,Vegetarian,4,0.9220324535637933,1.0,1,0.35079691390497536,0.8825825724462649
Low,26.258513186988544,0.8745764767182007,0.7432964632663884,Vegan,2,0.1053869693826622,0.0,1,0.6374425793267393,0.5451277093451679
Medium,69.13103383686625,0.2133465745601265,0.46543354906789225,Omnivore,3,0.4442855441450994,0.6639538223113343,2,0.6487456855939623,0.6657308998230584
Medium,51.64304141141653,0.3253904235612395,0.42153761677139123,Omnivore,1,0.6492197605635446,0.0,2,0.7564451275488053,0.5097460144951343
Low,51.2037727666684,0.1507369930311684,0.8967522231407874,Vegetarian,2,0.08681857248684088,0.609549450548806,1,0.6405480740119511,0.5874812964268994
Medium,50.70341807619184,0.6205591954189986,1.0,Vegan,5,0.2603570622907843,0.42403563203249556,2,0.9088553370660241,0.742173224998721
High,46.3684549378804,0.6198695908703069,0.5813167706475713,Vegetarian,4,0.49311092413036034,0.4279989099635685,3,1.0,0.6976321046387781
Low,85.26787251905178,0.7132833468418986,1.0,Vegetarian,2,0.7498591397629039,0.7157883758312127,1,0.23857305635868284,0.7560583339219619
Medium,72.63445990520854,0.8616749053941836,0.5338158882781481,Vegan,1,0.8019838434289426,1.0,2,0.31239032344831963,0.9707795007394718
Medium,60.347939678360625,0.5457030160329485,0.613116035297127,Omnivore,1,0.6227530038108507,0.7650332034965583,2,0.8380387429429004,0.5946154082650088
High,80.265236287305,0.9276303549017878,0.4215963871095776,Omnivore,5,0.6668077405277729,0.8836632399612856,3,0.6618994547039091,0.7223694782847171
Low,37.31206552051687,0.9352503143943329,0.9548362754021069,Omnivore,4,0.0345610831013376,0.4775184503829828,1,0.7460897157286221,0.46237245827123913
Medium,40.039423030036104,0.2990643096088431,0.6012069349231473,Omnivore,5,0.5510239631559379,0.9353964442061764,2,0.8239906117708766,0.5873259442760794
High,27.330484017079684,0.5591639386339531,0.9527779937393523,Omnivore,4,0.23872413710698293,0.15215932969444648,3,1.0,0.3493036596107587
High,49.50878189815069,0.9177033617093369,0.9559169055134797,Omnivore,5,0.2320200727486526,0.0,3,1.0,0.3950158021478001
Medium,62.425477900571295,0.6113055170553867,1.0,Omnivore,3,0.2043882742774915,1.0,2,0.8541918780336595,0.6154025593178762
Medium,61.54287866898501,0.17853290453971482,0.5933730629278078,Vegan,4,0.681935666974686,0.37030424766240055,2,0.7568412847288594,0.8195811521694867
Medium,62.240128665898204,0.3761473100104902,0.4963093737573363,Omnivore,5,0.49533366004662016,0.6673605413905811,2,0.9014153638530101,0.6182120956966134
High,38.83414753400877,0.667838013124715,1.0,Vegetarian,2,0.15921637158554935,0.48001661466511725,3,0.9364742998325799,0.5435714541594736
Medium,72.04732113921033,0.5193898379683893,1.0,Vegan,3,0.9560874376688895,0.3802085733836602,2,0.33612677335267077,0.8545475534076454
Low,63.59441277358497,0.1782748083220408,1.0,Omnivore,3,0.26095119867680455,0.10585013340989724,1,0.6373436379818729,0.5134797564080328
High,70.99581422198997,1.0,0.3681124448198836,Omnivore,2,0.6600006184770639,0.9114087128562992,3,0.517650939605466,0.6488149875954581
Medium,31.60856733614922,0.7623187616939758,0.5125044569766327,Omnivore,5,0.46102836339114045,0.6439368303631257,2,0.9113187228417694,0.5426920661836047
Medium,64.67236288196685,0.48135583210785227,1.0,Vegetarian,4,0.7444453982744563,0.7289300793834317,2,0.8770177235812346,0.6924329493357257
Low,42.1835214012371,0.6800610283068366,0.2889004399961688,Omnivore,2,0.16114290256648628,0.4721739248917412,1,0.6279421522479393,0.4681630803416553
Medium,54.04015121172957,0.8972826721355218,0.8375406856275835,Omnivore,5,0.8038679616956647,0.030814220580040463,2,0.902574751021066,0.5358883171862328
Medium,68.01547347954575,0.13617414236157122,0.769150134852732,Omnivore,5,0.9641299617551506,0.4672532118673134,2,0.806895067356944,0.6870539985107441
Medium,61.366404093838696,0.2503730507069777,0.3244485276103008,Omnivore,3,0.8185475992737524,0.8754864183036657,2,0.7668247729886917,0.6194784540809154
Low,47.22690030331022,0.542701247256645,0.47211007863600246,Omnivore,3,0.2989351395104849,0.15949247332357072,1,0.6654817832648138,0.5351764192223287
Medium,60.094097342766275,0.7990103713523586,0.5852624757805456,Omnivore,4,0.5558783939235545,0.5406239476168062,2,0.8806173800709736,0.5041313158811866
High,37.026970271345355,0.2362548954415274,0.29699479770304926,Omnivore,5,0.6218831734345093,0.44690625652695304,3,1.0,0.5957840642992758
Low,77.25401093847444,1.0,1.0,Vegan,4,0.8613631329800819,0.7981761055358758,1,0.33848041794863826,0.8909081735033898
High,56.92073970755623,0.6549066028823971,0.5270015747896701,Vegetarian,2,0.4415668799302282,0.1669663017630899,3,0.9873015257477152,0.6499992059983103
Medium,76.77824916382988,0.459231140621723,0.6615107454385378,Vegan,2,0.7252338558821202,0.6045038318293368,2,0.35537536762202276,0.882274480027551
High,52.10202469355936,0.4927244378397719,1.0,Vegetarian,3,0.2160672718902708,0.6879374850687989,3,0.9594020889632207,0.5901916536048384
Medium,52.14636017390126,0.17435670765087163,0.7278548935626458,Vegetarian,4,0.7513046783737607,0.9922641218693167,2,0.8064042878502804,0.7331866200243088
Medium,48.5371982004323,0.7915739089300279,0.6348141379714338,Omnivore,3,0.4649868742897657,0.33972877641325855,2,0.8078583851533748,0.5765118087445273
Medium,73.14260897539613,1.0,1.0,Omnivore,2,1.0,0.7328708977671229,2,0.4941201720791478,0.7276407606216297
High,49.358532640072866,0.6136447548453983,1.0,Vegetarian,5,0.12839063593411099,0.06341952230355369,3,1.0,0.5170984929851112
Medium,69.66893148622765,0.9524206947534563,0.3733809936685821,Vegan,1,0.5023881856908176,0.5077813039914992,2,0.7841002984993958,0.7706374922422716
Medium,54.26321403496065,0.8237976154350342,0.7195549167301998,Omnivore,3,0.5320706941940988,0.3022003153320861,2,0.7923319410738312,0.5334991110635765
Medium,30.360550501625706,0.4810511274763183,0.7625841085860758,Omnivore,1,0.7558757348444349,0.8343832956716768,2,0.7475498760554079,0.6781517280903789
High,51.44528898320301,0.8740261791261328,0.5757895430420046,Vegetarian,5,0.529988434849962,0.6486494440857085,3,1.0,0.748974415689173
Medium,42.31337678455728,0.43498417917046295,0.9839746060460282,Omnivore,2,0.27117395746925865,0.38064407894887514,2,0.7601773478522472,0.5617462173115692
Medium,60.50854085523506,0.5587234082125524,1.0,Omnivore,1,0.6086405119971402,0.0,2,0.711382590933238,0.6252749925009469
Medium,42.14388396488265,0.05804633701850381,1.0,Vegetarian,1,0.28627417233319574,0.4437214472415584,2,0.7219184267624459,0.5507506870806976
High,73.88962651071925,0.9962634753005332,0.6354306719335381,Vegetarian,2,0.9281597226152323,0.7112881820838511,3,0.5247732984115074,0.8080704112834193
Low,58.63386209470459,0.05282464448413671,0.519507588911009,Vegetarian,5,0.7586075081504997,0.420568967372599,1,0.7332365639305148,0.6811736707400488
Medium,57.336060078618914,0.8170849469196495,1.0,Vegan,3,0.8954106805129196,0.49180885617135517,2,0.8513362879732527,0.8876821871087107
Low,69.83838206681374,0.8249469294605575,0.8078203977655345,Vegetarian,3,0.3699532443116642,1.0,1,0.6440990343099715,0.7057649278168545
Medium,74.45860401113794,0.3370772875562146,0.5805907431403814,Omnivore,5,0.38357284619217347,0.9051160392854433,2,0.5105501082153948,0.5949263632709039
Medium,59.69851872345522,0.32366278103580026,1.0,Omnivore,1,0.5504015888741148,0.23187823514966932,2,0.6748696347962593,0.5330388095366212
Medium,48.43199550676064,0.4813103785582933,0.5265803014375948,Omnivore,1,0.6474836254149662,0.9893105572725495,2,0.696032165548322,0.5884600463195959
Medium,33.390455758318055,0.5966629069324815,0.4341992538626426,Vegetarian,4,0.5388315841078837,0.03997785009239649,2,0.8412434316296626,0.6138947237371105
Medium,49.7092536444723,0.2873536617419967,1.0,Omnivore,2,0.5451064584200269,0.8990571395721625,2,0.7317494034778116,0.6250104937923547
Medium,50.741816300280576,0.592486404631925,0.4161882348783063,Omnivore,2,0.6702264582201334,0.20562051747797244,2,0.7613597410647852,0.5208246768215018
Low,61.605861794884454,0.29778707322929887,0.37242225544065866,Omnivore,3,0.9190558205068646,0.467966919749241,1,0.6562643705549849,0.6992883316829911
Medium,54.82279678292959,0.05549072107106068,0.5433004240863353,Omnivore,5,0.39067518690168335,0.0,2,0.8716138087007195,0.5042504578733388
Low,70.31899458077142,0.10252754983190895,0.9585403857420609,Omnivore,1,0.9966104767323113,0.7441965223466485,1,0.15425478017561337,0.6665197398200599
Low,50.80525093093966,0.1011510579184286,0.37711410805796886,Omnivore,2,0.8075672839481222,0.0,1,0.60140718774859,0.5109266582230787
Medium,59.144382497205875,0.7922507001640182,0.7673165847628232,Omnivore,5,0.48105143520218213,0.5550680103628068,2,1.0,0.5240341906272431
Medium,77.75981164795334,1.0,1.0,Omnivore,5,0.5877678966541019,0.5176163289689869,2,0.584295991284449,0.6707094035973357
Medium,65.12737820932449,0.42696619928121926,1.0,Omnivore,1,0.8028423332141071,0.4157076934717223,2,0.6998907565720852,0.7064370253749904
Medium,59.09943687467153,0.5126839534499428,0.525366775575612,Vegan,5,0.9891265977102581,0.6106927551800294,2,0.957902980059212,0.7387912111535664
Medium,50.97083337097234,0.14684816907342613,1.0,Omnivore,2,0.340815984399378,0.6706336778237851,2,0.7209770833822623,0.4774904978173965
High,50.50152904927535,0.7510313526801571,0.48741390637761534,Vegetarian,5,0.889079942936517,0.8134799131733208,3,1.0,0.8250480074722055
Medium,47.240801205720786,0.14465490200697684,0.9129705472682444,Omnivore,2,0.28031293181347194,0.04276461509648316,2,0.5884012481514574,0.44048187407293354
Medium,51.884897013256506,0.6112143311988301,0.6900980565487376,Vegetarian,4,0.4748573224661693,0.3390236588948028,2,0.816116683548426,0.6852499780921966
Low,71.33498758116471,1.0,0.4713561802844937,Omnivore,5,0.4874584480157488,0.5801468401061598,1,0.4349788473867362,0.6022254727575286
Medium,56.67167593061597,0.1956985393030396,0.9976218424749286,Vegan,2,0.6528667946844025,0.653150832874843,2,0.7866396679610559,0.8248776095598103
Medium,39.753403959281535,0.764563718057102,0.41652963834542545,Omnivore,1,0.4246650977797265,0.5060354148058255,2,0.7533811100127454,0.5699511156139186
Medium,86.52253939589676,0.12350242281832405,0.6092361230040753,Vegetarian,5,0.8751596106240062,0.4676087092355522,2,0.49276838269341783,0.7934904358743532
Medium,64.79947786717744,0.375497241321621,0.6823203179252704,Omnivore,1,0.5224581225746014,0.9005538212610348,2,0.7211878179565256,0.5819731865357903
Medium,38.89584899230246,0.11074850783050905,0.8477694897209958,Omnivore,4,0.3035056015464046,0.4471672962141168,2,0.8129014814324115,0.5119176570835527
Medium,53.372266091387644,0.35247544159569943,0.500857809247566,Vegetarian,3,0.5204271496103008,0.9814616775335376,2,0.7383621116333031,0.6887717927445998
Medium,61.66329574242627,0.1735369196388835,0.4919780174940171,Omnivore,3,0.5644237760569114,0.6089857385240046,2,0.7993655823275381,0.7109872307638783
High,85.56888139946065,0.6733049901228875,0.4377980327106676,Omnivore,5,0.8471513177909743,0.1122973986694572,3,0.6054356408995774,0.6440277448463629
Medium,43.378313126116964,0.41752280610753034,0.6885346627323083,Omnivore,3,0.13447915751968825,0.11446825948388584,2,0.816346740369817,0.4515151087093778
High,74.6406107903392,0.6005911227809183,0.8018486232668787,Omnivore,5,0.31623246656887094,0.5737013653911661,3,0.7310522603452436,0.6161226835799802
Low,80.99229640458515,0.7566219494731291,0.6388292256603021,Vegetarian,5,0.8793173759420205,0.4216691378100492,1,0.3900719923849847,0.8404887855486195
Low,50.57018542388145,0.9188520512589097,0.306503091129098,Omnivore,2,0.5816207997763135,0.15707623747070015,1,0.6681554465619899,0.591988980162681
Low,55.837295717096495,0.40059537410527235,0.7084423531813193,Omnivore,5,0.6052412976685068,1.0,1,0.7944907643432934,0.6915027369725266
Medium,44.455361289393444,0.19234315647502143,1.0,Omnivore,3,0.5501055505920804,0.0,2,0.7619140625672952,0.4941722926272881
High,56.94808288379543,0.47072275819598336,1.0,Omnivore,2,0.478938165707364,0.31576991344421496,3,0.9717677969980169,0.5810049527667032
Low,59.451150384856035,0.854000823496369,1.0,Vegan,2,0.5241718044368096,0.5152826000356747,1,0.6865841996933464,0.6811155932874956
High,69.89474997123556,0.771639723270148,0.3590564375693334,Vegetarian,2,0.6033251585336353,0.1878508929582397,3,0.9339941278793129,0.7117267966880169
Low,76.3527520653067,0.5550110323069573,1.0,Vegetarian,3,0.401503362608281,0.5873480172333576,1,0.14565983196531718,0.726712378919798
High,48.7785590306753,0.3496367215089267,0.5853050477808248,Vegetarian,2,0.6027381972546768,0.0,3,0.8798652249886102,0.6602404944755862
Medium,30.490124036610084,0.44972730832378194,1.0,Vegetarian,3,0.46196957575281616,0.08876155573781047,2,0.7893129266430164,0.6066968237788057
Low,59.681328310856365,0.27849200335738666,0.5510261021560565,Omnivore,5,0.7831842467251652,0.1617698893725968,1,0.7440696278075387,0.6372999755107076
Medium,64.40306294952961,0.9431631278533492,0.7935517023258929,Vegetarian,2,0.5818735142632483,0.4446626685189604,2,0.8673030753615002,0.6728516408443608
Low,63.741265315275626,0.8840701094157313,0.6726340031516818,Omnivore,4,0.4939068199064281,0.5144454183496507,1,0.7894180434231826,0.5655085362800286
Low,55.09990128736434,0.08390254182819801,0.6312602214311243,Omnivore,3,0.4568973717898083,0.8637755356063725,1,0.6196931760552717,0.6230215654967759
Medium,61.87128149495902,0.5166534892612429,1.0,Omnivore,5,0.5156124972438457,0.332524070322782,2,0.8889599224769204,0.4720846050576462
High,82.73167212528372,0.5250583455146721,1.0,Vegetarian,2,0.4266236326589893,1.0,3,0.410935008393597,0.6779521711891102
Medium,65.72601253443764,0.4107770895242906,1.0,Omnivore,5,0.7166885631292057,0.6113927941955667,2,0.9294538939382445,0.6067438358138254
Medium,54.399473624953735,0.8768479982514564,0.8855120508422811,Omnivore,1,0.7127272366427883,0.17048156670881026,2,0.7559263544155338,0.5480828204758441
Medium,52.49703274356006,0.5275145198885448,0.725741768112303,Omnivore,1,0.5682938063569599,0.4780209299940048,2,0.7538950092135004,0.5814658882765645
Medium,57.45221463483404,0.33421529337075984,0.37733493612106134,Omnivore,1,0.5790318089677409,0.8494259961616256,2,0.7023209531615935,0.7206673064487308
Low,84.5510994274596,0.30788835410499704,1.0,Vegetarian,1,0.720060184875413,0.3842714332683999,1,0.10279339755659375,0.7292523845023491
Medium,57.25048935710704,0.8003248594064892,0.8377830997178181,Vegetarian,2,0.7249100999653058,1.0,2,0.8054137222957174,0.7829114986159095
Low,59.70308483218938,0.6245180153643471,0.9989928938510887,Omnivore,1,0.5794965551780067,0.6571744031600273,1,0.5799062696239093,0.520035207996029
Low,52.765296435955456,0.4680654604262312,0.6705688693710887,Omnivore,2,0.28390614065125275,0.09650182655912765,1,0.6474220215826806,0.4500248858216696
Medium,76.48475036162947,0.317484353862978,0.9301394599873831,Vegetarian,4,1.0,0.4807108186864236,2,0.4191600563874615,0.8366149612017715
Low,89.39755882117012,0.4342463741571313,1.0,Vegetarian,2,1.0,0.620278283616015,1,0.16365519335243006,0.8220843608995962
Medium,66.75919574147082,0.9598434267385185,0.5002154166389569,Omnivore,1,0.9985748043604219,0.8888136868725474,2,0.7556410622865612,0.6921343448215059
Medium,61.24159355678139,0.5200899376058343,0.5985805521141616,Omnivore,4,0.8449780239724263,0.1565330424318429,2,0.8510074286957765,0.5037341091358889
Low,60.551742497613525,0.40069928124325294,0.45481844026609997,Omnivore,5,0.480915663615381,0.9664362840784961,1,0.7147268579919448,0.5763260707975941
Medium,24.235398168213813,0.5214220423483239,0.9133928946458437,Omnivore,2,0.18533601589039478,0.5444428961216681,2,0.7260456952110435,0.4968901146867638
Low,71.17726296427226,0.8789885058996086,0.41793157524319086,Vegetarian,5,0.9140815720689442,1.0,1,0.4523310657289533,0.8037834006522956
High,62.012496239937654,0.5401089365028688,0.3916941310510266,Vegetarian,5,0.3850703834786806,0.5344141341735853,3,1.0,0.6591012701313864
Medium,66.42513075991087,0.17870612093260885,0.6306197665869231,Vegetarian,2,0.9954299228551706,0.9240084701745774,2,0.7771181656426135,0.7872191697787148
High,49.328067088744426,0.7849361183390478,0.7608285163647334,Vegetarian,2,0.5587751070198019,0.3388521250061149,3,1.0,0.629586688120183
Medium,54.23314681534362,0.6652041034810672,0.6774405346363046,Omnivore,2,0.7079231290027239,0.7584370450172925,2,0.7589567281162519,0.6858534524522628
Low,53.834625952452406,0.7127180029585496,0.3139894404330693,Omnivore,1,0.6029432256746052,0.47488349592510465,1,0.5395963015551062,0.5536549145653262
Medium,75.32434476109559,0.9819875907661296,1.0,Vegetarian,3,0.7639211170858439,1.0,2,0.40120021294456526,0.7669500070017166
High,54.3186024509536,0.571174120689113,1.0,Vegetarian,3,0.48511522853078454,0.5331548625202234,3,1.0,0.7202083412422751
Medium,91.23990483164697,0.1753548962288918,0.7355558473989947,Vegetarian,2,0.8830982885148744,0.5069378903069173,2,0.31497221514751716,0.8083506929702579
High,66.46293628522557,1.0,1.0,Vegetarian,5,0.13048129059511104,1.0,3,1.0,0.6440288774066318
High,40.864760100064025,0.6350119274374753,0.7828992118835438,Omnivore,5,0.5211995628926327,0.40309278108626434,3,1.0,0.5352293903341915
Low,58.071805601220646,0.6232575096731313,0.5278357230117273,Omnivore,4,1.0,0.32293953801617814,1,0.7117534452446054,0.7016166187277604
Low,50.22487316765377,0.6663053231282923,0.5132959175798844,Vegetarian,1,0.33641063133802074,0.24332333683663193,1,0.7023024930377118,0.598656387559934
Medium,27.08426295269964,0.5465137087012035,0.6265744890739486,Omnivore,5,0.0,0.0,2,0.8776535330952565,0.319543801051993
Medium,83.99206410170684,0.3052575297362701,0.8391972620058943,Vegan,4,1.0,0.27020380677596634,2,0.3333679353688229,0.9011413768802032
High,70.54713813330005,1.0,0.6439650188977645,Vegetarian,2,0.7809894264350954,0.46122533381570735,3,0.5512923157779809,0.665123849932943
High,67.99810976848968,1.0,1.0,Vegetarian,2,0.860913575859326,0.6281035538467178,3,0.927763238986385,0.7252958953660585
Medium,62.481054904495565,0.5529755860174398,0.7938681921598627,Omnivore,1,0.7254705740896616,0.40631327551930935,2,0.744119445360304,0.6274571681958107
Low,39.269736469613434,0.48856116058484156,0.8511967447371951,Vegetarian,3,0.20722977924051145,0.0,1,0.6531989880442102,0.5214871668326354
Medium,52.74574290666845,0.11393818312798532,0.4530022147012177,Vegan,1,0.7092286299328734,0.0,2,0.7228337338750275,0.767173482758694
Low,72.6267116217602,0.18395166149978384,0.8966412206252877,Vegetarian,4,0.6276695450340336,0.8872461958971316,1,0.17088685993101058,0.7810323112112898
High,44.23169955326246,0.5395648455635287,0.5391345472129339,Omnivore,2,0.27712220264968856,0.33426318765869995,3,0.9368156509024563,0.5185245200870149
Medium,22.023460256237797,0.31084615551739325,0.6365309116760672,Omnivore,1,0.34792115260987927,0.0,2,0.7539444097397436,0.4191616426091738
Medium,56.59340988328611,0.9536564509632712,1.0,Vegetarian,4,0.6004890490648463,0.36494368345568023,2,0.879828514200939,0.7204164524077149
Low,57.873636689586924,0.7836227424434298,1.0,Vegetarian,2,0.6613633663017771,0.51966453723577,1,0.6120846391059246,0.7229756214079076
Medium,62.033451246220636,0.6599242952590599,0.6643879342653791,Vegetarian,1,0.6958274632447597,0.8035510274294132,2,0.6979443006986766,0.7693551231736672
Medium,70.92777965271804,0.617648089017605,1.0,Omnivore,4,0.8753375343626915,0.3851529744163903,2,0.43864059715492704,0.6137061008544136
Medium,69.56408718346813,0.16736753072665134,1.0,Vegetarian,5,0.954983451527044,0.7699833955330686,2,0.9258257203339155,0.7713184638561614
Low,63.881547078658826,0.9784566721842839,0.9450770653182006,Omnivore,4,0.6811230974711842,0.5256877831319919,1,0.7055211106350164,0.5903058671103242
Medium,77.93297082130064,0.47504069824021,0.5380749774891403,Vegetarian,3,1.0,0.5382371661290064,2,0.4320183891534973,0.9047956745067405
High,37.21545328780028,0.3069256024472448,0.8657858957180966,Omnivore,5,0.5984927231056136,0.5720377164382773,3,0.958410940079048,0.6198176331700377
Low,67.56872721716086,0.4937988957157461,0.4427480224351156,Vegetarian,2,0.8236426178273673,0.2795976781541014,1,0.5403353377970401,0.683581920511346
Low,69.39807545005414,0.8739980116130832,1.0,Omnivore,2,0.5790293908721726,0.8625201897343022,1,0.6464052466349168,0.6398439621483316
Low,41.40656570879641,0.8872910017773294,0.7236933243459223,Omnivore,4,0.6100065016441462,0.00263298179079291,1,0.68840280494248,0.4651667196703802
Medium,37.45694086976416,0.010965916056447256,0.5724254406604004,Omnivore,4,0.4600844023574059,0.1392449484455618,2,0.748643660194881,0.4423470033433924
Medium,48.81086810286598,0.8862957447513997,0.3010609351640223,Omnivore,1,0.2196440758543281,0.29143877477435054,2,0.8013167456529978,0.5211645389470707
Medium,50.07687836227062,0.2714842174998585,0.6311681264034628,Omnivore,1,0.2639170184171562,0.3840543799685746,2,0.7040550451310316,0.4179232572191788
Low,71.30129195253646,0.13897236396842308,1.0,Vegan,3,0.4700184623120979,0.0,1,0.21873133662158892,0.7601971969570804
Medium,50.78191824463357,0.8477902703628744,0.27489258750947104,Vegan,1,0.26918723282457047,0.45484473231803607,2,0.7692450425676295,0.6977623919178327
Medium,47.15477222578194,0.8638667559882083,0.7104220189107147,Omnivore,4,0.2524194050226286,0.0,2,0.8187884479204962,0.4946421464606644
Medium,50.82549394958161,0.59623107984235,1.0,Vegetarian,4,0.6755593912979319,0.4738360099950773,2,0.8146783155737966,0.6937928781875443
High,76.77948501231317,0.8744337572963584,0.778738424826587,Omnivore,2,0.7842270135509033,0.7221273549455364,3,0.5513580783084655,0.7574326529276443
Low,60.19565061565428,0.8131202726214194,0.7291539405404218,Vegan,3,0.7785207110932149,0.7946234533363341,1,0.6103765858868017,0.8574639179823224
Medium,57.31123461964632,0.7863095527102798,0.8651162282973515,Vegetarian,4,0.3491134341760851,0.07699919394150972,2,0.8094365457707285,0.6398221013106823
Medium,58.34991751948423,0.8901054734427041,0.7546869211746046,Omnivore,3,0.2751295977440712,0.5550478609795676,2,0.8240962962026035,0.5381547575699464
Medium,79.38090501489785,0.6527474475967034,0.5655062163120417,Omnivore,4,0.6211737817526383,0.6471986511420016,2,0.47613074498441865,0.6514168008108018
Medium,48.76242410095137,0.9676470927328087,0.2623676595746173,Omnivore,3,0.6262079079809919,0.23603052858806822,2,0.837162978147749,0.6071605087935353
Medium,79.73262436410155,1.0,1.0,Vegetarian,3,0.9469490271018844,0.3419829311760742,2,0.40600403209488706,0.7870659910334374
High,63.15744448382255,0.3165446099986326,1.0,Omnivore,4,0.5861551363391891,0.5505644820330213,3,0.9401008185437786,0.6072552770404639
Low,57.593709270369786,0.8495437595541221,0.39433267937901456,Vegetarian,1,0.6404229897539787,0.8810235665574351,1,0.5741801993752674,0.6965561274374585
Low,97.51350746901423,0.599822257748589,0.6985202565978246,Vegetarian,2,0.8738158724685272,0.7404320482210537,1,0.24872551761156403,0.8457325607745066
Medium,44.165407653021056,0.3875663382998321,0.5910565240900788,Vegan,3,0.2965263816781434,0.7441690385548346,2,0.8660081946024313,0.5880329857487118
Medium,54.69471360649491,0.613072309882715,1.0,Vegan,3,0.6264778565995783,0.7995752824226647,2,0.816101297010602,0.792859136480412
Low,41.51353141254,0.055965557262007026,0.47682797353367756,Omnivore,4,0.5477130507012716,0.0,1,0.5602719889493961,0.5091738975129867
Low,74.28692955804254,0.6064611187670799,1.0,Vegetarian,2,1.0,0.36128868808509385,1,0.2556987103094081,0.7774015647626924
Low,85.33783400477519,0.9708905700266667,0.48164704467394237,Vegetarian,4,0.6536941888230648,0.5465210102296145,1,0.38135065231806975,0.7451965418743521
High,85.04884172106958,0.5134615161389688,1.0,Vegan,5,0.6258315801974836,1.0,3,0.6247188070459834,0.9237024906019754
Low,78.35923129719006,0.5263898947694251,0.9525432343597152,Omnivore,3,0.6845263333503071,0.6470120087885147,1,0.24322933349545883,0.7367082752053791
Medium,57.035692983060514,0.9394808877148755,0.943956143403007,Omnivore,5,0.692996498127187,0.8624948081290931,2,1.0,0.618925168948972
Low,54.521385337652305,0.4285638378056973,0.6402964492246146,Omnivore,2,0.9467678575945333,0.4134240629705573,1,0.6731280048151285,0.6830036643584962
Medium,34.93245341258903,0.3583676323323983,0.9566565525740054,Omnivore,4,0.37765509007430453,0.686716133960976,2,0.7970175075224863,0.5131067305705853
Low,90.53810302772689,0.5405366481233782,0.6192567652230405,Omnivore,5,0.7329591023080659,0.8901844627009398,1,0.46588792820178226,0.7429143885985766
Medium,67.03467117222702,0.5194527665175563,0.38408518113962214,Omnivore,5,0.44253297644475986,0.5299022960206231,2,0.9261434708441018,0.676035490566144
Low,52.620646426957755,0.6319913441314688,0.658620175242346,Vegetarian,4,0.40971585077639705,0.7909210657206496,1,0.840131303072712,0.7128026199964631
High,79.92085333480452,1.0,1.0,Vegetarian,4,0.8450846382469569,0.5146266341902757,3,0.583852837688414,0.843163671917435
Low,45.40853224859999,0.45210220576431426,0.9819694978806947,Omnivore,1,0.5966030537853664,0.9846234749225733,1,0.5197757941891981,0.5883706608864797
Medium,66.0993305133401,0.8174809350901403,0.8476526230556585,Omnivore,4,0.704709077536164,0.11235731721831249,2,0.7744045986823571,0.5799573745941029
High,57.41056298563748,0.7337206613520806,0.8591905620935409,Vegetarian,4,0.4301366738700363,0.34926233392300765,3,1.0,0.5818673906243661
Medium,69.58015709820451,0.33848051036797766,0.47779361178977797,Vegan,2,0.43421437309429195,0.6100710396403717,2,0.7760621951870732,0.7566513354172995
Medium,59.04639691220818,0.6579508281194142,1.0,Vegetarian,3,0.7216278451199335,0.26951015857434757,2,0.9085858103869311,0.6994966717921948
Medium,38.23608163333164,0.7177222547434914,0.9781400911308551,Vegetarian,5,0.2722241868040942,0.4369431326422238,2,0.8866999980939513,0.539880030103758
Medium,61.13364559005057,0.5580489756294875,0.9621386218371956,Omnivore,2,0.5177599223331538,0.47327003066851203,2,0.7741672042290543,0.5847972734891589
Medium,75.73296212813042,0.15661497313472342,0.8448558469695906,Vegetarian,2,0.5545275752218346,0.7300740696596958,2,0.3011741236446904,0.7126163180696052
High,59.56175391219022,0.3698828751608249,1.0,Omnivore,2,0.2847908190662489,0.22961544177875093,3,0.9232341458088688,0.5063557709417044
Medium,71.6267268238363,0.3852977208902282,1.0,Omnivore,1,1.0,0.29204988048349184,2,0.28244157809339016,0.7060188131185756
Medium,44.3170577148892,0.2826256059514931,0.8660157820890646,Omnivore,4,0.311447604347637,0.360727453408102,2,0.8152020508968372,0.5166468838634437
Medium,59.60608810095222,0.6734208002468706,0.669831438222049,Omnivore,3,0.20318669213536966,0.7154442352090182,2,0.7305196789373744,0.5523122520463253
Medium,50.63234317367134,0.018348661673632582,0.8711839945498691,Omnivore,4,0.538909967407061,0.9749698313327053,2,0.8166721235426174,0.6728262838151833
Low,71.20471260157065,0.8556817770495199,0.9314644895385187,Vegetarian,1,0.6823946319555966,0.045189418688980076,1,0.25936373488677583,0.5906229395321847
Medium,60.47237343392994,0.2653424748069332,0.6966038550045661,Omnivore,5,0.23017036605416946,0.44482224092223804,2,0.8137099552731502,0.5099595232702906
High,70.35110514504919,0.6100218462161023,0.658429497413322,Vegetarian,2,0.9316739336293783,0.7191201557791548,3,0.5571944479063781,0.8378386053841459
Low,76.315656392368,0.6279098279439242,0.7885890741991624,Vegetarian,3,0.8956204821724553,0.745541180846157,1,0.2673749105266901,0.7037508373010994
Medium,70.37427862682082,0.3159256009389575,0.9257827991675021,Omnivore,5,0.8722449239826688,0.22018816237754213,2,0.3783113071969811,0.7236251561141749
Low,64.09677651440467,0.8844713135755276,0.7486187272831177,Omnivore,4,0.6945290503949263,0.31607596226625573,1,0.7217236558417017,0.5836654771973091
Medium,45.026816122328924,0.08536877932656528,0.4887085688130285,Vegetarian,4,0.18957250554444083,0.37107894801407,2,0.7952223121747929,0.5312433494681457
Low,59.95820833999648,0.44438236230106487,1.0,Omnivore,1,0.5871347149280866,1.0,1,0.5667314484479652,0.6757231621835089
Medium,52.00364396976251,0.84942226945489,0.7914857158062254,Omnivore,1,0.4238736685165646,0.7162952902833721,2,0.762827759549915,0.5217203257845868
Medium,54.8390406494366,0.6158438944212358,0.34187036647278296,Vegetarian,4,0.41836628648158514,0.5621207891356856,2,0.8685671426412659,0.7170545801401431
Medium,54.38198773874624,0.29232951584263345,0.6402264443198566,Omnivore,4,0.8710974702817369,0.0,2,0.8640900752053969,0.5840047925744604
Medium,45.30111637826633,0.4207602077764607,1.0,Omnivore,2,0.2547567930118234,0.0,2,0.6970460624650956,0.5124651091937795
Medium,30.639921162990152,0.7066943803425146,0.9084361370149027,Omnivore,3,0.2137695575337178,0.0,2,0.8116250025733992,0.4656272710502914
High,49.9778542750835,1.0,0.5731360553194246,Omnivore,3,0.5073270485408755,0.523886389842515,3,0.9926981995083091,0.55991462178718
Low,62.90069177886239,0.8931387183794335,1.0,Omnivore,2,0.7077800890543428,0.48330993958231583,1,0.6978185920857383,0.5816609468942238
Medium,39.77734431858765,0.3424328083823768,0.27548962995114845,Omnivore,4,0.7362315724586699,0.1409187105687592,2,0.742346804250344,0.62780773066773
Low,60.235233547074365,0.9981978792878575,1.0,Omnivore,3,0.5696493682971133,0.6022942189574876,1,0.7299467932531398,0.518817178159562
High,88.50402636466447,0.3035046635310583,0.688225224307998,Omnivore,5,0.9432233249216558,0.28431979976507127,3,0.7055794474974558,0.677130896460347
High,75.34584832878359,0.32762975580841514,0.38582342194633723,Vegan,3,0.5126000993027268,0.38343758028670866,3,0.5391371448091171,0.8349339302232457
Medium,84.65312263680794,0.9238405151711938,0.8570736497023664,Vegetarian,2,0.9616336263586379,0.6856763046281973,2,0.5583283233723737,0.7568904041643976
High,65.8669181539909,0.399462686833052,0.6883050204569632,Vegetarian,5,1.0,1.0,3,1.0,0.7706710306538542
Medium,77.51264734479669,0.16076926839624087,0.9266522419307772,Omnivore,1,0.6896467728819355,0.9146321695668396,2,0.2592123995577289,0.6753069650488215
Medium,49.14052904298319,0.23714807323650222,1.0,Omnivore,1,0.6520108073465427,0.538815736385883,2,0.6459585036702338,0.5964298121249348
Low,50.334895994670234,0.4261001539808602,1.0,Vegetarian,4,0.22126812062242485,0.29923765187489887,1,0.6815231064129961,0.4804922332574967
Medium,18.912896907937906,0.7305662704334048,0.49579448415138133,Omnivore,5,0.1201255395102093,0.1521577487800837,2,0.9543548709488066,0.4336913336109291
Low,77.79218211063449,0.7243355265512055,0.8188066542595227,Omnivore,5,0.7189322880857336,1.0,1,0.3541500205388945,0.6917748004159902
High,83.1048596972983,0.5376212175604205,0.5637020288159651,Omnivore,2,0.9014646984084439,1.0,3,0.46266429028832196,0.7818800643437588
Medium,51.702341319790946,0.5032704481005844,0.3060593154801182,Omnivore,3,0.4891008489571233,0.35886484317152734,2,0.7207585194148285,0.49978192814079264
Medium,56.190724404041475,0.9262141053985687,0.9221686122552321,Vegetarian,2,0.7877537704994118,0.6034395593727778,2,0.7848574594526139,0.7111246227398185
Low,48.692068294635575,0.8150077769837577,0.30789796702587013,Omnivore,3,0.3841867170792727,0.6799969445476096,1,0.6805237190265876,0.5573502790990238
Medium,65.73980327216238,0.3231897848317934,1.0,Vegetarian,1,0.8035678389706156,0.6704706284733644,2,0.6671456938260316,0.7671017168911792
Low,76.8739881795486,1.0,0.9234600859199905,Vegetarian,4,0.8010263088549152,0.2478062930591327,1,0.4612008641232703,0.7724278031362912
Medium,33.858420391784385,0.708620400435131,0.3678750801850053,Vegan,5,0.12283532131121999,0.058659870571692224,2,0.9533232210748203,0.6343103069850118
Low,66.14157795963378,0.06244935566678178,0.8702308333108185,Vegetarian,1,0.21572828846189762,0.7733693527879766,1,0.47940032311411795,0.594834283072487
High,55.84992342421282,0.2351607132886387,0.46224733372316296,Omnivore,4,0.5878311669536551,0.29636954082228906,3,1.0,0.5684014705948692
Medium,61.70091587950034,0.16840794901002998,0.7472417869079138,Vegetarian,3,0.4800923441812574,1.0,2,0.8079525185970882,0.7111199968876837
Medium,66.88491002511437,0.7278558680501468,1.0,Vegetarian,1,0.723912938959385,0.46509517447739435,2,0.7225333581804838,0.7448595909795436
Medium,57.17696341840768,0.1837389258424279,0.7478041105026758,Vegetarian,2,0.3196612034188908,0.07631547063685534,2,0.6978149305138514,0.5699321276115541
Medium,58.44619719891329,0.5114867692088335,0.44093030429211466,Vegetarian,3,0.6911684759427367,0.7974346405388755,2,0.7523171911404413,0.7374931099780004
Medium,56.79187248668042,0.09326012018083174,1.0,Vegetarian,2,0.8816140175473816,0.3652704265306366,2,0.7779555877611666,0.8238202519953027
Medium,74.55474302682423,1.0,0.55954213140413,Omnivore,2,0.6976694018192054,0.5370428989320664,2,0.39195548178849215,0.5833169792303051
High,66.28139940191245,0.5439606135835675,1.0,Omnivore,5,0.2636006156157808,0.8127184767706006,3,1.0,0.5440736253082187
Medium,63.30875306606041,0.9081320565606308,0.7958960545461353,Vegetarian,1,0.621945875462981,0.23044270261148253,2,0.7965204447303901,0.5571558154725269
High,40.93572418361576,1.0,0.6584203800123805,Omnivore,2,0.2668540473062762,0.3657689630450984,3,0.9516703559377732,0.4449142524040155
High,54.32130385180269,0.2061286473136808,1.0,Omnivore,3,0.35372560813317033,0.089268859855687,3,1.0,0.43299260840717796
Low,73.48003740508761,0.564135187198732,1.0,Omnivore,4,0.6928808836645184,0.6351135558544181,1,0.2801175586470886,0.7464153013563133
High,60.56544859685884,0.2246560557068929,0.33573803993923346,Vegetarian,4,0.804981986177465,0.013096827822298818,3,0.9539185864143263,0.6671014825805099
Low,69.89297204383708,0.9086927663029059,0.6456391748207877,Omnivore,3,0.5835513226558282,0.3301894284649422,1,0.6557441362892057,0.5692903826518831
High,86.49767700491451,0.8184075447345759,1.0,Vegetarian,2,1.0,0.990304295184109,3,0.49032190885366256,0.9044160896115985
Medium,75.57909103813225,0.17494401269849683,0.3962216237358599,Omnivore,2,0.7126713623814145,1.0,2,0.337780379277933,0.6401146786461542
High,61.397375065496135,0.3102767282765669,0.8522403215894511,Omnivore,5,0.5958665394653213,0.24620245094258691,3,1.0,0.6050266346923474
High,52.33516244706409,0.583509024492739,0.9895014814092643,Omnivore,5,0.7417153621228599,0.16743434624969455,3,1.0,0.6065024485235762
High,21.69675605916153,1.0,0.7303398657803835,Omnivore,4,0.16103706229230977,0.2115158494351329,3,1.0,0.4751683932738593
Medium,57.474226162907215,0.6929091515680809,1.0,Vegetarian,3,0.7279628564985374,0.23643745542126265,2,0.8298541414327596,0.711557043729048
Medium,55.109812562747265,0.8676188661891324,1.0,Vegetarian,5,0.5056253663708408,0.7405471973713036,2,1.0,0.5934149959340328
Low,65.85549291593064,0.36645664633997965,1.0,Vegetarian,5,0.770477319728465,0.13174709297420317,1,0.7063726986318108,0.7559314993276379
Medium,57.69142159537969,0.04321369954999832,1.0,Omnivore,2,0.5238111202421283,0.29264497336505213,2,0.713196570206443,0.7082849151233372
Low,55.19422410844808,0.9743176372044141,0.9216617889917789,Omnivore,5,0.5861763057669014,1.0,1,0.8190393237495643,0.6261850273241494
Medium,33.30901604239169,0.017172990662369547,0.5689635744689405,Omnivore,4,0.384528697148606,0.39103264303112456,2,0.8222069537260884,0.4826770462435214
Medium,45.900482562749005,0.947651653081089,0.7014115227283326,Omnivore,5,0.5941460417421662,0.5578320234480546,2,0.9485129540571905,0.5419884329319666
High,67.14976561200837,0.5686774238491448,1.0,Omnivore,2,0.7674604027700391,0.5025253208130869,3,0.9580144422368126,0.5563014353944691
Medium,85.73861446699041,0.11009040502188153,1.0,Vegetarian,1,0.6885258207683858,0.27584356706315416,2,0.22627840848677092,0.7551159780591535
High,58.537119243815646,0.8891572317245082,0.5649043970588539,Omnivore,4,0.9494009919022062,0.9524747740670034,3,1.0,0.6747517157930384
Low,64.91716610361185,0.9805403040313542,0.66666262648913,Omnivore,3,0.6544063587622865,0.5995187568307068,1,0.6685222537962107,0.6373437164524379
High,74.28717235429208,1.0,1.0,Vegan,3,0.9259630230797279,0.9037923248710984,3,0.5670586984721144,0.9423503239852195
High,47.836590956996254,0.36093701120241845,0.8176947471944267,Omnivore,2,0.0003749974543669765,0.3164852902680217,3,0.8919208711824105,0.5223490559913231
Medium,65.50221064928164,0.18124780606615498,0.5064728703814092,Vegan,2,0.8157006997641066,0.5381634120913483,2,0.7677688900822837,0.8278636378965094
Medium,48.892648405017624,0.5655389146196601,0.9081583809374709,Vegan,2,0.6419883073416959,0.28744778634985924,2,0.7174306676213249,0.6928146579585293
Medium,72.97236657736516,0.7373048264283244,1.0,Vegetarian,5,0.7765155539021567,0.6698535685087886,2,0.5697253617890626,0.7824460992249075
Low,62.27104571927599,0.7394179136658656,1.0,Omnivore,3,0.17139527687946227,0.3777132199653318,1,0.6573346552070426,0.4916914213802757
Medium,64.4767772097216,0.1810503604721475,1.0,Vegetarian,2,0.5003303125753323,0.278623928090154,2,0.6702276237430304,0.7504494051331377
Medium,48.26102103872117,0.9590070867644345,0.44935175945987504,Omnivore,2,0.27786163857440543,0.3427263396086568,2,0.7627790385049376,0.5279843196862032
Low,70.60548539416178,0.7387392562892379,1.0,Omnivore,3,0.9386264473924584,0.7467247580773748,1,0.3217558097262421,0.6969912492841411
Medium,91.27069381846525,0.9470469188705548,0.9821423126278727,Vegetarian,3,0.6720317069184639,1.0,2,0.39279463707422474,0.8680063767939326
Low,44.88132456857691,0.5400657152841718,1.0,Omnivore,1,0.5596447702348594,0.0,1,0.6543120461677748,0.5574494644156063
Low,54.90361488528714,0.4142768475898826,0.604345903851315,Omnivore,3,0.49111149342339,0.7235376895678312,1,0.6483788765428111,0.5333211389622619
Low,63.474112112521375,0.977182906594996,0.37942161319803963,Vegetarian,5,0.8513313582293114,0.3194723975481457,1,0.7128284078874919,0.7516897479737961
High,71.79609317993724,0.882121370819836,0.8349564345594324,Vegetarian,2,0.7637422869695466,0.2959866869521565,3,0.48636782032893916,0.8369082611113899
Medium,51.60680572065797,0.8668735827991789,0.5278716334211675,Omnivore,2,0.3869677471952171,0.14421838858939168,2,0.8278748723080476,0.42071616892917774
High,17.504545647858897,1.0,0.8027520180155927,Omnivore,5,0.020157068402752915,0.9270335379943633,3,1.0,0.39415434380999803
Medium,80.38784241246037,0.7753546270086592,1.0,Omnivore,5,0.7155395884265572,0.8932110748688805,2,0.560604717326012,0.6830644991212156
Medium,71.40759179376214,0.6489386785186749,1.0,Omnivore,1,0.09567680755132157,0.24961439655332113,2,0.2563961217938707,0.5127237980281507
Medium,33.85578704270002,0.0035108509106506203,1.0,Omnivore,2,0.6926624680091271,0.11640128555688395,2,0.7186783173682298,0.534197973636504
Medium,50.88646812330666,0.04001964073900599,0.7074563542177397,Vegetarian,1,0.7716431864037945,0.01687478293287692,2,0.7198598212963216,0.6681990183020743
Low,83.52273644290989,0.3008512160511163,1.0,Vegetarian,4,0.8488317586433888,0.2988233687104882,1,0.2990220540456811,0.7567482999762866
Medium,81.71694627686799,0.2860084318559952,1.0,Omnivore,4,1.0,0.27249529857869803,2,0.4712108040904613,0.7063379675144008
Low,74.07960034018417,0.3547587951998453,1.0,Omnivore,1,0.7335453161476446,0.3046506721809969,1,0.17181480223398193,0.6961035220695382
Medium,57.35831349060206,0.3049346376976608,0.7945688535225749,Omnivore,2,0.6608460152122521,0.7077415140071388,2,0.6734510722603446,0.7031482139820325
Medium,61.24481128218765,0.36006549355072826,0.9320901660263063,Omnivore,2,0.8098288613727078,0.830080479819058,2,0.6754885405203173,0.7216664534523295
Low,58.0361129231081,0.42053769006887654,0.9906875602944207,Omnivore,3,0.5326710476370927,0.20713667076699654,1,0.5539764733285,0.6040231817267918
Low,76.92359674903255,0.19886633845601467,0.6377023869665897,Omnivore,5,0.9240284414424152,0.5170359045799254,1,0.33535949824798555,0.6947215917037448
Medium,46.86236390257335,0.04236193195278204,1.0,Omnivore,1,0.10928213281776383,0.6421011437763797,2,0.6492262268540521,0.6106411804133844
Medium,47.91300517673693,0.6739444490730234,1.0,Vegetarian,5,0.5220446626230907,0.4102551729057693,2,0.8675259995063274,0.569230824148773
Low,75.15411880254024,0.6373348248430777,0.8410099091926372,Vegetarian,5,0.7486604429985713,0.7307684090245326,1,0.38043663070324113,0.7858497243781152
High,59.334578167326576,0.6441442022201196,0.9977400739465103,Omnivore,5,0.5253141169181389,0.33901047662089046,3,1.0,0.5954819073576519
Low,80.67701033180712,0.7344399411683523,1.0,Omnivore,4,0.7654292692695907,1.0,1,0.35795385459591256,0.7181583634638007
Medium,49.92731689529182,0.8276794072035405,0.9118841319979394,Vegetarian,1,0.450887299679325,0.9312691178966496,2,0.8013892879462119,0.7388661730601386
High,59.178324594917626,0.6276929091162047,0.8430067313032237,Vegan,2,0.8133829153107669,0.7100169521130085,3,0.893464605929929,0.8442046198431531
Low,46.1638052273407,0.6411194650519794,1.0,Omnivore,2,0.44999219054858813,0.20461365002229517,1,0.6228678065975203,0.5673184816339469
Low,60.11044022135351,0.9535722238351587,0.749478910375662,Vegetarian,1,1.0,0.10582369814609732,1,0.6113285309396572,0.7371215032837467
Low,37.82179594501802,0.8396244958615607,0.2502119362116937,Vegetarian,2,0.19031468419323827,0.8387697822454969,1,0.676269508212267,0.5785556035934124
Medium,52.685498685675554,0.42600081050240945,1.0,Omnivore,2,0.637795694554314,0.5370872011926556,2,0.6659786064610901,0.5613598641179177
Low,38.456192026078234,0.644716837814743,0.8662622324469419,Omnivore,1,0.5635331860076589,0.356079943920369,1,0.6396469997977006,0.5397208006474015
Medium,70.40884849786887,0.27707092191593974,1.0,Omnivore,2,0.6261721380354067,0.8003361251403074,2,0.33945023257913226,0.6165484548828926
Low,70.74884009639477,0.6605221848950898,0.49229164292666816,Omnivore,5,0.464784913679839,0.5977642261751189,1,0.43135814566964215,0.45142550772630563
Medium,34.046059042734825,0.9813282911384428,0.20098323572339047,Omnivore,2,0.2501550599595271,0.2041932620249215,2,0.8508975396848997,0.3446853958520797
High,80.00828618250858,0.8183151152025222,1.0,Vegan,5,0.5358716891187358,1.0,3,0.574943635849116,0.8426474272558991
High,97.4612268962978,1.0,0.6350344403320634,Vegetarian,5,0.8099059543625123,1.0,3,0.7166821508090515,0.8397870504478301
Medium,60.69009580104512,0.4073349205032607,1.0,Omnivore,5,0.6843308136221814,1.0,2,0.9153057684614151,0.7210155581720115
Medium,50.38328609663033,0.9988448271846312,1.0,Omnivore,3,1.0,0.8942843150560097,2,0.8390325796055471,0.7078890812610797
Medium,100.0,0.6792200352275578,1.0,Vegetarian,3,1.0,0.23857789080999214,2,0.41839036533657686,0.830677789387393
Medium,40.21547252546234,0.042268994235934554,0.33233957372018263,Omnivore,2,0.28055019801683445,0.5847502067045551,2,0.6602509966872218,0.45826591096661845
Medium,60.30159700303648,0.5867547966913881,0.96890660957599,Omnivore,1,0.7921485829437663,0.6522336930707094,2,0.7009396684706444,0.7871887991474499
Low,62.69433408947885,0.27457269567959663,1.0,Vegan,2,0.5542192426350514,0.3378545925045743,1,0.5609537517314775,0.7708948838438705
High,80.17721430678623,0.33248132203589476,0.8264177163348143,Vegetarian,4,0.6277620159052948,1.0,3,0.5574224064871843,0.8330753389652863
Medium,65.39608462690182,0.8208533046946633,0.740497277513108,Omnivore,4,0.6374190808713457,0.5909662864789178,2,0.8637779834891985,0.6186798405025217
Low,52.52049156317323,0.2757296369807559,0.7054607673952853,Omnivore,4,0.08757376122311211,0.2829131843398799,1,0.559540214410321,0.4802809530411931
Medium,45.73223444418066,0.7965485540464985,0.31093306289710976,Omnivore,2,0.12118154566214384,0.33992550588166254,2,0.7537159088925267,0.37861930212437234
Medium,54.872672696307966,0.28821758295586697,1.0,Omnivore,3,0.7313402805098207,0.6431741933328223,2,0.7333334594484566,0.6399425779559097
High,44.896089585822835,0.3943263538737743,1.0,Omnivore,5,0.7217467266194844,0.5082339836043285,3,0.9977897263695057,0.5899938323541063
Medium,60.717379796770246,0.9739355741044274,1.0,Vegetarian,3,0.10917126037449354,0.3480700637544858,2,0.7783369896909843,0.5838952072156021
Medium,51.537057302092705,0.36164532775501956,0.842868428008877,Omnivore,2,0.8068402927506095,0.6815807122976907,2,0.7245508891172455,0.6873801513128197
Low,37.589433100653736,0.6013762114431604,0.9391388019546545,Omnivore,3,0.6076180199455203,0.3233059630666968,1,0.6157902567566335,0.449779634108065
Medium,78.82718682562356,0.7099814928144715,0.5968078404354225,Vegetarian,4,0.7185454521530964,0.5815270609375212,2,0.4259599315734301,0.7360298717655697
Medium,52.53491214856441,0.5604734821735018,0.9302033789669916,Omnivore,5,0.6163472457532099,0.37536519512511074,2,0.912120633613608,0.4625242936372
Low,40.977947925370316,0.9146957435212146,0.8546225883842422,Vegetarian,2,0.77323699123729,0.0,1,0.7228407483524071,0.623467733111207
Low,57.47611298268688,0.6744410713668685,1.0,Omnivore,2,0.8199550973915909,0.18903863187114756,1,0.6240482999440486,0.6527561358138771
Medium,61.02557348951488,0.4037330041049302,1.0,Vegetarian,1,0.7090726284435005,0.19261903535279773,2,0.7439713216384488,0.7326208812258495
Low,33.802999116314496,0.862380384524274,1.0,Omnivore,5,0.21128295244461495,0.0,1,0.7814177061289951,0.3988955470023884
Medium,64.97471500688644,0.1810628991159644,1.0,Omnivore,2,0.5677201630286957,0.6440508757809991,2,0.8419111510619719,0.6183142104186813
Low,44.292636469646034,0.5442367576104175,1.0,Vegetarian,3,0.5827879442088097,0.06376337212328637,1,0.5983293637585718,0.5932662576984008
Low,85.66543213786181,1.0,0.49205048737802737,Vegetarian,3,0.9650178705560227,0.5900253797206929,1,0.20034265655800243,0.8255892091098769
Low,67.85940768115103,0.6253976298804127,1.0,Vegetarian,3,0.9109762598174638,0.4749378983294492,1,0.7072918289688441,0.8210014940710416
High,54.00150014836025,1.0,0.8774858952449194,Omnivore,4,0.2510515192185599,0.15408095585056403,3,1.0,0.5593364673815548
High,48.82248344523974,0.8535607255451929,0.6245568689921599,Omnivore,3,0.5772166726767113,0.29730670063511466,3,0.894943410136233,0.5787680750321094
High,58.42548438654564,1.0,0.34864204632079054,Vegetarian,5,0.7281119955670806,0.510828024184997,3,1.0,0.7102271252354794
Medium,69.19186112374935,0.9444878798452436,1.0,Vegetarian,5,0.6434788540761034,0.3679820458033016,2,1.0,0.7915231771677426
Low,59.617588071222,0.2729217275327368,0.6262896908937274,Vegetarian,3,1.0,0.22191799234056536,1,0.6719197140909258,0.7707595383345569
Medium,56.74261789294715,0.16966108125671886,0.7514893544507706,Vegetarian,2,0.39449780972281595,0.289882399673816,2,0.6398294144944557,0.6080309624987106
Medium,60.87555436226843,0.4839907503325399,0.9861062088664765,Vegan,2,0.5975154488343003,0.7927799822169719,2,0.6469867535356888,0.8137829662039642
High,50.94211603144568,0.9018624268242159,1.0,Omnivore,4,0.6556098960684514,0.254195380717762,3,1.0,0.5371611298992385
Low,54.85191109735443,0.2271912531822161,1.0,Omnivore,1,0.7212189687502967,0.5074556652754529,1,0.4802688197782321,0.6417734078284445
Medium,28.71311341642494,0.004101450430167075,0.5941626961857245,Omnivore,2,0.2380574234781309,0.0890748642464502,2,0.7488206245625049,0.4297327765841169
Low,74.60589346278552,0.4429351158367053,0.7608126247603065,Omnivore,5,0.6966213371871628,0.5897642041017864,1,0.37983620231814275,0.6583183162370794
Medium,64.48196670482643,0.9688593354677885,0.5621895723681796,Omnivore,5,0.7845628566285183,0.7916219279050283,2,0.9456691315662129,0.6360941245933831
Medium,48.39816233949855,0.6949674606058467,0.6144175628734609,Vegetarian,1,0.5768399374586772,0.13398900214669557,2,0.682035744774864,0.7245146825081111
Medium,88.48102472032858,0.5013254439412239,0.5534515108935412,Vegetarian,2,0.9032305518157899,1.0,2,0.42464407499894413,0.850751213722355
Medium,61.3052472058858,0.19257609734684034,1.0,Vegetarian,1,0.24106883419564834,0.61802476942202,2,0.5570784201633442,0.6903307167343014
Medium,44.45784642037205,0.356089673754747,0.7962066760614391,Omnivore,2,0.47412283213849465,0.4316635300411685,2,0.7904151946953184,0.476844553585807
Medium,72.85106132205688,0.26983943330124793,0.4920611494054973,Omnivore,2,1.0,0.29242786577662594,2,0.3107468842747168,0.7018230097033397
Medium,65.97072324763894,0.10630582131295141,0.6826596255041004,Vegan,1,0.7775961999664409,0.7448390110996842,2,0.6225173259876492,0.830739171924609
High,65.91869978226329,1.0,0.8766326425319724,Omnivore,5,0.5040377580811289,1.0,3,1.0,0.6599206220874267
High,53.61366593022614,1.0,0.8009539662920003,Omnivore,4,0.24439559244092907,0.22013384835338026,3,1.0,0.4379707522384364
Medium,66.75743585667053,0.1641144395957903,0.36929054800198496,Omnivore,3,0.8593295021894952,0.25512684543448416,2,0.7040227531652726,0.5720173274635028
Medium,56.07362564668358,0.054522558878279725,1.0,Vegetarian,3,0.46878264932931324,0.4813821816842341,2,0.7720285206166644,0.606175824186958
Medium,68.33912177468764,0.32973110714621234,0.6170712903483828,Omnivore,1,0.9504385756921342,0.2664311564357763,2,0.7128837546169406,0.5746939822515196
Medium,31.425833189840418,0.4616591807614153,0.17331383488109328,Omnivore,2,0.5767257642095857,0.1265127694895145,2,0.736146897386981,0.45478679825598306
Low,53.49189805531216,0.20482124707585447,0.34390349922684327,Vegetarian,2,0.5051690308707317,0.696733346594317,1,0.5152171547277795,0.7180636963023648
High,85.83232646712293,0.6014249117985585,1.0,Omnivore,5,0.92332908662775,1.0,3,0.6189872596520718,0.7184516275903142
Low,48.49398816899549,0.2008707356916577,0.38025546152007433,Vegetarian,2,0.5749124603272098,0.6682995072515758,1,0.6591338472752113,0.6465747148599927
High,50.942425537602205,0.9742605684324512,0.2964369205415143,Omnivore,5,0.2693869091038539,0.1664353240315085,3,1.0,0.4888636708399564
Medium,53.28057992325037,0.7125779432472608,0.6460293660289632,Omnivore,3,0.8741069710425942,0.36113183319633113,2,0.8512142509159926,0.522119119961739
Medium,41.77790796167035,0.6349515157609817,0.8316507321485404,Omnivore,4,0.5175831086719395,0.2433982209820793,2,0.969980755389922,0.5453767036581938
Medium,26.875788356576216,0.38721785707920475,0.24621874662449345,Vegetarian,3,0.2993647925777987,0.25398369436961904,2,0.7492854634099828,0.5356096048814405
High,56.541204022145806,1.0,0.5960338522620445,Vegetarian,2,0.7627092600937799,0.7363937252792436,3,0.9491678128821609,0.7607129621815266
Medium,62.03789136122485,0.96953254153502,0.7279501284306664,Vegetarian,4,0.681384035305014,0.27672287194693224,2,0.8993272497582769,0.6829606889854455
Medium,59.21242397192022,0.173639312625412,0.45552221764636824,Omnivore,2,0.37458188546275795,1.0,2,0.7791959111111185,0.5795156504951222
Low,57.826821570781696,0.22301264141187804,0.7952080063206186,Omnivore,3,0.4171614338550078,0.16968526910542003,1,0.540528403744973,0.5616741348983604
Medium,60.645613062755814,0.5256310280003696,0.38844215221554995,Omnivore,5,0.17732033059257557,0.2561970614140683,2,0.9067110854911158,0.4810014814654179
Low,75.34262207326147,0.1912505692822453,0.423231606711376,Vegetarian,4,0.7666401168218929,0.3877567068110069,1,0.269022451059096,0.7733888847665578
Medium,57.143307211061746,0.4364483988231128,0.8055519032104435,Vegetarian,1,0.6819317890946917,1.0,2,0.7348372686045453,0.800770974201219
Medium,51.38876134369096,0.5817912647777101,0.5048407794693304,Vegan,5,0.4763886324356403,0.9184607783935881,2,0.8864692681865999,0.7302633025624514
Medium,55.783117726678704,0.5220735711373331,0.374289396531421,Omnivore,1,0.32669900635537164,0.22031797283907,2,0.7629088845223236,0.46412433131421243
Low,68.69020139635164,0.33090858307802606,0.7673635944693904,Omnivore,3,0.5878882334119409,0.43419560825781156,1,0.6533101095480777,0.5568855703223246
Low,81.18040317814874,0.6424458060772068,1.0,Vegetarian,4,0.7380376907953183,0.6479064607182231,1,0.27523578284542016,0.7574348802492259
Medium,50.57784391246233,0.9588009542588478,0.9770816662164665,Vegetarian,1,0.6792547775127237,0.27697949978209396,2,0.7747410951723744,0.6729849713343261
Low,61.48400680543325,0.20601740429137605,1.0,Vegetarian,5,0.9012044085253232,0.7826535941212491,1,0.7146268540397787,0.7369785548449707
Low,65.07536162903939,0.6548313583940036,1.0,Vegetarian,5,0.10347901392377434,0.6893692805001413,1,0.7899541316613365,0.5793833648471374
Low,45.111329899067655,0.04339669415605185,1.0,Omnivore,2,0.4353489642909891,0.43668946863034913,1,0.49507548162466036,0.5033112258190908
High,60.306257508193774,0.26641640448143494,1.0,Omnivore,2,0.48224158439307774,0.7485286923313141,3,0.8631198893115181,0.6371812819314422
Medium,38.01489213986858,0.551828224223585,0.7984823826388225,Omnivore,4,0.3280123094698261,0.4484700694462364,2,0.906121793082604,0.4605027735884898
Medium,33.46424544390902,0.10493918032794947,0.5327471075217923,Omnivore,4,0.5030584476594517,0.4807371798859651,2,0.8807690367342796,0.520337971344518
Low,65.50119611838386,0.022346788426857334,0.5091492171496355,Omnivore,2,0.5551102506164891,0.597785340268414,1,0.5742570644746336,0.5868762502215638
Medium,54.24187888003826,0.1715129976480222,0.9578692683834855,Omnivore,5,0.6793039841457518,0.9685466605627775,2,0.8553481939026899,0.6356482188802396
Medium,63.03420611431829,0.5648491709995744,1.0,Omnivore,1,1.0,0.5647765242404427,2,0.6790550774969878,0.6492824597835926
Medium,59.73157534487475,0.7033409545189324,0.7660165613432928,Vegetarian,5,0.5072681398044223,0.453220489407827,2,0.8853129870564386,0.5442618975013765
Low,45.35399927004304,0.20247856414138,0.9504493644430229,Vegetarian,1,0.4101365846097518,0.6172561025164474,1,0.4851356212779021,0.6023261022941151
Low,59.32118547053495,0.6682594372081745,0.7916983773458309,Vegetarian,1,0.5453265155246055,0.6647654211950362,1,0.5244691586318068,0.705435065304054
Low,41.50348042477717,0.18247633109922934,0.6394508254873625,Omnivore,1,0.8924329858344987,0.3397307678891072,1,0.5140147703089251,0.5987299295493598
Medium,80.86458537002102,0.7134574266312571,0.8146285404100202,Omnivore,5,0.7086236297917894,0.18239335544450708,2,0.49206788205170865,0.6564684916421841
Medium,39.66044482710054,0.41195967989579885,0.7029269070672003,Omnivore,5,0.6905980942362978,0.7534398406182128,2,0.9188254954017925,0.5190641578188263
Low,57.06322093547128,0.6537995093336167,0.6522117665427314,Vegan,5,0.5634512902049374,0.8482492648512304,1,0.7834041271644763,0.8302402033500165
Low,44.36592617929127,0.9950527524792473,0.9706029527182641,Omnivore,3,0.4777131246694174,0.11466174327260575,1,0.7543812063424571,0.46818708154044136
Low,68.55631760041193,0.937816965232562,1.0,Omnivore,5,0.8512273599052373,0.6960445350073851,1,0.8220845736318068,0.6385645657997685
High,55.02852943077745,0.20428175783610364,1.0,Vegetarian,3,0.4757433350732092,0.30178107801510284,3,0.9623359094849228,0.6614953854778786
Low,52.219999205681845,0.8854387643623057,0.48879870945423515,Omnivore,3,0.7187043053042882,0.5936671477907954,1,0.6476385728943375,0.6471395119640332
Medium,72.79802317577332,0.16649079517476653,1.0,Vegan,1,0.6726187138257184,0.9413185917133138,2,0.29114118256448973,0.9316038964419266
Medium,60.441458875163285,0.9530465861598449,0.6437585262309216,Omnivore,4,0.3907077008584213,0.46457275867619974,2,0.9077662559552776,0.5731581980994921
Medium,67.74966668903951,0.2818256790996847,0.6480559989304953,Omnivore,3,0.8808354972116467,0.7780522652217852,2,0.6794333817939089,0.6842651693164403
Low,45.280110952238026,0.38203483041127095,0.953156612159426,Omnivore,3,0.5748649347270197,0.0,1,0.6354131351722562,0.4320288029371905
Low,38.9277458410874,0.09163820517572785,0.49933506929172644,Vegetarian,1,0.2720550943092833,0.06628071647636968,1,0.4588949733778313,0.600974564306343
Medium,61.608119430602,0.1122727583289096,0.36100700276272013,Vegetarian,5,0.8466323855417239,0.7836987307354017,2,0.7851437243643499,0.7822831696314413
Medium,55.21730466757903,0.7267405652293196,0.6497042956482031,Omnivore,5,0.355298009620472,0.2684522850928711,2,0.9071552255750552,0.46215158584795846
Medium,69.39652008680916,0.9443322357482916,1.0,Omnivore,3,0.7785425696642919,0.33022036540231126,2,0.8127448754806716,0.6382206704036116
Medium,58.801373210061755,0.6107484949543095,0.6209652863204853,Omnivore,5,0.2494728334067297,0.2724805140752518,2,0.8734086834506009,0.421556030493022
Low,63.07613008851945,0.715850015526811,0.9449397064377437,Vegan,3,0.5529054901126388,0.2021349897234322,1,0.5996499605308914,0.8245435819557392
High,35.64926205088135,0.9619697445971536,0.8383657545175371,Omnivore,5,0.1880499050706575,0.5984800274048124,3,1.0,0.44889698601705047
Medium,88.32655409421385,0.3628142745529417,1.0,Vegetarian,4,0.6314113987472394,1.0,2,0.3739848681754113,0.7478007636794701
Low,57.53637022451952,0.045229630920214925,1.0,Omnivore,1,0.5802660791594072,0.2513050196471955,1,0.4876815815255561,0.6207394522956338
High,70.46380455508799,0.30187274391916863,0.7848835220438715,Vegetarian,3,0.7710490128033062,0.25507073230892424,3,0.564301636202897,0.654622901957437
Medium,47.458624946705605,0.35064928295401865,0.4037252013959851,Omnivore,2,0.5975449476451646,0.3673398730768064,2,0.7839886767037323,0.5498371144079407
Medium,64.6201485332601,0.2414642281992161,0.6420264580981899,Vegetarian,5,0.646537561151415,0.18747711010284296,2,0.8190605621286265,0.6839662707091784
Medium,40.457328547128824,0.062317725049185646,0.63445389790963,Vegetarian,2,0.49074574422342715,0.5488888614826832,2,0.695312314221227,0.568620053966508
High,66.78101757389507,0.37952829249366676,1.0,Omnivore,5,0.4431876257214953,0.5595750466880861,3,1.0,0.5579990967856722
Medium,54.66038873421251,0.1244988982679478,0.28642406923269603,Omnivore,1,0.3705516100028436,0.3466162655531188,2,0.6773489387257821,0.42358410514357825
Low,60.43785755903351,0.9148783806173704,0.6179746712350465,Omnivore,4,0.6008151120159317,0.8100923330057149,1,0.7605295876960976,0.6004543459753532
Medium,70.46961045195147,0.24026721345916893,1.0,Omnivore,3,0.5294748138980552,0.3042302764281916,2,0.3143498233892177,0.4838584081621059
High,41.5118953316958,0.7376484639876792,0.8784171799891743,Vegan,5,0.41622783426553184,0.21795236559344333,3,1.0,0.7326156627269922
Low,49.73262404080805,0.5931059551121646,0.9804030937896454,Omnivore,5,0.36732460211637163,0.055370431714442,1,0.7517327509693457,0.4470475289956584
Medium,66.85986421630149,0.5434894577086338,1.0,Vegetarian,2,0.6368932491545409,0.14342711629153998,2,0.7387389972307372,0.615037064963414
Medium,91.4733221182012,0.19905643421598798,1.0,Vegetarian,3,0.581843958205736,0.4903201235040082,2,0.3781255923992604,0.7586646190522913
Medium,57.92876498007777,0.3187983617505512,0.9718269910531669,Vegetarian,2,0.23685755531391273,0.23982047628906536,2,0.6790419639232238,0.49940602074839213
Medium,68.86704176885898,0.05127033246315327,0.7839967412148855,Vegan,2,0.5452646960546326,0.3033027222626727,2,0.7539532745985851,0.7401259270080547
High,58.3954279521228,0.595669914096316,1.0,Vegetarian,3,0.31860173988808305,0.45919400491871887,3,0.899955393284593,0.6627078454359289
Low,89.1336839213445,0.288598931271592,1.0,Vegan,3,0.36646140780143865,0.7129095863782453,1,0.24038728842604506,0.752646009626293
Low,33.79167499552116,0.5616325332843798,0.37172758434644493,Omnivore,2,0.4344312375686094,0.0,1,0.5655043885013211,0.4403941210808219
Low,61.41931567004037,0.6928083938491005,0.5999094334549862,Vegetarian,5,0.8084592917805171,0.7509992089644019,1,0.7560223212017312,0.7178045699797042
High,35.616839496569085,0.7321198602047065,0.8716466534533154,Vegetarian,3,0.5312075237664841,0.0,3,0.8995491220964917,0.47317774772641696
Medium,22.401426441949248,0.43423669661139574,1.0,Omnivore,3,0.19514210232804952,0.0,2,0.7850231436694971,0.3255816704855846
Low,64.46193079676725,0.3873334208566924,0.5010297831897338,Vegetarian,3,0.6116782560079418,0.8480004385098519,1,0.672001471608917,0.7008133824159163
High,62.092466942211885,1.0,0.3928088304568458,Vegetarian,5,0.6407802096253485,0.18660787961729614,3,1.0,0.6828394362003909
High,55.72744593386698,0.4193680650652701,1.0,Vegetarian,3,0.4263488177310799,0.5715211696275535,3,0.9370423084441344,0.7225896605236273
High,58.407088649403704,0.9342183395288688,1.0,Omnivore,4,0.2155520746528426,0.31158036155030777,3,0.9825133982528722,0.4899206462897366
High,100.0,1.0,0.7763793453158995,Vegetarian,3,1.0,0.5318091172474823,3,0.6407694895801872,0.8584866220257968
Low,56.127372929528484,0.4192000072707345,0.6579225890188822,Omnivore,1,0.5641432505298023,0.11203651812463333,1,0.5592691859652041,0.5739389220672155
Medium,67.65186541875113,0.29730059922563934,0.9984473245916141,Vegetarian,5,0.6670960734632203,0.6778795234575711,2,0.8712789453257509,0.7576377070228875
Medium,50.25952770579178,0.47054148604597523,0.5812276593714337,Omnivore,5,0.43925690260061284,0.13876069189314072,2,0.870012814141052,0.46866471352386757
High,64.42848862560905,0.2932139258926985,1.0,Vegetarian,3,0.7630123143817045,0.8654882656186638,3,0.923270052603072,0.739013125683093
Medium,56.42649487416574,0.04593003222908998,0.38971117708469144,Omnivore,5,0.5406504181579511,0.013464085932155145,2,0.8560415948248493,0.5506202999495962
Medium,53.84222275905405,0.11160319945189179,0.30719333475546545,Omnivore,5,0.4405453645145026,0.8731854993209809,2,0.9016393648545358,0.6077678921954024
Medium,87.28347798300487,0.28714503146222614,0.6449035966578138,Omnivore,1,0.8057084972901807,0.10351673293381025,2,0.2363225790633703,0.6562261392586556
Low,77.65777444776509,0.604176820338043,0.6743766504437945,Omnivore,5,0.7895581681011574,0.7326767820305821,1,0.32659285990869474,0.6551795024910739
Medium,62.05119971098846,0.8491366361611221,0.42318258984381735,Vegetarian,5,0.3899764444471312,0.16445750717922947,2,0.9231696846965219,0.6997106785804099
High,25.4368209608405,0.435642331999687,0.19287453414484923,Vegetarian,4,0.5372137895832578,0.0,3,0.9256718961201009,0.5181753230348222
High,54.584861651211455,1.0,1.0,Omnivore,5,0.424430773232954,0.42486171804448986,3,1.0,0.5310774489044315
Low,100.0,1.0,0.6642765659022574,Omnivore,2,0.8409647903826356,1.0,1,0.27955965350277856,0.8385156138577584
Low,56.54007500040438,0.9589046048452052,1.0,Omnivore,5,0.4898165092439797,0.4124738804433401,1,0.8107860112617624,0.5583580443704362
Low,76.54826358080487,0.9375627346763238,0.7507409793521205,Vegetarian,2,0.947314438839769,0.624707923438106,1,0.364769062111475,0.8019555200190246
Medium,81.62913602928901,0.4638250407977206,1.0,Omnivore,5,0.7625898813929732,0.7413511984210965,2,0.53038666984844,0.7045219196607392
High,63.28445873783963,0.27268391100262307,0.5418244084579984,Omnivore,3,0.8656863451896785,0.7124774638370911,3,0.9945255404253033,0.6387984343972556
Low,47.37267552197771,0.5688187317664949,0.4771861461017554,Omnivore,5,0.407792895752902,0.8884770461760292,1,0.7599340911333929,0.5604837949195152
Medium,23.470315023256674,0.5586814439372337,0.6920607779838587,Omnivore,2,0.0,0.0,2,0.7284459553207271,0.383862138800395
High,70.26244812913431,1.0,0.9119551657916577,Omnivore,5,0.5356331158714536,0.7290411364045934,3,0.6280618943496508,0.6674401320165502
Medium,47.77865995764678,0.9959910509461052,1.0,Omnivore,1,0.3405654181350636,0.22618809267534656,2,0.7649138581918657,0.5660734090216127
Medium,62.642256778315385,0.5081573065601476,1.0,Vegetarian,3,0.7561387552993709,0.46959487953372275,2,0.8278665531331199,0.6864631776747886
Medium,41.25269490615953,0.34520403103978425,0.8769512391944587,Omnivore,3,0.32086639517837645,0.5484146361604537,2,0.8310020692766287,0.5674096359987544
Medium,56.021436892946966,0.185901711556267,0.7292377503582258,Omnivore,3,0.32410983508474767,0.5211433875475433,2,0.7434491670504437,0.559114107864395
Low,60.5057858235158,0.004799824817370735,1.0,Vegetarian,3,0.31554385904575916,0.2804306412165992,1,0.6338200660677469,0.6662458758593943
Medium,64.02890371566447,0.5091136924888792,0.942723008799621,Omnivore,1,0.2739741973243082,0.5649715286703039,2,0.6360159701117425,0.47270275487548286
Medium,43.27766718971378,0.5555186667025958,1.0,Vegan,1,0.9635020843410576,0.46650315515757207,2,0.7100600217686902,0.7883059621751765
High,77.95366423142028,1.0,1.0,Omnivore,5,0.6296635064638774,0.8388363945126881,3,0.7275431905956504,0.6772578896665873
Medium,51.046578229020426,0.5045769678928006,0.29954270238342834,Vegetarian,1,0.5990123702493022,0.767855069990256,2,0.7326902326253517,0.7339725281722222
Medium,34.882958093201324,0.9164683486660565,0.49500869754632437,Omnivore,3,0.10748334061676149,0.8284315215572338,2,0.8826464979928017,0.45264414490717575
Low,58.364648700548045,0.6280834765714355,0.863698959973692,Omnivore,4,0.8291745530362387,0.48712908579774356,1,0.7395891594483489,0.6126809175242934
Medium,60.5156296353969,0.8403362382210832,1.0,Vegan,5,0.4336665738145054,0.1733645738435537,2,0.9396004519984674,0.6720053829192215
Low,62.4088414975764,0.1483017348077471,0.8623807052498235,Omnivore,2,0.9982358887332917,0.61507151360077,1,0.6268576688416767,0.660924939343982
Low,80.43198605527618,0.9553361303023147,1.0,Vegetarian,3,1.0,0.2688740971221147,1,0.29292002693133323,0.7686247540745553
Medium,56.45326744896211,0.6751438544438484,0.5649219900021551,Omnivore,3,0.3414485329757926,1.0,2,0.8169990954971282,0.5623745482093206
High,58.20570563446843,0.37023303243833056,0.4749405794051672,Omnivore,4,0.8298649109535878,0.31781040784793035,3,1.0,0.5691566114910853
Low,43.45223428150359,0.18976355814601087,0.2711778551972881,Omnivore,1,0.8100028324556248,0.6576416104905329,1,0.3792380917003849,0.7107377684664979
Medium,72.30830254331846,1.0,0.9348552572881144,Omnivore,2,0.40254824413280005,0.6972256400236818,2,0.4287756198666172,0.6458842478446356
High,62.76463596117155,0.2322153604503729,1.0,Omnivore,5,0.330219074457775,0.5963545835434683,3,1.0,0.5844755349044485
Low,53.699584090587564,0.4625349432957061,0.5946476375722993,Omnivore,3,0.11843750346805915,0.0,1,0.6252153035634178,0.48839756313417704
Medium,31.429879598018044,0.31347528993410156,0.7707335828459668,Omnivore,2,0.1263578795677108,0.02543162235021179,2,0.7322838874039592,0.41960487877284297
Medium,81.66618292582632,0.765077439998428,0.46048814548246086,Vegetarian,4,0.6155518731584135,0.5622556622459286,2,0.4758394404595229,0.8544147697039403
Medium,41.58480053315914,0.839629387568992,0.30721734896259933,Omnivore,1,0.3490498263342228,0.23431497912830218,2,0.723290385350086,0.43615660496802316
Low,51.130829859454415,0.36037812155656956,0.9574089215557704,Omnivore,3,0.2559730528966362,0.4539387770717101,1,0.6328761309266896,0.3846974122978225
Medium,65.37516766614004,0.4269020873228372,0.694945543547999,Omnivore,2,0.7920984106611105,0.34638025173455034,2,0.7617321975893503,0.5795415356165273
Medium,42.05163107074971,0.9819177845014142,0.8815921864567542,Omnivore,2,0.42661102820355096,0.4974389634279651,2,0.7685605596170413,0.4254997350999843
Medium,37.59735332620285,0.7839165096792028,1.0,Omnivore,3,0.46085136287840445,0.28442850413548487,2,0.8281646909102014,0.43424172656072
Low,28.140786259490028,0.8972041309317914,0.9933263687735671,Omnivore,2,0.4873255091233303,0.43174576740493575,1,0.5722587189439665,0.4664111681059641
Medium,70.81495429358453,0.5387622206516297,0.5262424169323736,Omnivore,2,0.7607669442428494,0.14459399856538596,2,0.3231408292267604,0.6011048653872306
Low,51.82220632910517,0.23407620398411522,0.7453966039968724,Vegan,5,0.47344689963755665,0.6661268608355232,1,0.669098859609462,0.8183659137637749
Medium,100.0,0.5118634653864517,1.0,Vegetarian,1,0.8357317249861548,1.0,2,0.30894501620266546,0.9506623139685543
Low,45.0846740155369,0.7160919178315135,0.9994039663445948,Omnivore,5,0.6303496891932604,0.3278622936539926,1,0.7196312968169748,0.5637972034081257
High,46.17823464856618,0.30943040483597933,1.0,Omnivore,2,0.5158727850085817,0.7469413265407046,3,0.8112983528601272,0.5092546770572538
Medium,51.51910544571898,0.27046910561650883,0.48576286160917936,Omnivore,1,0.5589464517541738,0.4209992478807532,2,0.6075787782401602,0.5315703916858712
Medium,63.64701982707734,0.046635900461590385,0.51076991685916,Vegetarian,5,0.5154223156315951,0.40485857748316234,2,0.8030506353075201,0.6561853592448075
Low,52.94694991822033,0.43234773833813156,0.8547472178647976,Omnivore,3,0.5895142625390478,0.5044982913816901,1,0.6948106404776532,0.5528834815689446
Medium,69.18498321003769,0.8274457359796132,1.0,Omnivore,2,0.5355249494277705,1.0,2,0.859550296853556,0.5781866270425187
High,45.32117415017019,0.2246636882980108,0.5457453862850442,Omnivore,5,0.515213523122522,0.8243378959045379,3,1.0,0.6403231941631359
High,39.27612422304628,0.875323526807166,0.30108577797765296,Vegetarian,5,0.3398034033483413,0.0,3,1.0,0.46937744252666996
Medium,33.02677890886339,0.9324958745137396,0.8818802774543945,Omnivore,5,0.4733785996418945,0.0,2,0.9282160804286915,0.43418668244774494
Medium,26.646387480942046,0.23692786151118228,0.43292976878471473,Omnivore,3,0.0007668842907268547,0.19592368604761518,2,0.8429876261207547,0.3798257955178622
Medium,52.22896470787415,0.6936348407276481,0.4275075478510926,Vegetarian,2,0.5318038218521982,0.22311655124006768,2,0.7808259479186087,0.6417237110386675
High,55.48529531410167,1.0,0.42515000496764,Omnivore,5,0.6954151308055806,0.5770857825551651,3,1.0,0.5874508241076108
Medium,50.52844458775225,0.9622780601524632,0.5675517704654776,Vegetarian,4,0.5201985015835191,0.37951574621834455,2,0.9874176324764276,0.6583707149295733
Medium,78.65108695780742,0.33492919302914326,0.9859335007027826,Vegetarian,2,0.5020458861561428,0.5193987715263099,2,0.3155734353809999,0.6564452944904152
Medium,78.42045314412202,0.2003310532120687,0.7505045044144267,Omnivore,5,0.6352971276289956,1.0,2,0.4433360612706001,0.67888119513035
Medium,54.97795518833247,0.14828253789591594,0.29555162753509395,Omnivore,5,0.8032258606049558,0.6929614531958991,2,0.9234168558821324,0.5749800287083704
Low,33.091183302120555,0.7020356684821422,0.26236435118841384,Vegan,1,0.3167570471683335,0.49022333243756544,1,0.5840504094183556,0.6345675731641081
Medium,51.49942337917421,0.7257588754532756,0.5480003640944902,Vegetarian,1,0.35113666110369723,0.18699822668171298,2,0.7870287569236551,0.6407068922927266
Medium,51.002679091244076,0.674236561628199,0.9147178776033122,Vegetarian,5,0.7608742485308116,0.41386626358973566,2,0.9105617467372852,0.6840250478916622
Medium,50.14297556582913,0.3360783877422381,0.3492299512976795,Omnivore,3,0.8113635200091618,0.37674983230016157,2,0.7798701293541169,0.5908913994127386
Low,49.534216441526326,0.16977693975812214,0.8083279357083135,Omnivore,1,0.2595908240059216,0.44093385609869906,1,0.4931723942778573,0.4704956200330433
Medium,50.198056564127896,0.5807610919522531,0.3708761536446437,Vegetarian,5,0.40138514790025803,0.28623592342941917,2,0.9157683702331199,0.5756286060626878
Medium,54.2018757615336,0.4836804457578665,0.4826247061570495,Omnivore,2,0.4731446760896146,0.7284446214537765,2,0.7464127290075621,0.5769784365369603
Medium,50.46688351776665,0.7288341471223034,0.424522945144596,Vegan,4,0.6113103420781558,0.8198936919805508,2,0.8376784202186699,0.917104732438271
Low,63.12483762938388,0.44136007868562144,0.3828528237177299,Omnivore,1,0.5951746613916296,0.7556726628525672,1,0.4595911800046207,0.5501421909521669
Medium,65.40553073857292,0.3386396946864684,0.9983574710794549,Vegan,5,0.6785413357272831,0.515040387619129,2,0.9076360847142679,0.7690299459153827
Medium,46.34032369226265,0.2934785773590144,0.6951051658473477,Omnivore,1,0.43419585070079736,0.26529756613760014,2,0.6955076473708076,0.45884646501932236
Medium,79.0659798901055,0.3114703200497465,1.0,Omnivore,2,1.0,0.9836197465943797,2,0.31795650008524734,0.6452156331415312
Medium,45.29906547239079,0.2657463761866614,0.3253861673442709,Vegetarian,3,0.5676936510356039,0.4746331088926828,2,0.8238889089734153,0.6455292919712451
Medium,35.73299079276994,0.09483043884410136,0.323397887301922,Omnivore,5,0.2986082101043697,0.46471619140633746,2,0.8669513295741417,0.46669325717190074
High,65.71167107047577,0.5468570109288895,0.6350160867028295,Omnivore,3,0.6015463136888998,0.6393694612458085,3,0.9765081299880409,0.5840192065320943
Low,47.7388779837849,0.0365698123629582,1.0,Omnivore,4,0.5720172778996687,0.1749368498242884,1,0.6534182504184803,0.5598718831377069
High,64.81937206136082,0.3864138471663268,0.6298556834625029,Vegetarian,5,0.4571634928668148,1.0,3,0.9592941796180404,0.6982727895166034
Medium,23.94497098349204,0.7467704446194291,0.5281435624161528,Vegan,4,0.29347589773184535,0.9356713511844791,2,0.939972372801041,0.6915754049933228
Low,80.88683912224602,0.42546898867662264,0.7060377619083946,Omnivore,3,0.8407237547024063,0.5444337931165798,1,0.26150205355561307,0.6924603890204465
Low,70.08440112060603,0.7682370169773438,0.43064629740406013,Omnivore,5,0.5279201991888582,0.5722376558652911,1,0.3104973931924023,0.5848328625411539
Medium,37.49285176255498,0.7168841755972774,1.0,Omnivore,5,0.0,0.19825482811271866,2,0.8990488191094053,0.4797220213921934
Medium,37.818343142305714,0.5811853427321135,0.7376307077827174,Omnivore,2,0.030790691493060962,0.11628864662761107,2,0.7868033792109388,0.3734809041267731
Medium,85.08398856146292,1.0,1.0,Omnivore,1,0.8049364765251191,0.8879198163131478,2,0.4255638029863836,0.7524635725467024
Medium,48.939301447530625,0.021439866623113257,0.9030535994229492,Omnivore,5,0.6707968087650541,0.23410321087310135,2,0.8665103848241648,0.5517480877613826
Medium,47.487227269010646,0.7386526505881421,0.7516904154070283,Omnivore,3,0.3850296252854131,0.10916762551648823,2,0.8607750371505934,0.4815507800032705
Medium,26.009218587760756,0.958786643940408,0.2197243495981839,Omnivore,5,0.4332925945674959,0.35061163073804863,2,1.0,0.5172722394526302
Low,54.738326915976685,0.8622717293529393,0.9164251798501878,Vegetarian,5,0.47404903084669886,0.19375162093247883,1,0.8662512540646943,0.6080974505109331
Medium,56.58420577746371,0.16789269180501332,0.43829138482415064,Omnivore,5,0.35561975444306126,0.28673261384737947,2,0.8799772735304506,0.5102723865193511
Medium,70.73239645154229,0.42682030625173206,0.7680451516139881,Omnivore,5,0.45165397455596007,0.3865560221808545,2,0.5256310536500974,0.582868395204613
Low,39.01382357723287,0.1724518398764654,0.8241822613665947,Omnivore,3,0.20482315811208215,0.46387118776051556,1,0.5683088589067281,0.43584591793208993
Low,37.19569811639086,0.6013083638147041,0.9682074910540777,Vegetarian,2,0.4001043989338572,0.3322127852888759,1,0.6075540410887739,0.612307989071255
Medium,66.76443952164715,0.7121879819794923,1.0,Omnivore,1,0.6585237078037083,0.0,2,0.7415402736707097,0.6406585941922647
Medium,75.10095106840598,0.4170737693630582,1.0,Omnivore,3,0.701375664962385,0.7115653944247294,2,0.37073954625783273,0.6188996928298885
High,36.432714733231755,0.7395065739842954,0.33120578284136626,Omnivore,4,0.3230155365872559,0.056055515592104366,3,0.9576140265695432,0.4110145214780091
High,76.22271129449612,0.990920570071195,0.7272420965440685,Vegetarian,5,0.9832352907114551,1.0,3,0.6971137671732558,0.7969853610108474
Medium,60.563127622302325,0.42133981661104836,0.3457279107717058,Omnivore,1,0.9815463508695582,0.0,2,0.6037178414650332,0.7078420178785969
Medium,76.37708008611969,0.9540155304554593,1.0,Vegetarian,2,0.6162061109728494,0.7492717590352934,2,0.4709071485994568,0.7811006793654511
Medium,58.94669457723575,0.7715499352878171,1.0,Omnivore,2,0.5518448704848335,0.724690731037869,2,0.7742883338194149,0.536356987777307
Medium,22.16583123768074,0.06466554385057066,0.3749395463674795,Omnivore,4,0.0,0.0,2,0.8595857530753299,0.2695455676649309
Low,57.72048926525942,0.621125299090829,0.3762991554886064,Vegan,4,0.5742963922719804,0.3974044826254707,1,0.6681393384815201,0.8015468331321672
Medium,75.90215728006905,0.3353255509597496,0.8550808631539988,Omnivore,3,0.6960399010395941,0.6611181237312934,2,0.35837992321220924,0.7737218557718551
High,46.593809713744285,0.7575182646672753,1.0,Vegetarian,3,0.5088713696421907,0.34317398980390146,3,1.0,0.6262106262449492
Medium,54.18052546638822,0.9568884426329662,0.8228768226037209,Omnivore,2,0.7174658851638659,0.5976870553621716,2,0.8703335589617163,0.5376226745927177
Medium,57.357997446735325,0.8790620045522501,0.3335671374237899,Omnivore,2,0.3316439104420811,0.525301801325834,2,0.7972001239067591,0.4515575188021767
Medium,16.50729180197277,0.4045164031151317,1.0,Omnivore,3,0.12256236326470853,0.3734794221787521,2,0.7491090620404711,0.3769766114935433
Low,85.07021363156214,0.39151385834435337,1.0,Vegan,2,0.7953053039580916,0.807855461023548,1,0.23284053493288936,0.8399583160232887
Medium,46.47936480154238,0.234405744408259,0.36399090105922205,Omnivore,5,0.49655038540586915,0.4201105265909156,2,0.8198832362153111,0.5215894287244125
Medium,67.58603148709199,0.5325148697565201,1.0,Vegetarian,4,0.9559465352308568,0.4803175166758335,2,0.9183486505738524,0.8001813107182928
Low,58.699482957776866,0.11424845325805633,0.7441857033940729,Omnivore,4,0.45689667351458296,0.563363921744774,1,0.7145108869098278,0.5783767346120617
Low,78.8642858453904,0.6492750081282486,0.7662194198018932,Vegetarian,4,0.91048053010786,1.0,1,0.27701746853967396,0.8618693325217548
High,66.09084183642122,0.20133363949079203,0.7915075397092943,Vegetarian,5,0.9953479589274268,0.5248602046901086,3,1.0,0.7963145356880481
Low,56.47613592718538,0.32384963074584483,1.0,Vegan,5,0.3955715336714512,0.08860762555271534,1,0.7068368268005912,0.7373066822333199
Medium,46.5972736122108,0.21993431383058126,0.8924660463478398,Omnivore,1,0.49542201619320914,0.717067401121605,2,0.6910065298512716,0.5513354655096157
Low,71.96776052073209,1.0,0.41908725500338795,Vegetarian,2,0.747385074768155,1.0,1,0.2734687979985627,0.7984531704431546
High,31.89838044068075,0.927242319569979,1.0,Omnivore,5,0.05974028867821807,0.4390811739787346,3,1.0,0.48473386641836974
Low,69.68835630413838,0.3496533804622377,0.49622591499900964,Omnivore,2,0.8127167226938745,1.0,1,0.6108966614323671,0.7415643379643441
Medium,43.51432872667691,0.09284508653062051,0.9631395953687356,Omnivore,2,0.6596856523185183,0.40551144800875516,2,0.7043881133921915,0.49646207182301905
High,78.7842549293496,0.8168005946906239,1.0,Omnivore,5,0.6542415835429966,1.0,3,0.6207566392915176,0.6481647889286705
High,62.41949313994043,0.4134478813260423,0.499625513646263,Omnivore,3,0.5662667806519743,0.07962604140480078,3,0.9718399673775021,0.48229185830682597
Low,69.66185651775163,0.5364295458983578,0.5190413587018078,Omnivore,4,0.3472254505090881,0.5353165328676741,1,0.7828516166965055,0.5522134330172842
High,61.22983220737079,1.0,1.0,Vegan,3,0.8226966518722756,0.689987311973932,3,1.0,0.6915069501482737
Medium,33.71434357288505,0.6157925521013854,0.5882666413640224,Omnivore,5,0.5102158052132453,0.05153783032836021,2,0.9814454843715994,0.5041346684820054
Medium,47.08906254906992,0.6337884195450022,0.8900218269194882,Omnivore,4,0.2797338555617346,0.747247229845246,2,0.9044260889149268,0.4775180232194788
Low,70.08584006417074,0.6410302890628115,0.8545002041775269,Vegan,5,0.5323821586988722,0.7481413966410743,1,0.4057196089655867,0.7321780449010044
Low,62.49983726039766,0.9272656326314092,1.0,Omnivore,3,0.5454475774457633,0.4561652676147295,1,0.7159778178725784,0.6872381916380453
Medium,77.71484857958508,1.0,0.867816617937256,Omnivore,1,1.0,0.776553417425959,2,0.3389413431387935,0.6970446712829022
Medium,66.04911844555758,0.5127232010735522,0.6176255074833563,Vegetarian,2,0.6460584119334526,0.6101229433371524,2,0.7141739888405971,0.6359629413858489
Medium,45.499471639460104,0.3057594871435044,0.590880729193797,Omnivore,2,0.48534947980500054,0.574075479897863,2,0.8843302635484283,0.5166583929504603
Medium,48.05903793419049,0.4595870058794439,1.0,Vegetarian,2,0.5109725672253103,0.33060168338537554,2,0.7545925433399365,0.7100328530788844
Medium,61.54376085784856,0.18655791219561568,0.7757534972119698,Omnivore,3,0.889974732027768,0.0,2,0.7763501778583579,0.4337473701344672
Low,25.28933900999842,0.6363443153180893,0.3398960272946014,Omnivore,1,0.178270197041547,0.46991554328202656,1,0.6179526223228369,0.4829410508281247
Medium,85.10162828434477,0.6000923357822332,1.0,Omnivore,5,0.8238815990788418,0.689636689962798,2,0.4153302930058147,0.6153714184083194
Low,66.62620104566336,0.10330047781327989,1.0,Vegan,3,0.901135484384143,0.3194839438213909,1,0.6391169706813937,0.8688553597667905
Medium,78.40551895573309,0.2976477811196153,0.4476937408348646,Vegetarian,3,1.0,0.5409501167489889,2,0.4471554583829674,0.7548969753551434
Medium,36.29094088786246,0.4796319561995268,1.0,Omnivore,4,0.15405276227565137,0.24344587132264822,2,0.9140683496551024,0.42922512641969907
High,78.66847740532884,1.0,1.0,Vegetarian,4,0.3974477704962737,0.20941433418367184,3,0.678659821384853,0.632557462254615
Low,93.47248366541623,0.6663907206310974,0.6276290173676682,Omnivore,3,0.9332844957938984,0.5124661313086244,1,0.2163312750527032,0.7404891753117357
Low,40.18682466934024,0.6815350002084708,0.43810180464529763,Omnivore,2,0.5312098626926326,0.30040757227659926,1,0.6630972908416916,0.545279069628394
Low,71.5710269235565,0.4390285497439097,1.0,Omnivore,4,0.7787257451806444,0.5453542171986053,1,0.23836343308020075,0.6784772576349618
Low,60.0166491703094,0.5714113930442343,1.0,Omnivore,5,0.47775254598927464,0.22006799475986133,1,0.8325030980144105,0.5009877951766181
Low,36.83349227627633,0.4473798226380674,0.42320340453118777,Omnivore,1,0.7411212080670373,0.0,1,0.5838033496576358,0.5353457843294255
High,67.39325957777805,0.8591299126231606,0.593935151788161,Omnivore,5,0.4602115497252567,0.30570373395089795,3,1.0,0.6037164568789273
Low,72.50404807256022,0.15057556607901038,0.669640935234862,Omnivore,4,0.4522834748237587,0.6932179063730877,1,0.3190294239557703,0.5928659134245817
Low,50.9831017099673,0.49330021623895914,0.8529338733864733,Vegetarian,2,0.740728427784741,0.2309353170391371,1,0.5916130256168133,0.6815568497980471
Medium,77.48874780382835,0.39599262514396694,0.5592599173204187,Vegetarian,1,0.6908276088727607,0.9073518524670279,2,0.2945934312577869,0.7272043642153052
Medium,34.998548898162035,0.32618506127790925,0.27923594337558766,Omnivore,5,0.6896990749518122,0.6402903072532677,2,0.918683545564676,0.5861992821734026
Medium,37.57865780325534,0.9609174315580614,0.8667573781017902,Omnivore,1,0.32587513841890314,0.8363117597273275,2,0.7434812091391855,0.49186063184542844
Low,62.04896093383128,0.18269481271138277,1.0,Omnivore,1,0.5428678924254712,0.7044362187719976,1,0.5072159480901842,0.5926668632284365
Medium,60.38077916958407,0.3112452525785969,0.8028333002644259,Vegetarian,1,0.7031344726362396,0.6298960595259524,2,0.6498655454841434,0.7236352292659097
Low,49.25139767363842,0.5098925757308718,0.6100896986365775,Vegetarian,3,0.6635141331868925,0.8236415842332925,1,0.6982096862975181,0.7234116231220371
Low,72.14391653957829,0.9630269481496236,0.7927622962243679,Omnivore,4,1.0,0.23573256411475313,1,0.348471709308028,0.6470856157119755
High,67.96341471323925,0.6166700832063705,0.7282249074381482,Vegan,5,0.8520355730086699,0.7542607736406038,3,1.0,0.9645624826247282
Low,72.87208606401023,0.843865280888171,1.0,Vegan,2,0.9429364573145874,0.892038089032786,1,0.20576595037453535,0.875176274772801
Medium,58.15295346971599,0.8563740982148024,1.0,Omnivore,5,0.46574034140697734,0.48150216406985097,2,0.8869375103472179,0.4778519749795474
Medium,69.03870401967511,0.31001635582184894,0.5532807349484858,Vegetarian,2,0.8821640150328369,0.8221082723545076,2,0.7860726976053252,0.7332037046686349
Medium,53.31524545455008,0.39275018353870994,0.6507653793267305,Omnivore,5,0.658271998620198,0.34412168003978877,2,0.8356709533128339,0.5215307296623932
High,90.80728035129894,0.6565562236883563,0.9980486931196045,Vegetarian,2,0.7917900167268714,0.7685670417559366,3,0.48803946132792886,0.816982400530272
Low,47.81181344817021,0.8328558086179211,0.8520449293045396,Omnivore,5,0.20300236678297778,0.5083853278308773,1,0.812794176471852,0.5769800376104015
Medium,91.57946144187468,0.14434686195360116,0.9260812032381405,Vegetarian,5,0.7352088156651205,0.864210490863863,2,0.5546697556898997,0.8355612594611184
High,60.52331920634113,0.50842108882868,1.0,Vegan,2,0.5019155037157568,0.08747307923281017,3,0.9192516905356062,0.7168090158999696
Medium,39.367336656468865,0.6794085575951299,0.964442702740576,Vegetarian,2,0.3547948057667049,0.17395382949365762,2,0.7150369435707071,0.5317960045175651
High,80.52119025732901,0.8654434995653427,0.9077638699148118,Vegetarian,5,0.9543893577035814,0.6837110258315922,3,0.6412917046868611,0.878228448802862
Low,61.88852082592439,0.4362893592936943,1.0,Omnivore,2,0.8082654048976309,0.6333781922756725,1,0.5934789466598148,0.5934869463471579
Medium,72.76686147570356,0.6399482272213843,1.0,Omnivore,2,1.0,0.8083652812500418,2,0.3960687046026172,0.6466331908349923
Low,78.3578387781389,0.29758458582831826,1.0,Omnivore,4,0.8688684085173788,0.6603078731623228,1,0.23245444521997957,0.6518097611443376
Medium,65.06933331217537,0.4307166216080104,1.0,Omnivore,1,0.36007332118146435,0.8746579708663988,2,0.6483323340946854,0.5622620372754453
High,51.11638732780778,0.7017029841763491,0.5220488778482415,Omnivore,2,0.33098562898531814,0.33821751267963945,3,0.9171975407358749,0.5309454268950268
Low,74.63570066503875,1.0,0.6408266656920429,Omnivore,3,0.7005228086066245,0.879017880461902,1,0.33549248897590406,0.7170157840893598
Medium,60.011332611818936,0.26083516280397634,1.0,Omnivore,2,0.8142558662932264,0.4551008785937096,2,0.6615563168691964,0.654140749827611
Low,70.28786727912629,0.9678285021649325,1.0,Omnivore,3,0.8272107094396642,0.31061549735533817,1,0.17858608086070493,0.5250123757321308
Medium,27.69404139312808,0.6442414008259819,1.0,Omnivore,1,0.12512839752831878,1.0,2,0.7096485025261015,0.4803120324143551
Medium,66.70472575514778,0.020340831067600984,0.39665378910019194,Omnivore,1,0.44432014232338246,0.7056322446987562,2,0.7880266309334998,0.5946463469315774
High,50.42121262282455,0.9246313368993937,0.8798631403757193,Vegetarian,4,0.3773478074348029,0.0,3,1.0,0.5959726952788699
Medium,84.79964455767796,0.1355518775490551,0.5686265609118373,Omnivore,1,0.600573469937183,0.9777227807729892,2,0.32254293923070043,0.6110017839002422
Medium,69.34631021833643,0.9973811268138131,0.8506287493842648,Omnivore,1,0.6695353968111817,0.6272491238008163,2,0.6985770318281147,0.6136162066958707
Low,63.59786618773945,0.8726366876911978,0.4737362627921415,Vegetarian,4,0.7249650465708749,0.7900917110951768,1,0.7434323342899132,0.7281087615508014
Low,67.29464990025332,0.29734374754004567,0.4645517584861459,Vegan,5,0.7321277611277748,0.7233700039955973,1,0.7843553445732365,0.8975325032291519
Low,45.02338720684923,0.2574112301967054,0.2372852814162793,Vegetarian,4,0.35520765543635435,0.1461143200828255,1,0.6691851493469927,0.5764936608814638
Low,84.34885035792081,0.4814410821056089,1.0,Omnivore,5,0.8491234994949882,0.9789380318894296,1,0.2883725739865705,0.7012914675930951
High,89.87055627625357,0.656166965314443,0.808375398071354,Omnivore,5,0.6374286672982992,0.5500944041780303,3,0.6686938307779798,0.5700265440352177
Medium,65.89370265822325,0.37233781838538105,0.43465679817008795,Vegan,4,0.5217815080438694,0.30691608550226424,2,0.87824279980533,0.6981463983365154
Medium,83.85605352860458,0.4182765461194804,0.7421180453743328,Vegetarian,2,0.9007698281871509,0.5983175410348267,2,0.44054130174761863,0.8355310323125433
Low,51.462777019912,0.6211334068483314,0.42625797655114495,Omnivore,3,0.9645842531955091,0.11744534630297926,1,0.5953581006760124,0.495742653205698
High,48.04329650662529,0.36426366372062396,1.0,Omnivore,5,0.7498382381299833,0.5506939682718829,3,1.0,0.5022722661114063
Medium,60.613871230933846,0.8459812924460132,0.6230742419160173,Omnivore,2,0.34442887848181464,1.0,2,0.7423037728130379,0.6276026584214421
Low,66.52411557551848,0.8124024840313153,0.6665741011669823,Omnivore,4,0.834115571474408,0.2231822841662543,1,0.7393572449201837,0.653434458829491
Medium,54.09019978135319,0.47648320785527043,1.0,Omnivore,3,0.5759777470777796,0.8632083812395637,2,0.7547366572316403,0.540815480866231
Medium,68.06652285552725,0.8527299652785476,0.9880883755636405,Omnivore,2,0.721329852775221,0.38760161407348115,2,0.7518332889067739,0.6043806039686141
Low,64.59584223110122,0.2471450700302933,1.0,Vegan,5,1.0,0.3602018602831579,1,0.8057285744341309,0.9368630986160253
Medium,45.02539837063418,0.017565455703966948,0.8611287958421314,Omnivore,3,0.35318205833620175,0.03276148390359962,2,0.7550720955538894,0.4652047872206522
Medium,67.78189526177582,0.619207925029823,1.0,Vegetarian,1,0.7834014626428224,0.6677381856911738,2,0.6474223163447054,0.7759291941649702
Low,72.95292363782282,0.5579094069647154,0.5717654497471593,Omnivore,2,0.8832140359250547,0.21083054372380827,1,0.19743395303058803,0.7172523612509932
High,62.57203976385586,0.7671645462958707,1.0,Omnivore,2,0.48674312713968254,0.3792308431173472,3,0.9597200459206499,0.6506985325994539
High,77.28972154892539,1.0,1.0,Omnivore,3,0.35431045518636284,0.9767366966688469,3,0.6105850239781663,0.6232233338901214
Medium,41.73894309754572,0.9699255735659434,0.7976673043640707,Vegetarian,5,0.15151975761037473,0.8169180417123085,2,0.9703209225302116,0.6661971339422926
Medium,67.01925633197777,0.634453139755603,0.9974679060561378,Vegetarian,2,0.7211836432769373,0.27343914741509745,2,0.8587617970026188,0.7488924392169719
Medium,42.44578940404838,0.7640555898524384,0.8610548235208559,Omnivore,4,0.6037122399999422,0.262447794591542,2,0.9250743913768203,0.5071336919425061
Medium,43.28877962650368,0.08380843348716427,0.2748401221916723,Vegetarian,1,0.5411104228398103,0.31816778248407007,2,0.7282412230164862,0.6448178513545058
Medium,50.53603749393315,0.16071558489150561,0.47069668600160436,Omnivore,1,0.611162538247857,0.0,2,0.6854436352281282,0.43264781424144255
Low,45.869097246386325,0.7332048049529766,1.0,Vegetarian,2,0.5255590672114059,0.21007388356164247,1,0.667125443374511,0.6458315242067154
Medium,51.78006271888293,0.43136545638800194,0.793264742453794,Vegan,4,0.3524935532776088,0.24115263291240316,2,0.8086772385258574,0.670506828641918
High,56.78774533933217,0.6459652704044057,0.6622923299585729,Vegan,5,0.5623331450747981,0.61984198620539,3,1.0,0.7466746488648079
Medium,72.55731729497077,0.4086076816354366,1.0,Omnivore,2,0.8511878207019382,0.6782314950079409,2,0.41888668250732963,0.7333808428862288
Low,55.18261441941446,0.6073563834777438,0.8004320147528818,Omnivore,3,0.6460630907582703,0.49701359351849156,1,0.6717226650601296,0.5369276695858282
Medium,36.21561439845611,0.1851650454162026,0.19424084342417813,Vegan,5,0.6900328411649672,0.2384726812044588,2,0.8476419868996171,0.7516908876843119
Low,77.10101769742741,0.7269162793138956,1.0,Vegetarian,2,0.6545729568994759,1.0,1,0.2894399830276181,0.8305202024322345
Low,47.443647995774406,0.17379885713523968,0.9694358000317334,Omnivore,4,0.3616864871489537,0.3888388278326713,1,0.6278519442258292,0.4820313041503818
Low,59.119193593430566,0.0638260347097136,0.4607446800771272,Vegetarian,5,0.45068840438495494,0.7907110687420204,1,0.8209333533824456,0.6950713974579518
Medium,66.69804760411067,0.330357688699061,1.0,Omnivore,2,0.12042035939448792,0.7327252426180096,2,0.7497999353786399,0.4914743814801261
Medium,62.99415627604174,0.23114034200984768,0.5388789129213231,Vegetarian,5,0.7527623093057437,0.5707774592951733,2,0.7932635354874483,0.6860898597893932
Medium,76.41269321282213,0.9889916385563323,0.83981283344631,Vegetarian,3,0.7649724888399546,0.9035753086341798,2,0.4714442149917541,0.783637739095879
Low,67.18504715089138,0.0549534538686266,0.45066119701537155,Vegetarian,4,0.6231190898906531,0.46744802899574767,1,0.7261606135884359,0.8628914700805765
High,47.08035630454338,0.37661369257412286,0.8386841009733053,Omnivore,4,0.3077532919633389,0.12396181444905352,3,1.0,0.5571850924390572
High,92.67843260987493,0.8487196055830494,0.8388432831065871,Vegetarian,4,1.0,0.7634609001215733,3,0.6367207952063839,0.8342517276231017
High,62.915001950073496,0.6810671908474737,0.6677484719600729,Omnivore,5,0.6326155096492967,0.9750278611787562,3,1.0,0.6423298122062971
Low,57.78989660067741,0.04585201837470154,1.0,Omnivore,3,0.8868495726543532,0.5457898495395529,1,0.6607477443305786,0.6260282518234367
Medium,74.45888134583356,0.10725242801514448,0.38185611957964605,Omnivore,2,0.7494314684201039,0.4691556562275866,2,0.21337434172058956,0.5795729980141546
High,63.74176418895108,1.0,1.0,Omnivore,3,0.7212217117441222,0.28785961887198125,3,0.9723053520838667,0.5623699218572298
Medium,65.98842289408991,0.6588347003588382,0.9013906802185282,Omnivore,5,0.9742919172032534,0.09335282994901667,2,0.8806447850641108,0.611138657448701
Low,97.3827599790103,0.4654061309015568,1.0,Vegetarian,2,0.907766781950197,0.5655125314465415,1,0.23880733596935555,0.7082693128584121
Low,55.8731785761743,0.4704322476632413,0.8688091134851206,Vegetarian,2,0.4719875701278095,0.5557322193942659,1,0.5532443489833925,0.645857201942502
Medium,55.23358658973906,0.26655012045428694,0.3315470670966532,Omnivore,5,0.8376514313278509,0.3890365925107271,2,0.8414252116790794,0.6520862288422743
High,61.74867768018696,0.5448737836932098,0.3593887148446611,Omnivore,2,0.30566141185830936,0.5812357663382526,3,0.8820165301450695,0.6387868563831561
Medium,76.07273903371558,0.7490444672682139,1.0,Vegetarian,4,0.7088038290647147,0.3603210212746914,2,0.4336789782464756,0.755838467883621
Medium,37.40198954714401,0.8828117988673707,1.0,Vegetarian,2,0.3171798726041223,0.6196727979233567,2,0.841752437806797,0.5546270762947512
Low,30.51666162785242,0.18413002308118487,0.49847338372128536,Omnivore,5,0.1363044362930289,0.48004782369618026,1,0.6951099061744445,0.3861638597178222
Medium,51.193270940697786,0.8403615053853187,0.8739988388846262,Omnivore,3,0.6176092649906603,0.25794995470948023,2,0.8614423931166395,0.547213216770801
High,35.491155614110696,0.3215566295182691,0.6670471351261538,Omnivore,4,0.24089028356207268,0.0,3,0.9560778470735418,0.42082080406337075
Medium,53.62752978711542,0.2149922235883912,1.0,Omnivore,2,0.5573457270003546,0.5219632313456525,2,0.721064191945713,0.5645959050092088
Medium,67.53749544193936,0.03717528804964598,1.0,Vegan,4,0.4888405690290295,0.0,2,0.7944591702553625,0.7906976316098807
High,46.63876704671605,0.34081186209299946,1.0,Vegetarian,5,0.5234818666440496,0.0,3,0.9404481781209881,0.6193930790076212
Low,38.597601348279866,0.9173031454640506,1.0,Omnivore,5,0.8019117524512611,0.20057269042921094,1,0.7328522988448343,0.581418134294065
Medium,61.04005742573022,0.4594387466183786,1.0,Vegetarian,5,0.5999234452533643,0.24420654785477752,2,0.8339033634750946,0.6830191710776568
Low,72.93815226922756,0.17766586177835356,0.5819695401132743,Vegetarian,5,0.7273890258841322,0.9962923798768019,1,0.3723732712696357,0.7565020808216903
Medium,34.575398422250814,0.9597268380389613,1.0,Vegan,5,0.10831485540530172,0.1892939042695957,2,1.0,0.5273069765984428
Medium,72.30348597458976,0.9789923077586501,1.0,Omnivore,4,0.8915299733854765,0.7487736380522212,2,0.47326789677104314,0.6911479719521445
Medium,72.25959305607489,0.8546825208681412,1.0,Vegetarian,5,0.7053354564463882,0.0,2,0.5578650913766764,0.6527629763120791
Medium,74.31127653234942,1.0,0.9428182111043666,Omnivore,4,0.8216880857291098,0.08391709991903817,2,0.4651477510018121,0.6532707939576676
Medium,78.2772032230753,0.3201294208357641,0.4765531828259329,Omnivore,4,0.9726059120230575,0.449535264777281,2,0.4462692373184063,0.6667324564938135
High,93.03020886989424,1.0,1.0,Vegetarian,5,0.8940926588699334,0.8392781188691407,3,0.6822789485678087,0.9067884922106295
Medium,54.65861927071417,0.6899911963543062,0.9598740243748587,Vegetarian,3,0.7507751592385623,0.07436260392355437,2,0.793270279843972,0.6990736653374452
Low,61.643573701167874,0.8697592495676884,0.5285388972182676,Vegetarian,1,0.8336933951911122,0.6225291991269788,1,0.6170551042555146,0.8355434575913799
Medium,53.75342350127961,0.7969115657426298,0.6628805010191265,Vegetarian,2,0.6055055419976128,0.8524503324715693,2,0.7957675873490617,0.7924809803485383
Medium,60.02965267133716,0.346495063176825,0.8986516774083657,Omnivore,3,0.6401851314260311,0.2636574396880821,2,0.7471682731100227,0.6112153226956275
Medium,82.99310033454468,0.8743985370172556,0.7890712389892289,Vegetarian,1,0.8355057958994451,0.688170011731296,2,0.42320580401317703,0.7446010279870456
High,39.82478274103997,0.4624563029848903,0.5740716309438638,Omnivore,4,0.5105771051374561,0.2496250196003152,3,1.0,0.4845894930145658
High,47.08425491751637,0.5285921630280548,0.3685079137603792,Omnivore,5,0.5741657381565277,0.2651893482749592,3,1.0,0.500358815005135
Low,80.65771404756842,0.20790571722297616,1.0,Vegan,4,0.5205526475502584,0.7676551853520743,1,0.30112583540230453,0.8477109321502008
High,75.30054760353134,1.0,1.0,Omnivore,5,0.6186660450128609,0.630130243856096,3,0.8166176984213946,0.6599053914624542
Low,54.55302529774383,0.29100336340028155,0.27400856535482115,Vegetarian,4,0.7369759918469325,0.39986610853783866,1,0.7092587867248474,0.6807519896024677
Low,72.8160300168108,0.6206224651714518,1.0,Omnivore,3,0.777790134241296,0.6492334595509475,1,0.1941940156572533,0.6959532736642374
Low,65.1182376373805,0.39133283646619266,1.0,Omnivore,2,0.6077398702858962,0.8014903448243464,1,0.5912893583921875,0.5990043171553109
High,82.50411913501482,1.0,0.4222515558305971,Vegetarian,5,1.0,0.8686623693445159,3,0.6827190905475922,0.7369981353959338
Medium,61.117643907401586,0.3350491709384824,0.6751925171507724,Omnivore,1,0.7735748130512686,0.0,2,0.6613679943324422,0.5878943709201299
Low,75.38448170808874,0.878545821422689,0.9836700988659743,Omnivore,3,0.9698104625894851,0.36244258153935865,1,0.31002576470333437,0.667066617915365
Medium,99.63017865738931,0.95541615463118,0.9509015451449825,Omnivore,1,0.9521698724061274,1.0,2,0.3214824055310565,0.7959638829576401
Medium,68.97148732571199,0.4356064974809659,1.0,Vegetarian,5,0.7668106943779994,1.0,2,0.9352955232782808,0.8303339575281578
Low,60.73992248692265,0.37817181445293124,0.7291579450690473,Vegan,5,0.5911121441962003,0.30968918700789794,1,0.706544020633399,0.7591136319728695
High,70.8367047783147,1.0,0.5080464933454105,Vegetarian,3,0.5013371397892081,0.14079201474592323,3,0.5450842616369344,0.5950131458665886
High,54.52078712694173,1.0,1.0,Vegan,4,0.5845968975053674,1.0,3,1.0,0.7963881104580601
Medium,95.81951558287099,0.8549317330722382,0.7211375706904015,Vegan,2,0.9466720156025086,1.0,2,0.3719117636667235,1.0
High,62.70106556543972,0.4271263655918656,1.0,Vegetarian,2,0.6121481902122562,0.8828257625637309,3,0.9325781998449437,0.7580438417559787
Medium,55.906000196617306,0.8883077474377054,0.4226863126471585,Omnivore,2,0.7572030043974757,0.4989363266063603,2,0.7417534708537012,0.6713607597891409
High,47.464664924699456,0.587581667436833,0.5663359384074299,Omnivore,2,0.4524947220909839,0.3802964031460143,3,0.8996119054248882,0.49933136529980277
Medium,76.45830287409657,0.6762294117779343,0.8243191228009066,Omnivore,2,0.778595694771605,0.5944180009020729,2,0.4002105377079856,0.704802649672989
Medium,73.00781119241609,0.931435619292711,0.5572710604891443,Vegetarian,5,0.7538314181827961,0.8366352333963907,2,0.5044078267986277,0.8287920173371823
Low,52.539684428788604,0.1883947674004922,0.7126579985125525,Omnivore,3,0.6259341869354251,0.8135076590579531,1,0.6418442333981408,0.5348068046489016
High,68.64677017683634,0.9845101356775532,0.5003966738759317,Omnivore,3,0.7460736686740278,0.6209868059815423,3,1.0,0.6633519363099546
Medium,37.37166047680715,0.5961627979106775,0.7458648413699259,Vegan,1,0.5111133110289784,0.543942537510534,2,0.7274405207142639,0.7412114049443821
Low,62.774558626097345,0.8933416418276082,0.9775860456506806,Omnivore,3,0.37111203798954867,0.940732363111211,1,0.6624240278730359,0.5351862081561001
Low,66.79134528115041,0.17197040184354295,0.39639101043376285,Vegan,5,0.6967581303455445,0.8380980483910658,1,0.6862207303642714,0.7985120632601692
Medium,85.60994714338834,0.5206822370409284,1.0,Vegetarian,5,0.8336768480418669,0.8881683895225418,2,0.46418756022526825,0.9288289875041884
Medium,48.43771795906966,0.8328430928668374,0.4273294748373838,Omnivore,4,0.22111833480397947,0.1871089691517312,2,0.8393258832992725,0.46835698749026616
Medium,40.824710567965134,0.019231703456760174,0.42948597816014944,Omnivore,3,0.11968808692332356,0.14502936562701962,2,0.7933648412423618,0.48327947468496885
High,46.56858058612438,0.31220136676564286,0.8941927430136849,Vegetarian,3,0.3401068764650658,0.0,3,0.8846242866757414,0.5980942732765214
Low,39.9514724952762,0.9905652127567347,0.668508422910795,Omnivore,5,0.2691488131193247,0.4486441350741397,1,0.7843764302950195,0.4811981006285277
Medium,80.04986036638475,0.3803941785903505,0.8996449010029894,Vegetarian,2,0.7526524665743013,0.701034946462762,2,0.3468863813652318,0.7300644348648486
Low,83.22958942536056,1.0,0.5443029316899355,Vegetarian,2,0.8579282795604611,1.0,1,0.2313890857300626,0.8705357251764438
High,64.80324866923243,0.3825315510086739,1.0,Omnivore,2,0.7468509571276576,0.6770250872162471,3,0.8539728093931369,0.6471363382671244
High,78.31942418527723,0.6610944430073357,1.0,Omnivore,3,0.5355765216276691,0.555493853677178,3,0.6258532981386447,0.6274954171339611
Medium,62.00937570870353,0.7528694445035706,0.44542892185297367,Omnivore,4,0.43941767112960217,0.37131804956821796,2,0.8446601140143339,0.5627215207194647
Medium,58.57332528448851,0.6577784072381785,0.6668659934480385,Omnivore,3,0.4118330063643468,0.591748752774772,2,0.8246555988948384,0.5764317116813348
Medium,55.004435714193576,0.5811223999290556,1.0,Omnivore,3,0.5262521298962124,0.5340914145086417,2,0.78218259720243,0.5958965708616886
Medium,55.34413512933652,0.5298991758050076,0.8450757216333034,Vegetarian,1,0.5590560159309095,1.0,2,0.6742056618604093,0.6771644684815719
High,36.782976655364536,1.0,0.2925636624097532,Omnivore,5,0.567645886243607,0.27392358587763693,3,1.0,0.5496471401412668
Medium,63.96382145411009,0.23494856283339272,0.6925961530598372,Vegetarian,4,0.4562262177435892,0.6790038329146711,2,0.8242775899172949,0.7237954232090306
Medium,59.39499134678935,0.4424709269935184,0.5396693551896814,Omnivore,3,0.7490111406287417,0.9853891057451954,2,0.7294826114186633,0.6774799755434824
Medium,71.18041086116814,0.25545229215645726,0.8733676079595671,Omnivore,4,0.4156141770853067,0.5492519628223285,2,0.4400013686753814,0.6106150285619116
High,61.402852446579146,0.7959415957307043,1.0,Vegetarian,5,0.6178722075214355,0.4125143667480711,3,1.0,0.7597829652267629
Medium,57.559444476463625,0.2505444242713202,0.724064357186738,Vegetarian,2,0.685914733260038,0.07949061042071204,2,0.6771911089770833,0.702627713447943
Low,46.93210454988554,0.3338420643433858,0.6680025531177508,Omnivore,2,0.596000358295626,0.28299213672075113,1,0.5265762799662959,0.4839984315108815
Medium,61.08229855232642,0.47125071662352813,1.0,Omnivore,3,0.9490950177712638,0.6223784485450572,2,0.6820660704675601,0.6472965928722079
High,71.07355846224243,0.3267705857031279,0.9315532048184846,Vegetarian,4,1.0,1.0,3,0.6153412469606715,0.8326755955020427
Low,42.84991513374209,0.09193793592083765,0.7804406630661174,Omnivore,4,0.5095790796081835,0.0,1,0.6565066034575839,0.45812795812596957
Low,61.31210630521109,0.6859292207082196,0.5684704234014448,Omnivore,1,0.3494804612076255,0.24167328438793184,1,0.576461988322094,0.447299386916279
Low,63.49564427294226,0.42896998071750725,0.9252009692018376,Omnivore,3,1.0,0.0,1,0.6677139185928574,0.6740513363599956
Medium,49.229028245726035,0.8647902219998954,0.8220556086460266,Vegetarian,3,0.7207109193980131,0.9510429904426596,2,0.9155391441524701,0.6981693129566068
Medium,51.18215542637999,0.6946720036441995,0.652762247473764,Omnivore,3,0.7178847000812588,0.4748572883846651,2,0.7715755370995722,0.6547131942979619
Medium,63.459162731493215,0.008100941647322446,1.0,Vegetarian,4,0.5491654313731134,0.3988222231707301,2,0.7697676872263244,0.5957849630187257
Medium,42.99868472561066,0.6167123307671348,1.0,Omnivore,5,0.40560965553106243,0.0,2,0.9380399680897252,0.5060426011111473
Medium,65.24885572874089,0.09372486605971642,1.0,Vegan,3,0.4874122848366076,0.5431548144217084,2,0.7961404509894031,0.8250728622105229
Medium,46.569684395112,0.7809331797904943,0.7701940103885605,Omnivore,5,0.6001915023237018,0.26688615639352326,2,0.9311521206638108,0.5514385671474592
High,75.94280539549824,1.0,0.8417738288721215,Omnivore,5,0.6667175658674342,0.0948851398840036,3,0.5985150538219544,0.5819214910110668
Medium,95.0674161808245,0.6311987942415115,0.6602344761273218,Vegetarian,1,1.0,0.7058909657778498,2,0.20179857912533944,0.8601447139966759
High,47.08864797447271,0.8827795001941303,0.5411807138869873,Omnivore,3,0.3229248832809906,0.75996522146231,3,0.9843635030369279,0.5356777403757025
Medium,68.01311793562012,0.23731416089475155,1.0,Vegetarian,2,0.8702191966631287,0.4886791002403156,2,0.7779769100918164,0.7820266180734203
Low,49.09887142676971,0.43759774375379357,0.6992433110714,Omnivore,2,0.5475476194915871,0.7621162527083127,1,0.6655731750229393,0.574930824142618
Medium,75.61431260696685,0.9560953322363837,1.0,Vegetarian,2,1.0,1.0,2,0.3102127662983998,0.8496104396832727
Medium,41.021123863721776,0.16742294774625122,0.35301675566413765,Vegetarian,4,0.8325039614582078,0.26132247757457483,2,0.8400139233509798,0.6915070147371201
Medium,67.20880137641569,0.2655356056137621,0.844391102895715,Vegan,2,0.728744556134202,0.533261693522228,2,0.7487363203796832,0.8347635175029914
Low,46.905165496659706,0.4454336752860302,0.8814915115046073,Omnivore,4,0.742086475734904,0.541315433457939,1,0.6679830565915504,0.5519605328222177
Low,56.89523116352447,0.712248891844014,0.8013246121255484,Vegan,1,0.842932696036231,0.780921405358847,1,0.5782623172065559,0.8211657221041367
High,44.5346208727904,0.5758839547956738,1.0,Omnivore,4,0.4410965092584932,0.7978526347663684,3,0.995439610715701,0.5532751625164017
Low,72.3352570634363,1.0,1.0,Vegetarian,3,0.7753797781347802,1.0,1,0.24270140519579625,0.713325485993252
High,47.445294683406196,0.2944570512687192,0.3530611317584007,Omnivore,4,0.5287088187947078,0.17531176193076023,3,0.9482716374472442,0.510960745658455
Low,68.27946388997742,0.3708041975448475,0.4713522235268081,Vegetarian,4,0.5955308530684157,1.0,1,0.7879514461327521,0.7642340577978268
Medium,54.83852957606501,0.7089541234284219,0.4045167614404461,Omnivore,4,0.4629788011284762,0.6113598048019893,2,0.8853602547517033,0.5588386624013303
Medium,58.282914423017054,0.22598676566149245,0.9725916681856128,Vegetarian,4,0.8277675295169146,0.3291296508613464,2,0.7620179538342334,0.737883757771585
Medium,62.21633861100193,0.656413134229673,0.6837577885508476,Vegan,1,0.48011027502615083,0.17521296838739014,2,0.6594053066163408,0.7480976051375413
Medium,48.57262992511727,0.16421695822734594,0.9761778108914924,Vegetarian,5,0.4558539668950586,0.1652396685099771,2,0.9442853268620245,0.6475124086030267
Low,63.1555067031133,0.05598028486168638,0.7212490064025452,Vegetarian,4,0.5662212229647823,0.6356070521101987,1,0.6311298030925898,0.7110483967661336
Low,82.95501846531616,0.22101571674864887,1.0,Omnivore,4,0.9216059229428808,0.5438779383230138,1,0.25341521970830966,0.8013397849032092
Medium,48.328578212509285,0.9299847831341347,1.0,Omnivore,3,0.9433670667842244,0.5114797779096476,2,0.882624995717636,0.638009058555484
Medium,77.57715214910768,0.6517508829395513,0.936101671400459,Vegan,2,0.737884534921957,0.3083618041558219,2,0.34816506532274777,0.8716643532306386
High,82.47146450231676,1.0,0.9518609129615898,Vegetarian,3,0.5364204961456527,0.4611247767520499,3,0.5734074002952405,0.7090809809307305
High,47.75767516457934,0.5326545009050512,0.32702270110853116,Omnivore,2,0.49881474101245793,0.37101035284323924,3,0.9143677514285901,0.5341869685708711
Medium,38.17418092364172,0.5926586478854466,0.6016526475276434,Omnivore,2,0.1871748698519985,0.2664909999343147,2,0.7238562138671366,0.39311746041387696
Medium,64.52941350257647,0.4949521337049916,0.8684242207378199,Omnivore,5,0.6966909875103863,0.15464785982206408,2,0.8760806917505102,0.5788048227084028
Medium,51.788887158496905,0.945737959402294,0.7209252614588946,Omnivore,3,0.36549345124444804,0.24285958683797934,2,0.9242501714265012,0.4594862373648063
Low,88.02904828744504,0.8475746360541103,1.0,Vegetarian,1,0.9129065879642483,0.21038495113091848,1,0.14359892402731483,0.8370843827076548
High,60.52211310749748,0.930542631496579,1.0,Omnivore,3,0.36648946623217926,0.5242452337001167,3,0.9806026853059965,0.5558590117255375
Medium,47.96700887947231,0.04635326943427953,1.0,Omnivore,2,0.4265079400070384,0.8580558178730456,2,0.8114728882667919,0.5955455972890759
Medium,42.792607334824325,0.5496696690036911,0.5892611120472416,Omnivore,3,0.2293478910618271,0.1267716075612503,2,0.6295969970536355,0.35685149417015205
Low,76.34857438636246,0.5669914539018148,1.0,Vegetarian,1,1.0,0.35022103073208916,1,0.25166110199480807,0.7064930294289342
Medium,51.4322403887372,0.9278422666061945,0.6524496630132958,Omnivore,3,0.36948377074017924,0.7233879005678945,2,0.8691139120847663,0.5332529344855986
Medium,60.65743199190642,0.25734198818953224,0.5358807589352912,Omnivore,1,0.7174611000794645,0.15426121148127436,2,0.6990556311792382,0.5092264292373582
High,74.33704117668721,0.5698334532910944,0.7145878494343176,Vegan,3,0.7791822640100623,0.921135133962248,3,0.5795340716357659,0.7554508100825943
Medium,52.73612472103755,0.4113462488815004,0.3346452568907232,Omnivore,3,0.5671439224050219,0.07888433021573787,2,0.7695926655004278,0.5668251947318631
Medium,59.31106756889759,0.24336971340637603,0.6283328468491352,Vegetarian,3,0.6677108121228723,0.38761329604721295,2,0.7240926755069511,0.7071352026012035
High,59.7514738526622,0.3291839178087495,0.7594995865244826,Vegan,5,0.7181112942825565,0.4255892873443835,3,1.0,0.7658839930286798
Low,70.24986767274137,0.9574148466508008,1.0,Omnivore,3,0.9637353835816147,0.7967367750047845,1,0.2901021874956323,0.7190820752141602
Medium,68.86116503265488,0.5582765244039158,0.6577164113828993,Omnivore,1,0.8752792044189427,1.0,2,0.7171584367745433,0.8046216147413128
Low,56.698294031177575,0.8613627189565668,1.0,Omnivore,5,0.8721918088037934,0.3685612563371019,1,0.7709498772768001,0.5782596493554419
Medium,60.95473592244777,0.8311347654036959,0.5336319554357358,Omnivore,3,0.39674336488784245,0.5023907012761192,2,0.8751513681479528,0.5971607546497183
High,54.42331482714767,0.4820423547896711,0.4630854718949878,Omnivore,4,0.2759521140757199,0.0,3,1.0,0.4412716327812909
Low,37.83581389620833,0.547737444324274,0.7081745259132066,Omnivore,5,0.7097930502296315,0.3030512011379073,1,0.6823839434437686,0.5170780223666025
High,63.86401286097194,0.28321770274007046,0.9918314336022657,Vegetarian,3,0.75113783640714,0.8786356858420281,3,0.8435681909393005,0.7031262494760004
Low,88.38287641249602,1.0,0.4862466328647615,Omnivore,3,0.6710257857485603,1.0,1,0.2610935670347243,0.7180897003572
High,46.744212889634056,0.6042627150651532,0.454786929495387,Vegan,5,0.4115329590047834,0.281729228131227,3,0.9938226347568633,0.7442739140559054
Medium,48.404554355959455,0.39367618388902137,0.6977064382811137,Omnivore,2,0.5914500789616512,0.6184140710115986,2,0.7926242486720148,0.5924676541342219
High,46.93908342534388,0.5027553706179533,0.5656997531099008,Vegetarian,4,0.4599804396248558,0.7384105822836811,3,0.9679470747819741,0.6488730311965522
Low,70.86887668084684,0.5606637447107038,1.0,Omnivore,2,0.8311719443928025,0.15907208972769205,1,0.23208620943397737,0.5915011960555515
High,66.7272818129466,0.45175938654544806,0.8447970051060498,Omnivore,2,0.4323512147001798,0.9816378042273404,3,0.8883727294367504,0.7046077426032351
Medium,57.62193461375315,0.37485227279680455,0.44846877867266594,Omnivore,2,0.5701858750423943,0.2380866651223787,2,0.782897591631493,0.5251626160299984
Medium,46.22971407541553,0.7999470485848819,1.0,Vegan,5,0.48582128703465155,0.4646229303013635,2,0.9082004241695856,0.7077775089643783
High,61.385651874598864,1.0,0.599833934856354,Omnivore,4,0.4725169114000438,0.13268056550537294,3,0.9716160237448878,0.4523978072048937
Low,36.53066808996294,0.30418247762851613,0.9137844494142382,Omnivore,2,0.3086434081985388,0.1944734332194619,1,0.5457537338914227,0.5418183641459555
High,62.1513985028624,0.6690144305527879,1.0,Vegetarian,5,0.5288520134507514,0.01148461187289529,3,0.9291637325835428,0.5465010074328149
Low,73.07286579131902,0.9738197762800522,1.0,Vegetarian,1,0.508851463407505,0.6888968934796293,1,0.12193873123791667,0.7643236238644417
Medium,41.232012950494834,0.052673331829697134,0.7046675312765756,Omnivore,1,0.28883236863433764,0.8040465504141178,2,0.6722630393062778,0.5505963349950289
Medium,37.012225847555044,0.8891449619957854,0.8008966447022073,Vegan,2,0.40831637985114494,0.3182888790944582,2,0.7986211978650575,0.6634870481968718
Low,83.69156837542289,0.31918434565233167,0.7533341353566482,Vegan,5,0.6420057413410921,0.26482428788825685,1,0.3033656548142199,0.833646620064349
Low,50.82360540743123,0.6785392442143758,0.9322973204492226,Omnivore,1,0.37325904239430824,0.32200843150249714,1,0.5592852995384633,0.5317879910265897
Low,77.03921768915733,0.6825516963846002,0.8485795743121063,Vegetarian,2,0.4298090978486539,0.7060788814484116,1,0.13859388933572114,0.8240218538727544
Medium,57.690035022032525,0.5529407481892521,0.7261025398345848,Vegan,2,0.8649597399815225,0.43705149551074923,2,0.7890830145303626,0.9200785702284702
Medium,57.57067774588009,0.8593602247528214,1.0,Vegan,1,0.7609110394158971,0.6833807397276279,2,0.7256818215906483,0.8725743041146912
Medium,66.57619049244968,0.10157214364466127,0.3830497959609371,Omnivore,2,0.9067158178022041,1.0,2,0.7365285838502873,0.7271496334172561
Low,46.74001714880339,0.34702802532563604,1.0,Vegetarian,2,0.5396134097855105,0.3718450932072375,1,0.6081710410541731,0.671920072831214
Low,61.987457152434686,0.5382527463447656,1.0,Omnivore,4,0.6787626184147768,0.477487586566497,1,0.7179951873617029,0.619234213207267
Medium,54.27765877763861,0.8112888539460398,0.7777545474499821,Omnivore,2,0.5005445193012767,0.235962342300546,2,0.7337452420334469,0.5500559240843778
Low,40.19259834892453,0.2164430834116715,0.6911658459502509,Omnivore,2,0.6619781767624926,0.6439756348686598,1,0.5855355945482024,0.5446654546121544
High,65.06223112089599,1.0,0.6871185236399702,Omnivore,5,0.6553417917305706,1.0,3,1.0,0.6578017687975172
High,56.05038289683126,0.5996384824939358,1.0,Vegetarian,2,0.1684429084561121,0.41013532450560536,3,0.8763313420250863,0.625773330027387
Medium,57.64462757332938,0.1889138564336954,0.3993924706204881,Omnivore,5,0.18986361141804392,0.5567615763533642,2,0.8848007288364187,0.5116926313623082
Medium,41.84758584878763,0.7589864404434826,0.7994531648725451,Omnivore,3,0.4911643989763611,0.39752045400528435,2,0.7533286221515645,0.5462031069235245
High,83.87100551644207,0.39089890147454787,1.0,Omnivore,5,0.6467916391887572,0.4684527475054149,3,0.6665409885669196,0.6181763596580679
Low,73.15071279579175,0.6147673740754429,1.0,Omnivore,3,0.7509835269161206,0.8293763557354483,1,0.2768303077261426,0.677098535915235
Low,74.46233826257968,0.16387578386188842,1.0,Vegan,3,0.8964005255970808,0.6083660485250514,1,0.29093338195110785,0.8272472663719774
Low,55.41832946337477,0.35641785515778757,0.9209388501284207,Vegetarian,5,0.38827382365532703,0.5299341209415289,1,0.8317967100923049,0.681065778611982
Medium,34.0622566574487,0.6010767990063927,0.28712360009936616,Omnivore,4,0.28070518612324175,0.5736028386990777,2,0.8474221455085075,0.39385490939928886
Low,89.29376073734267,0.6561155414872131,0.8202023205181808,Vegan,5,0.8402898105063062,0.6461002461816262,1,0.3911454672856074,0.9352710445949401
Medium,59.08353737991198,0.4046554179046665,0.43425932944754514,Omnivore,1,0.41751440928137057,0.5204979577452618,2,0.7077527595122319,0.4853243427886563
High,48.7680030596992,0.6290479939721156,1.0,Omnivore,5,0.20185117649514778,0.18877408152266936,3,1.0,0.40936380275687606
High,66.2520236172467,0.42676955335076655,1.0,Vegan,5,0.4440394588317945,0.22459246152918527,3,0.9539045569659329,0.694638605507341
Medium,77.50681182004946,0.5558825884241029,1.0,Omnivore,5,0.47634064368072515,0.6822895572769124,2,0.44880762692127985,0.6614827450992775
Low,59.65424165871801,0.9532548557208342,0.9505277260671341,Vegetarian,4,0.5609990920686976,0.5594316459115726,1,0.7186443772793976,0.6269023826834728
High,79.17862751909061,1.0,0.9029366745321628,Omnivore,2,0.7535360443394744,0.9367578522704871,3,0.5634709856370418,0.693470338302606
Medium,76.24499907775302,0.2452328690763438,0.5311960548522623,Omnivore,2,0.657077184812686,0.4063853413004954,2,0.39361448765825985,0.6036641709662204
Low,43.85428218896912,0.02978078732092093,0.5489662976498974,Omnivore,4,0.15452708445418334,0.050495741119572446,1,0.647863288188426,0.4108797386856479
Low,49.89314841510785,0.9335243127166306,0.38638153455242985,Vegan,4,0.7199988067566745,0.949048765711862,1,0.7953686599186108,0.8760935025237782
High,74.36305744919652,0.8267497498807476,1.0,Omnivore,5,0.6191094741050592,0.659048327909767,3,0.7551163519056513,0.6320681962029607
Medium,19.31081154284343,0.5378378231493077,0.2567828337362222,Vegetarian,1,0.7064303335461208,0.0,2,0.6751459800575155,0.5727470185304594
High,57.75816460252517,0.9807179957065224,0.9909043731843115,Vegan,4,0.750616442897345,0.46469135826441016,3,0.9778983317313724,0.7665025885917145
High,38.53753197562992,0.5146889738713265,0.8849430494740543,Omnivore,5,0.0,0.12408687206325697,3,1.0,0.34185669997045887
Medium,52.85169297849713,0.48190756883600216,0.7235629438837745,Omnivore,1,0.7754039244913298,0.5479000595752463,2,0.6312721412999417,0.5454809188874069
Medium,55.51769866456194,0.9686629131467376,0.412817147440862,Vegetarian,2,0.41468708723348335,0.33743978932645197,2,0.8877351416863788,0.6099514740417137
Medium,54.62633433138738,0.6721486869324071,0.5879324977909737,Omnivore,4,0.36087772439970967,0.8262943523163722,2,0.9255180252074807,0.6383074407060069
Medium,51.71608121831087,0.15374503199578593,0.5786735151671059,Omnivore,3,0.46274891785857203,0.04097117902211944,2,0.8358253101101979,0.5090689502257012
Medium,43.54284525556779,0.1332267479843533,0.9180993594211324,Vegan,1,0.6621880785275286,0.7463509364081845,2,0.5768280930377617,0.7970216482720742
Medium,94.37866900228029,0.30426475833300537,0.5856363644251258,Vegetarian,2,1.0,1.0,2,0.31225089946162177,0.8109374073630805
Medium,88.01193006242026,0.8667116744207175,1.0,Vegetarian,3,0.9166139672202076,0.8302807694913967,2,0.4393358842403909,0.8981086980838571
High,42.56901269615575,0.49537700384061606,0.9738523536666928,Omnivore,3,0.26131320154731985,0.6650801161162756,3,0.9696250494698684,0.5839893072340763
Medium,83.73175126955351,0.12138884667507979,0.6049656745220415,Omnivore,3,1.0,1.0,2,0.344088121734741,0.7256288157178408
Medium,54.008017642907205,0.9441743635056619,0.9892044699934255,Omnivore,5,0.34326811421446046,0.45046947922089736,2,0.8145683025725001,0.47290135251006615
Medium,61.93781209997566,0.16971341639491067,0.9782022419677001,Vegan,5,0.827955744045769,1.0,2,0.8900924675552249,0.9613899962763284
Medium,59.050890601546264,0.009558186148068581,1.0,Vegetarian,5,0.6571378002180256,0.6774427410517936,2,0.9392999314905303,0.7366378418443243
Medium,50.103770381190515,0.23713160238332298,0.43944740735464705,Omnivore,2,0.3818973324043159,0.25321862771374426,2,0.8242112283209053,0.5878518562023104
Low,74.7577851540922,0.33502878711813366,0.5313792479269297,Vegetarian,5,1.0,0.21897773197269532,1,0.32022185462090336,0.8303373489960305
Medium,61.888297958649865,0.42200525084572305,0.5459254757160035,Vegetarian,1,0.8012940281352028,0.8379378589306191,2,0.6961271239520826,0.671702018547506
Low,52.85172865171138,0.9203898315000368,0.6301303464075325,Omnivore,1,0.6402442192306155,0.44026064849901336,1,0.5417316522332466,0.6573206679925127
Medium,40.431158342992916,0.8791849177790979,0.9958207727507657,Omnivore,5,0.4249790945233285,0.0,2,0.9418920426785661,0.4723817576144937
Medium,46.596074794213195,0.4568945549824279,0.970904311449916,Omnivore,3,0.23721137086274674,0.48834295510111386,2,0.7742466953593778,0.490616079087122
Medium,35.37929826596854,0.4108999049918065,1.0,Omnivore,3,0.3613566043632534,0.2174112541509019,2,0.765174361507519,0.4664056514776788
High,60.183353226227545,0.7550090864748513,0.35954632522975316,Omnivore,3,0.9226786897105583,0.3004348547600796,3,0.9006763828143263,0.6310375560605656
Medium,42.05001611573407,0.24345401197176575,0.22180636159285594,Omnivore,3,0.14498911972302653,0.653153477625541,2,0.8513931405447437,0.4024073452904745
Medium,56.01659231222188,0.05218499196636284,0.9792217912619086,Omnivore,4,0.6736224429138158,0.2304896839723674,2,0.793047897025666,0.6390637297201904
Medium,80.55152780415557,1.0,0.6820451348149434,Omnivore,3,1.0,0.5352493833406291,2,0.42608051938365366,0.6869490585471021
Medium,77.98949359382378,0.2866989848771727,0.7240263635029365,Vegetarian,1,1.0,0.5851848195813885,2,0.2898887627445552,0.7989171226639123
Low,59.51584658846073,0.1984007292457164,0.8443812588568158,Omnivore,3,0.41514093138070074,0.8010117013764595,1,0.5909002031625115,0.6110398995395545
Low,58.693729107852754,0.4724603288539476,0.3958817686660623,Omnivore,2,0.47795651541645456,0.1367689303688544,1,0.4923855679938799,0.6141388147223878
Medium,88.19811824131511,0.5916133448403307,1.0,Vegan,3,0.9021657351605886,0.5451686280222197,2,0.474436826070557,0.9071628711335163
Medium,67.81134180538066,0.018434209700741944,0.6642041552580535,Omnivore,2,0.7688827968442332,0.6926499043281998,2,0.7035670904471908,0.6686534896666693
Low,55.08290310185215,0.1479547387739707,0.9081296398102524,Omnivore,4,0.8071742883225865,0.6078342431899072,1,0.7041636946554737,0.7024487583624431
Low,38.60972824319322,0.37815481856074173,1.0,Vegan,5,0.3458697991033612,0.0,1,0.7474960639568607,0.6747047645232975
Low,65.90809827247115,0.6837306935105391,0.5006518246997854,Vegetarian,4,0.8482085803053275,0.43104370450491075,1,0.7658102269059547,0.7680163753363538
High,72.43985658874294,0.5284184568319359,1.0,Vegetarian,2,0.21160141196484272,0.5684693487420902,3,0.537942187854295,0.4993390424248809
Medium,50.52522713229534,0.42301444624176265,0.7833142767239205,Omnivore,4,0.45205439050783214,0.5074356183986999,2,0.7314050822879706,0.5273191367389893
Medium,64.36804132707049,0.5573450647164668,1.0,Omnivore,4,0.8326182579342143,0.4734791681751023,2,0.8781497984612978,0.6510346334242393
Low,54.546400576274564,0.888592494623292,0.48046208508315097,Vegetarian,1,0.7121634729796639,0.9161828735395416,1,0.5442042973778781,0.751056051045825
Medium,57.23951401201496,0.3260705023271233,0.8907602346643124,Vegetarian,1,0.38074345171556223,0.44743238593178475,2,0.6377285238554187,0.6811765529939081
Low,22.682669136565032,0.13355826586348352,0.5173004630064298,Omnivore,5,0.4321272575962792,0.641774675307468,1,0.6288626320199555,0.4348074960066102
Low,56.673278944257966,0.4892722258976082,1.0,Omnivore,5,0.2826925051545127,0.3327954487818667,1,0.8393476948205509,0.45200594001593264
Medium,74.54053953612082,0.8467216016840621,0.9786116408939005,Vegan,3,0.984694412715778,0.1409317743643716,2,0.4278556776705694,0.9087249934897695
Low,50.52896166650163,0.10985975705273343,0.7471602652908266,Omnivore,2,0.46442292387406237,1.0,1,0.5401753768136744,0.6484151169614922
Low,60.78789552322974,0.4246834916969604,1.0,Omnivore,1,0.517612416250824,0.48051248062757856,1,0.5041912319532382,0.5214432434299798
Low,48.66073939962119,0.017785141262483428,0.6204207611697862,Omnivore,4,0.4269945541283104,0.5163938654105282,1,0.7691397663453022,0.5478170650434733
Low,65.4066251443916,0.033559181647251135,0.5470133306201395,Vegetarian,4,0.7298742526726515,0.11000887863627762,1,0.7040206914483808,0.6755891179296
Low,56.7521520369574,0.4829533632166656,0.8918619470368787,Vegetarian,5,0.9835961794916056,0.5515156744248646,1,0.6281766027276922,0.7331625320283485
Medium,45.9113768897699,0.29819729815092944,0.8535853216216632,Vegetarian,2,0.7027340201280986,0.6290654159782143,2,0.7980246665562511,0.6352989456106805
High,79.98827201497691,1.0,0.83903598164676,Omnivore,2,0.5704480744113801,0.322882548989297,3,0.5040604148513006,0.5615141227391496
Medium,73.93398020298322,0.7021543061264542,0.8562799447042984,Omnivore,5,0.531078434164161,0.573336659411685,2,0.5530893577040625,0.5703375454020387
Medium,50.926398541077376,0.45393296174299036,1.0,Omnivore,2,0.12810337267323202,0.4062243118445928,2,0.7232253023857611,0.5456807933034011
Low,67.46682464126665,0.40793537105429634,1.0,Vegetarian,1,0.736441781286344,0.17790400679535445,1,0.4540357227647019,0.7247785447029808
High,68.06118004230571,0.6972454801895633,0.4509076516941055,Vegetarian,5,0.6467040520296276,1.0,3,1.0,0.7796706882281303
Medium,69.63451852516764,0.04043883121266134,0.5603026634964492,Vegan,4,0.8218203437506063,0.0,2,0.8161024686974293,0.7476342324495986
Low,34.58616156007383,0.8927933564206599,1.0,Omnivore,5,0.24566281635262688,0.0,1,0.8021487542006932,0.4845424196030431
Medium,75.09909811548943,1.0,1.0,Vegetarian,2,0.671692850265883,0.6577203443060546,2,0.38248603080851074,0.8224572819931644
Low,51.45451555611403,0.18148712485869867,1.0,Omnivore,4,0.2241260419612205,0.13031956227361757,1,0.6708143314402968,0.47302997876587294
Medium,54.632580998380995,0.12038296477461974,0.577024368980627,Omnivore,2,0.7669957844492599,0.6584031877045085,2,0.7186527782205886,0.6351435134100308
Medium,99.568226283903,0.24357746344859524,1.0,Vegetarian,5,0.8752913983666252,0.7260439535931891,2,0.5199862495912652,0.8535701266023982
High,64.52810071081518,0.8610270582343671,1.0,Omnivore,4,0.47815855550931724,0.6572791938299233,3,1.0,0.6274359744180793
Medium,54.20516286829237,0.6614408384507747,0.5657157997808369,Vegan,2,0.7353659292513076,0.04159664914689021,2,0.7662375391612234,0.6865926498882282
Medium,26.920584408661412,0.8479241622784109,0.6854192474940124,Omnivore,2,0.0,0.10508187586924386,2,0.7186124341357656,0.3111126604097097
High,80.84646200919533,1.0,1.0,Vegan,5,0.9184035364830826,0.540963948311873,3,0.7320108013437697,0.8594653309267624
Low,39.82185493787097,0.44968967336933974,0.6802410855168198,Omnivore,3,0.24459060729550655,1.0,1,0.679116879427207,0.5050667152900681
Low,44.94841644750745,0.6128553615653188,1.0,Omnivore,4,0.4262997049049306,0.23868561129798727,1,0.7558685014298426,0.5142919724374523
Medium,55.02971551368226,0.6882846703680079,1.0,Omnivore,1,0.16333900639732934,0.0,2,0.6708685988736866,0.4936129560256282
Medium,81.24617687550439,0.6127364702852252,1.0,Omnivore,5,0.9279656026863756,1.0,2,0.5516015339424322,0.7946151626820854
Medium,71.59859979998639,0.5756509844516366,1.0,Omnivore,1,1.0,0.5234015115888775,2,0.32338350843476904,0.6169591322036263
High,57.6324373523961,0.8450974456426532,0.7762456639591251,Omnivore,4,0.32372262931661394,0.5611092502486509,3,1.0,0.6306784578109498
Medium,64.62438095458232,0.5574745489756537,0.7045602029219188,Omnivore,3,0.8772440184055226,0.4349354767671182,2,0.7674855401076717,0.7587303627051266
Medium,50.99421460693341,0.6439423053359103,1.0,Vegan,2,0.5004808168702094,0.04207842293085684,2,0.6706143281390855,0.7884139219849365
Medium,62.09480534348026,0.6128547739633639,0.8006754852736682,Vegetarian,1,0.7278688651313447,0.9095433969258826,2,0.6431440526766888,0.7262356011571782
High,61.10005117167205,0.9191965605136547,0.5518716544863421,Vegetarian,2,0.37499340879235055,0.21578175915106196,3,0.9860810585250104,0.5941518781630297
High,74.5315484352203,0.942803508782876,0.8800012744983178,Omnivore,4,0.5389123092050929,0.17639259087839365,3,0.729859062859738,0.49572669397238156
High,74.50767183658424,0.8197424864372672,0.5143881811021633,Omnivore,2,0.7625686127295035,0.7619938091523706,3,0.5709892205353071,0.6920498898584077
Low,67.40966073308468,0.6817968112843865,1.0,Omnivore,4,0.6308126395377752,0.6084609149060395,1,0.6569077329611548,0.635435572525698
Medium,54.56478663680846,0.44948196518542805,0.6087452148079486,Vegetarian,3,0.5754618145858654,0.7755196650119409,2,0.7927583174369407,0.6835746171980265
Low,71.12733441585189,0.341671225972601,0.6162954705267139,Omnivore,2,0.41854916826986965,0.6768669599602989,1,0.19876644390500697,0.547975725694703
Low,58.6204730069543,0.0014182201339154599,1.0,Omnivore,2,0.7082894813132823,0.4659548727920155,1,0.55236448581327,0.6166138322801192
Low,43.771284469303005,0.5599641471458432,0.9957374181048226,Omnivore,2,0.5153842682108761,0.6370559203437745,1,0.6139366697844268,0.5458671963805014
Medium,53.95068312133592,0.590655226608641,1.0,Omnivore,1,0.7606873425792584,0.0,2,0.6558543138825803,0.579512640724468
Medium,61.26790475676487,0.9720489647757143,0.9300614930630078,Vegetarian,3,0.6759816630838963,0.4560574459564293,2,0.7726605619395682,0.7814229310010528
Low,73.65323675497118,0.4614783340942755,1.0,Omnivore,2,1.0,0.329817015562023,1,0.14705800650803696,0.7137500544159129
Medium,57.24707741764271,0.39413324282831175,1.0,Omnivore,3,0.9739854508799181,0.5529763850902213,2,0.7271845193299914,0.6767150133304995
Medium,41.862019331405904,0.20179958134219023,0.808083800790646,Vegetarian,1,0.42206317940465254,0.5935605247757825,2,0.67588757660538,0.6373931138831842
Medium,60.85112524945229,0.07053429523732191,1.0,Omnivore,4,0.604054385380834,0.5907574458464144,2,0.8186240711721391,0.5496915692121177
Low,61.701840600848286,0.7728044928617406,0.5001041526886645,Omnivore,4,0.4510037889185447,0.7268149984627404,1,0.658467456607976,0.5836951413544614
Medium,62.7875644335413,0.24968106433932502,1.0,Omnivore,4,0.35668847483986627,0.8949184539294874,2,0.8207617055102004,0.6019685599418675
Medium,73.79807273931645,0.7089048610300379,0.7704285256954473,Vegetarian,1,0.6924104176484185,0.7660116807581228,2,0.4131636911458459,0.8087964535536174
Low,75.28384860134848,0.7877730355454815,0.904818226408229,Vegan,2,0.6240524159348093,0.849754518232098,1,0.2358914894910769,0.8938813208734947
Low,51.086836914275,0.4712366872916477,0.37817350411568396,Omnivore,1,0.3537840274663804,0.9881025721507796,1,0.5255824572040889,0.5588142641821929
Medium,50.75784812926585,0.8763521130271916,0.7938966795681202,Vegetarian,3,0.5778559451202838,1.0,2,0.8810170941640487,0.7857948653691706
High,44.397019335667906,0.6437948409797287,0.8331918485365329,Omnivore,5,0.12878377315135275,0.32291160313293005,3,1.0,0.34938004606850465
Medium,70.48223505420714,0.3849086230417651,1.0,Omnivore,3,0.4683218926051873,0.3053399254191741,2,0.398873472267413,0.5935887874920827
Medium,81.73230162506573,0.9960155229616223,1.0,Omnivore,1,0.42297418557949384,0.0,2,0.3199385996357642,0.5003036413114016
Medium,55.27377108136615,0.8615642842499565,1.0,Vegetarian,5,0.28222994891029707,1.0,2,0.9420272163137383,0.7435858536746369
Medium,56.3785415291251,0.164039947076413,0.6302807677476829,Omnivore,5,0.4430073786902378,0.29933237356433295,2,0.9355663072702115,0.5808328698319924
Low,82.00173835348464,0.12596101835392096,1.0,Vegetarian,1,0.9816328522536606,0.8221442995268169,1,0.10887958212608526,0.7690183084450801
Medium,67.58336779822511,0.08998555634962069,0.7933949905862364,Vegetarian,2,1.0,0.7612086494172938,2,0.7106735223485656,0.7610817949322792
High,66.54353557201583,0.48654739855381707,1.0,Vegan,4,0.3199478092103493,0.7961640740219582,3,1.0,0.6900642653541897
Medium,42.1362524103941,0.9722598017417107,0.42700123107094246,Omnivore,1,0.596783353467417,0.2758752725061423,2,0.7528800530193815,0.5691218180303029
High,70.18092103919129,0.8585161531608251,0.8567377848525588,Omnivore,2,0.5091496589171477,0.8232222361400622,3,0.6218642184747708,0.6471361593270085
Medium,46.06295489235363,0.3732617320292688,1.0,Omnivore,5,0.4932989073928883,0.5464956179826231,2,0.8174642244517939,0.5908172278734267
Low,42.98969721097563,0.8887160946127464,1.0,Omnivore,4,0.5452551361451874,0.15484294552274833,1,0.7617604513909558,0.37723408548502935
High,54.79842634849932,0.6531363314784997,0.9577270095639233,Vegetarian,5,0.8290881129253149,0.944578533037085,3,1.0,0.7288651597017101
Low,51.21310914826965,0.3152386284010211,1.0,Omnivore,2,0.9913159701371863,0.6298308522618324,1,0.7045010764313709,0.7004054145787129
Medium,56.67600458422441,0.9412195287456574,0.4598067195235234,Vegan,2,0.7752857147232578,0.08716457057645394,2,0.7735604691387516,0.8409311664389806
Low,38.38527548212622,0.849517666192678,0.9135849268947885,Vegan,2,0.2888550177627157,0.20840048480457152,1,0.6216910983036636,0.637969549627944
Low,74.38224459701509,0.9436683754194409,0.9899620313204478,Vegetarian,5,0.4361117215542941,0.5016415258333018,1,0.4914923514863638,0.700523319763953
Medium,76.91529441774644,0.6122847430502131,0.4761282078399783,Omnivore,1,0.8156321058097696,0.469935885028846,2,0.29400814464345604,0.7030773340857392
Low,30.789862887887786,0.789438398815455,0.2671083210291152,Omnivore,2,0.43707448492465817,0.4399644704851522,1,0.6031401344589018,0.570269530865106
Medium,74.67686708499825,0.27935335926455185,0.48182795317625315,Omnivore,5,0.5158037698697181,1.0,2,0.45312927305502126,0.5747385423732876
Medium,47.84207055267561,0.5732229575562436,0.9635672875932138,Omnivore,3,0.633569122558402,0.07040378178565243,2,0.7631889040269022,0.5188194864945165
Low,72.8546330547418,1.0,0.5059883735212815,Omnivore,1,0.6429681664113457,0.4999833787200322,1,0.14663937457345555,0.5481879344189857
Low,58.97330261000376,0.29095843051796166,0.7625987841644892,Omnivore,3,0.3636377645273714,0.8353165910959064,1,0.6196980718727243,0.5971964415991474
Medium,60.43163346121498,0.7943523292476752,0.6591399731838327,Vegetarian,4,0.6316822455531299,0.2515889713317836,2,0.7980344006648405,0.5999810322484702
Medium,57.22353525868172,0.49047840720806724,0.8366218170636264,Omnivore,4,0.39171519263089194,0.26275393597492513,2,0.8189424316765375,0.5190442201502563
Medium,78.18193806350229,0.13980568322208733,1.0,Omnivore,1,0.5505799956821492,0.0,2,0.3427520285537128,0.5723103384057397
Medium,41.40617981212458,0.7630193978156674,0.8917534362819549,Omnivore,2,0.47147295764186775,0.5756763764571082,2,0.8208075369977832,0.49419377769886574
High,69.11760508102513,0.3685691443921128,0.8611079413195023,Vegan,2,0.7742396399702163,0.6366548239203003,3,0.8588967187839497,0.9068343194467324
Medium,76.51995247334325,0.7314735671327501,0.8469346359771017,Vegetarian,2,0.6921328091533053,0.5374300326138413,2,0.38631119527184055,0.7569400278007624
Medium,70.74510120810616,0.1856641940469729,0.7515411011627895,Omnivore,4,0.7623917527388909,0.10787223361510823,2,0.41403459015336785,0.6071010351073126
Medium,94.87048371485126,1.0,1.0,Vegetarian,1,1.0,0.687758443773347,2,0.31250945658211216,0.8238725383715358
Low,52.06579855912952,0.2917238871803609,0.5911807976682926,Vegetarian,1,0.6870903624624342,0.0,1,0.41416339393983626,0.631685321111862
Medium,74.35957233890296,0.3264646916773949,0.6311636828620097,Vegan,2,0.5783699766308568,0.5670572560610296,2,0.2881868622776571,0.7756754342498409
Medium,58.4086404698787,0.1291364040663343,1.0,Omnivore,4,0.5896750405182538,1.0,2,0.7978931242656508,0.6190849722662974
Medium,78.50109114529005,1.0,0.7522689174231767,Vegetarian,4,0.6452128720909613,0.7130367795919632,2,0.6251373813328926,0.7579383162802342
Medium,59.88466506417946,0.7119037424413052,1.0,Omnivore,2,0.31876280690991926,0.8687695037819824,2,0.8026343888194739,0.7000459468912223
High,54.181863272062955,0.9416608887180886,0.5987980349974595,Vegan,3,0.6703546425901051,0.8431294414933768,3,0.9893884650378051,0.822926327648383
High,79.59108305807443,0.7994045613802446,1.0,Omnivore,3,0.9964479075003998,0.5048013206012503,3,0.6054420166629055,0.673420108281726
High,52.62657091471605,0.6747277852704834,0.30824186085891636,Vegan,5,0.43144443455583,0.6240955678617587,3,1.0,0.6896392009451362
Medium,38.80911361649166,0.11002124299147664,0.5796084481927783,Vegan,4,0.43505555168891624,0.0,2,0.7763205479457086,0.6965961076812626
Medium,52.24729675239257,0.5598410955839918,0.6044666587295143,Omnivore,1,0.8319089400161108,0.5197622308732905,2,0.7032677573636901,0.5705624065249667
Medium,69.28549419882799,0.24691649510879043,1.0,Vegan,4,0.8978530276863845,0.9000752582251126,2,0.8072500018396477,0.9271769257273792
Medium,80.88058127380637,1.0,1.0,Omnivore,3,0.6915442139671317,0.8307348414239123,2,0.3744123696586289,0.7522996253397369
Medium,61.66694062944768,0.7965809400151473,0.7692159798401998,Omnivore,3,0.6007410110647056,0.40627876284430214,2,0.8018027570985503,0.6220627478410322
Medium,79.77295600851038,0.5129920601928876,1.0,Omnivore,2,0.6561085795954271,1.0,2,0.3466158923320609,0.6439746254717912
Medium,39.6273761778361,0.15134125869153303,0.8978315818465455,Vegan,2,0.4421125439035787,0.671425272801749,2,0.7376464901622592,0.7467090947273272
Medium,53.35104802773146,0.785331691138784,1.0,Omnivore,2,0.541603912070175,0.429822202368784,2,0.7803905302563716,0.6225800440015548
Low,55.67137324268848,0.12205376708131599,1.0,Omnivore,1,0.3261367459749661,0.9111629584364038,1,0.5607220600359513,0.5845718067358734
Medium,58.2816085879122,0.1893337534970705,0.36888610890329154,Vegetarian,3,0.4916269518451192,0.641098455858652,2,0.7590652876510977,0.6687452293285943
Low,61.26141582375295,0.21152051774422742,1.0,Vegan,3,0.19962564581474201,0.027567715586624686,1,0.6862295849376493,0.7099186433888726
High,70.3636643608829,0.8568906382730944,0.8873180372267881,Vegetarian,5,0.4958613883734771,0.6824284475750064,3,0.6959890604350242,0.7333455789682599
Medium,53.32789742744264,0.7870566539903663,0.28307554506954036,Omnivore,3,0.6158266770582519,0.2293457737201104,2,0.8523547697218651,0.5595107882030987
Low,62.085430304296885,0.3143148787246922,0.5617401102469282,Omnivore,4,0.6495086259933295,0.6664663440544394,1,0.696032469146389,0.6546696222470558
Low,59.32315664513923,0.08466981427528941,1.0,Omnivore,1,0.7825997934968969,0.0,1,0.48485773882055716,0.5896922123563854
Medium,46.11165144163275,0.4645384635244192,1.0,Omnivore,2,0.47166194006503154,0.8625051553848534,2,0.7793631759220444,0.549796886581558
Medium,58.29499966377847,0.7481102411599355,1.0,Omnivore,2,0.5437159107127552,0.8208259839285145,2,0.7457732686249712,0.617231536762758
Medium,57.84510705154323,0.2216638430873883,1.0,Omnivore,4,0.9500318247412501,0.9590617023162339,2,0.7748308427099865,0.6886711631389671
Low,57.523791524954305,0.21992454803937422,1.0,Vegetarian,5,0.5073840142744014,0.4762987815707454,1,0.7358183805237201,0.7217635567548437
Medium,60.47639184872176,0.9472270273467108,0.31258614652885397,Omnivore,4,0.5277313999018303,0.8508217959693752,2,0.891674484010533,0.5979809199882105
Medium,61.13510310920079,0.9541537271191779,0.5935098558475158,Omnivore,1,0.6212727068060524,0.5729294509242359,2,0.7068154993979032,0.5903742771830295
Medium,53.515572313390045,0.9904657320615764,0.2982020438047131,Omnivore,3,0.3795952279685155,0.15085752731293323,2,0.8542018404875326,0.5391249267729089
Medium,79.09072100956897,0.9076596015747801,0.48956157378540427,Omnivore,4,0.8423178217829377,0.415689529821795,2,0.5256136870879287,0.6565557997255569
Medium,42.45779056195475,0.18818416916794556,0.43112976976054984,Omnivore,1,0.2797038950200921,0.25025575595459265,2,0.6593817881335018,0.47066402083973746
Low,49.185448372951555,0.21198152079926136,0.7494857881902802,Omnivore,2,0.4055910150263809,0.7849055785328476,1,0.6512957448401308,0.5409141515258388
High,100.0,0.640225241522392,1.0,Vegan,5,0.8509408438759326,1.0,3,0.7219166492614566,0.9310901586942956
Medium,44.43012967516155,0.31813253133349084,1.0,Omnivore,5,0.08874352188753826,0.17620519674033044,2,0.8609848969768268,0.4093361467069395
Medium,39.693679879353624,0.9565277490780091,0.8146702579540646,Omnivore,4,0.0,0.546066446720517,2,0.8387118847887247,0.4033056067583598
Low,71.01715117501827,0.8890739828816936,1.0,Vegetarian,3,0.4254148529766792,0.5966815974585162,1,0.2830913568509958,0.8240280450151296
Medium,28.84320219339189,0.7240087921615539,0.6442783375571676,Omnivore,4,0.5166498581634522,0.0,2,0.895309893276354,0.4471880695633133
Low,56.47089135041342,0.18596322405813182,1.0,Vegetarian,5,0.5797370992555259,0.11610381571981909,1,0.6344447070764745,0.6166910265069867
Medium,92.18737387614732,1.0,0.9150021257127487,Vegan,5,0.8258444174850301,0.6989032002596766,2,0.46500509209008856,0.9627796326306144
High,36.82596116769899,1.0,0.4613548132603772,Vegetarian,3,0.16034081811866532,0.586876911073203,3,0.9380238934929372,0.605128484369024
Medium,30.2705327139193,0.1636418413279237,1.0,Omnivore,3,0.5549179001780911,0.10016918106782371,2,0.8237823028028783,0.4362181470794627
Low,37.512281970634525,0.8711703319609725,0.5754964855320419,Vegetarian,3,0.24678666215145637,0.5496490202543329,1,0.758200481802303,0.5908294462816869
Low,73.47539352520478,0.37224753637047125,0.8707810764704855,Omnivore,5,0.5657329857665263,0.7053374480583416,1,0.2845519199200762,0.6174140290009461
Medium,76.87165079978719,0.18086974583210605,0.7132188865296132,Omnivore,5,0.3903460091434297,0.14922349489754644,2,0.3984025809526712,0.560993656927328
Low,52.31116804532237,0.65682230651421,0.9243934405173416,Omnivore,4,0.0769036279102196,1.0,1,0.7272872683382005,0.5067319216636913
Low,70.24818606001604,0.7538046593843306,1.0,Omnivore,4,0.7947585275838753,0.9438821000389772,1,0.33232403775740166,0.5906951556858246
Medium,80.85382991267984,0.1949320095656181,0.42978269842816885,Omnivore,2,1.0,0.25123232548309427,2,0.25996075728366225,0.714311555802904
Medium,86.81019621644738,0.41885180893658236,1.0,Omnivore,5,0.9273838938780032,0.8431987089054116,2,0.44160263580155057,0.7659596342030022
Low,56.30497078230228,0.9928144622555386,0.2854509109007768,Omnivore,4,0.6196834167427256,0.9119879948578147,1,0.716415603013013,0.5660601311352585
High,25.477924234950194,0.8784266670087368,0.491617502320962,Vegetarian,3,0.6140621423113495,0.33546665021524785,3,0.9663240654856821,0.6570888104167429
Low,47.6868161638547,0.7300751666033292,0.40704088710878783,Vegan,3,0.577037379011083,0.2729966089096513,1,0.6882723647713459,0.7878770461710082
High,53.59793707597114,0.4129172856043057,1.0,Omnivore,5,0.5344300342488872,0.40978992798994845,3,0.9241542081658956,0.6150911894988396
Medium,56.115918051324144,0.07878207100391432,0.3311904310137942,Vegetarian,1,0.6730570055767372,0.3922932960221702,2,0.7531910214421569,0.6086383923695093
High,57.18210898486921,0.47690168974093766,0.839395498508674,Omnivore,5,0.752398165518857,0.4340592149669491,3,1.0,0.650465373577605
Medium,76.78341896896004,0.34889838519319194,0.6788432286901128,Vegan,4,0.869730719587793,0.9771820146009222,2,0.439226273378237,0.8829758435586748
High,79.11642640031371,0.5345441007480531,0.5292523808662707,Vegetarian,5,0.6940418725909958,0.8010994160938575,3,0.6218574437819088,0.7160307628445168
High,57.42489519112825,0.39275432188703957,1.0,Omnivore,2,0.6555502965941006,0.21962353207365515,3,0.8471252068660798,0.5422210529906748
Low,76.47727314077727,0.6747556906554043,0.5998031999591431,Omnivore,5,0.6261817917421165,0.5556133267642643,1,0.32788875182365784,0.6223311476076997
High,65.36492049946634,0.5281034758418217,0.5504998145522706,Omnivore,5,0.6474455345919385,0.42573965027781324,3,1.0,0.5771417369300087
Medium,60.96758959293857,0.8203450150475304,0.5799147331026159,Omnivore,3,0.6891283083041775,0.5948591604940637,2,0.8524824209049363,0.6785523399056734
Medium,73.59816235664945,0.283947417847384,0.9547575756112747,Omnivore,4,1.0,0.2782329609639505,2,0.4853172150586027,0.6232351519511332
Medium,61.08378072356874,0.4646270708685445,0.9650848353085919,Omnivore,2,0.6985740181684428,0.05698590358470329,2,0.6757844278749808,0.6162032488625785
Medium,90.86716765646644,0.11365783642607999,0.4719383619836771,Omnivore,4,0.9119535639086321,0.47885784019900157,2,0.38931436091697835,0.6905219977313476
Low,38.42383249808161,0.48168232245519205,0.43398879860419837,Omnivore,2,0.304145819091541,0.0,1,0.6051398564428871,0.4423879556300774
Medium,52.27243651361974,0.05583822087647439,0.6923330250733815,Vegan,5,0.4059229890277264,0.0,2,0.8660989372573398,0.6718388066154597
Medium,58.102216545690744,0.9777235118726436,0.6224880348896868,Omnivore,2,0.5036731913260826,0.8515088631379449,2,0.7688427758607779,0.5616944673990504
Medium,66.59179035686986,0.7905921286504128,1.0,Omnivore,5,0.6739589480737821,0.5163506628615177,2,0.9109006925642049,0.5780644784019499
High,79.01940730654633,0.7901114766364553,1.0,Vegetarian,3,0.9733605523413033,0.7700616108278381,3,0.5673297318468753,0.7641764334830015
Medium,59.63402149145765,0.08658735817935026,0.9240603229961157,Vegetarian,4,0.341471660263689,0.5151897265253922,2,0.7492008836228645,0.5690823379240296
Medium,38.66655525740689,0.5924454407904143,0.5313751922840743,Omnivore,1,0.5398874795944936,0.35726223311977273,2,0.6628357080096146,0.51239105470689
Low,72.63770844682506,0.8587637507018775,1.0,Vegetarian,5,0.6133273693050046,0.6948715348734446,1,0.2917093235215431,0.8060836525542019
Low,71.32438149212946,0.29071725300474527,1.0,Omnivore,2,0.573035048381917,0.7706557259467259,1,0.23418509025587983,0.5784143170593824
Low,30.87212010930891,0.5682083407874908,0.7491909779055312,Omnivore,1,0.41086202020083773,0.36804961577279355,1,0.5852551167835216,0.4895085178133128
Medium,59.942937994938006,0.814210898382868,1.0,Omnivore,2,0.524412394956125,1.0,2,0.7135925783887682,0.6173378399846331
Low,36.14787253979553,0.7682477776463164,0.9298443240987254,Omnivore,2,0.45676505621544383,0.0,1,0.5705975403010468,0.528253079764017
High,50.03023353746906,1.0,0.8218884788476675,Omnivore,3,0.5779226400948777,0.09891861937793373,3,0.9320276904809474,0.5493162040171893
Medium,46.457866095558,0.8793234248697198,0.544472547299301,Omnivore,4,0.6257361668752416,0.22302401176910663,2,0.8407342813247725,0.507866512596617
Medium,72.13897047362978,1.0,1.0,Omnivore,2,0.9850699377925043,0.20425843218914064,2,0.41216979595984266,0.6022300587575098
Medium,61.75245261258276,0.40552115520353593,0.5155586294205202,Vegetarian,1,0.27352179128264303,0.4281406378056126,2,0.8341686018322394,0.5246543546314901
Low,40.71613498865959,0.5687691025228773,0.9830690214148317,Omnivore,2,0.44804930902527157,0.052339057534234124,1,0.5848675905284568,0.4381691066395441
Medium,73.20098944436013,0.8906595260456108,1.0,Omnivore,3,0.5840575388355924,0.6344460074925816,2,0.4627396402164583,0.7347424932517517
Medium,38.49291264107379,0.6971398139457832,1.0,Omnivore,5,0.46853570187601196,0.3427999814319506,2,0.9137345241262648,0.4755997154492388
Medium,64.95170685706415,0.9955202282643788,0.7976745052637784,Vegetarian,4,0.3684082922134303,0.14977465471700757,2,0.911729752427369,0.5242308403089636
Medium,47.789839960626665,0.01367765110464414,0.431429967573555,Omnivore,3,0.4881026644829433,0.6281781671007783,2,0.737110697086003,0.47358563020464167
High,54.514843762042204,0.5551332153157906,0.3722978188762798,Vegetarian,4,0.1687350999383565,0.21364212172527172,3,1.0,0.6433230987291118
High,67.56406122057577,0.48102792627020247,1.0,Vegetarian,2,0.684333141421432,0.28166250344894084,3,0.9278765902883912,0.6778348184227561
Medium,67.82174098589293,0.2623158501655346,1.0,Omnivore,1,0.6793347146390597,0.6969858896742096,2,0.6759557322741135,0.6613622269914566
Medium,80.0545361033394,0.32252978249888575,1.0,Vegan,4,0.6660353666094398,0.6671319857725644,2,0.4645478179610395,0.8756276160867302
Medium,58.7661945049282,0.7091238408152291,0.4379910329130106,Vegetarian,4,0.5088868622350275,0.4901085209797531,2,0.9184059312125143,0.6368299306963396
Low,64.5967629444501,0.08475947327532185,1.0,Omnivore,5,0.571999136275806,0.24049159545095056,1,0.6725098532802809,0.5440115093260419
Medium,53.433940163935134,0.7416088339433383,1.0,Omnivore,2,0.22441990486315833,0.11136420141368553,2,0.7976565824194781,0.4159592465625497
Low,62.72984823934196,0.6934258420162734,0.7470278511316317,Omnivore,4,0.3680080847336064,0.7620150854672794,1,0.7628094155546624,0.48390122508187605
Medium,66.59229072012768,0.2508041325008964,0.9277867428744095,Omnivore,4,0.703552172059397,0.5328116419748271,2,0.8483689499759196,0.6783943552172004
Medium,58.52535228818436,0.25283378316516125,1.0,Omnivore,2,0.7988827109031024,0.5564542306263338,2,0.7605711461950093,0.6725582578181472
Low,32.943742738612556,0.6288605853445022,0.9011085037431075,Omnivore,5,0.486786953690977,0.3203092453889453,1,0.767125681983626,0.4943201410507552
High,64.97206344496342,0.9621711054836779,1.0,Vegetarian,2,0.24393143170858472,0.7447342766884086,3,0.9736574754790767,0.6570032773693119
High,65.46842216033185,1.0,0.44222520188044817,Omnivore,5,0.9026877891955154,0.5283329643684211,3,1.0,0.7136423750571845
Medium,49.79739785478074,0.8521395638544758,0.8297118554167094,Vegetarian,2,0.7581777031390439,0.34539618331207006,2,0.7347060799957286,0.5714839364090998
Medium,40.734194458912285,0.9648829941638531,0.8956023919676536,Omnivore,1,0.25794181652185266,0.5545922336543022,2,0.7463442505148823,0.5144102718432523
High,82.13818725755948,0.8813848953365112,1.0,Omnivore,2,0.6758334735739249,1.0,3,0.49956955054359253,0.7509850759556993
Low,67.37168266341602,0.9086555613403596,1.0,Vegetarian,1,0.5701811131099003,0.1888127709705149,1,0.5607695833498588,0.7621972049164961
Medium,56.56378453617435,0.8085132732604108,1.0,Vegetarian,5,0.6319866627357997,0.30677286662522874,2,0.9557073869793908,0.7165758384618975
Low,42.94450675278769,0.8946676243140136,0.7268009877016175,Omnivore,2,0.36875395946479306,0.4457619482494696,1,0.5552670895922167,0.5839820944387372
Medium,47.67277757367981,0.011626601285366633,1.0,Omnivore,5,0.5545506880084008,0.0,2,0.795151002928414,0.4953094880913684
Low,79.53885595179347,1.0,0.824975987886295,Omnivore,5,0.5349305374045519,0.9959351412171453,1,0.46050302775078805,0.6665149493741331
High,62.06492911302069,0.6735301628464783,0.7326385234211357,Vegetarian,4,0.4062980804015678,0.7556870861777238,3,0.9510641019557696,0.6405953620235328
High,51.7411939949894,0.9981829895748429,0.512054334447806,Omnivore,5,0.3422924790951033,0.4401923310130936,3,1.0,0.4855382611515121
Low,67.64533846836984,0.12720411933778086,1.0,Vegetarian,5,0.5130842918043524,0.7036223521908813,1,0.7121132593501724,0.7554979329220698
Medium,47.784027188305146,0.3959410958139741,1.0,Omnivore,3,0.5633157353359058,0.8502571240880099,2,0.7860393118647537,0.6149815997236894
High,82.51264545420568,0.571460663020991,0.6689049556182862,Omnivore,3,0.8742778749239778,0.7743631842973826,3,0.5230447480616538,0.7436953850711683
Medium,80.29200802345088,0.391658770500937,0.4575916281383267,Omnivore,3,0.9345894689541595,0.2895576063698608,2,0.37288434861810904,0.5997090239773635
High,53.00138893195835,0.32325561995088176,1.0,Omnivore,5,0.7463444094927267,0.7298078369999697,3,1.0,0.6532321177741314
Medium,50.5699462945371,0.805763832543007,0.8730797840074416,Omnivore,2,0.5845718694442114,0.6993557515389188,2,0.7695488387477504,0.6565071621981193
Medium,20.7280020196158,0.00924231458107816,1.0,Omnivore,3,0.0,0.23520606057019927,2,0.7067945391927561,0.3874095601381333
Low,37.77628842672948,0.3125054569852025,0.4411206612105997,Omnivore,5,0.29419232068907664,1.0,1,0.7621501571514853,0.48650318709151036
Low,39.90795337563365,0.17441054321641503,0.27056742487944935,Vegetarian,2,0.3424972851197583,0.30110807296583253,1,0.6294408388377011,0.576666040600402
Medium,62.02785511481079,0.5890389406083405,0.8025815364405555,Omnivore,2,0.6718505124936306,0.0,2,0.6786054921909099,0.6295768909849884
Medium,55.10649443337961,0.25425240261454385,0.3609984951320455,Vegan,4,0.36235524484512205,0.5370523588000957,2,0.9349813205203097,0.7520761271458212
Medium,39.81996768877138,0.25899845452809966,0.4608898395465644,Omnivore,5,0.6941961829050757,0.37586780315341684,2,0.8904125798976261,0.6196236703379114
Medium,55.78253936303164,0.4883381439953187,0.40489055763432646,Omnivore,4,0.47755624892575477,1.0,2,0.8730495764119957,0.7030983803484062
Medium,67.58005721471022,0.6526890393409257,0.5620324657336297,Vegetarian,2,0.6096435221081028,0.6701893930855569,2,0.8405047847110758,0.715040763310041
High,67.9175902487338,0.32130470456516363,0.4457326040650609,Vegetarian,3,0.6400617423148299,0.4935845950638298,3,0.8264227678388925,0.6602408439213939
High,31.50494578711678,0.37551145246549616,1.0,Omnivore,4,0.2119522321844331,0.0,3,0.9082224068657645,0.3807667743368025
Medium,58.076047792742536,0.2471747445945176,0.5689429524134482,Vegetarian,4,0.2337157134815891,1.0,2,0.7233993851802716,0.7596576173402732
High,39.249888345425845,1.0,0.6401470277196947,Vegetarian,2,0.6407157278383574,0.0,3,0.8882537679262235,0.6488060146498063
Medium,73.52593045710411,0.4971524999429203,1.0,Vegetarian,5,0.608316666596773,0.7535069155373731,2,0.5289219402219888,0.7566424008149091
Medium,71.76219624530248,0.6989900906310265,1.0,Omnivore,4,0.8435891949390704,0.0,2,0.40853324018376597,0.6665131004806036
High,46.52959160513312,0.4415428127159779,0.85068543858744,Vegetarian,3,0.3802216498997161,0.3002129453887124,3,0.8978005796448759,0.5770226345354007
Low,48.509321963994005,0.4904595251574879,0.9481098001808071,Vegetarian,3,0.35926754572751246,0.2976148099421101,1,0.6114241469534633,0.5828233036108675
Low,53.08099424252539,0.07411917438595805,1.0,Vegetarian,5,0.28181793219941753,0.23637440375084742,1,0.6997879515786213,0.5513366984825135
High,26.208099079029914,0.23474214592232695,1.0,Omnivore,5,0.0,0.10737644768307765,3,1.0,0.4722493233829495
Medium,65.03952260160865,0.4687335268214602,0.9678372836730698,Vegan,3,0.5613282636245848,0.5840562006325701,2,0.7559688940570622,0.8105264090497526
High,55.907331804898035,0.598659287518412,1.0,Omnivore,3,0.46153286060754495,0.32761284838668314,3,0.9070480560699626,0.5320627444169465
High,74.55262623851789,0.4368803196918277,0.9081606586180663,Omnivore,2,1.0,0.5858427356461458,3,0.4780124721224908,0.7190068415372853
Low,43.523861730561705,0.6876014289207337,0.49491016492123197,Omnivore,3,0.449594945478362,0.15428171891487913,1,0.6687907756949157,0.4881773096712526
High,50.71315577625103,1.0,1.0,Omnivore,2,0.7354396341701475,0.3499679706559799,3,1.0,0.5410271673734162
Medium,37.402121129413274,0.39564682119671246,0.7284834330601535,Omnivore,4,0.07364331356087578,0.603540645808636,2,0.7894346573099998,0.5041586531447043
Medium,44.9356415475862,0.6245586359173945,1.0,Omnivore,5,0.45972580557175907,0.23603199723102203,2,0.9053862927671549,0.4215440038291529
Medium,42.27027005897672,0.9629759423644857,0.25151916424546483,Omnivore,2,0.5328436375593821,0.8206769816599834,2,0.6939155342310892,0.5839875988655386
High,74.93960518269668,1.0,0.7722137774547189,Vegetarian,2,0.771845733024806,0.9159123180657104,3,0.6044890155673412,0.8277216145383955
Low,49.526072268729116,0.46355222330268575,1.0,Vegetarian,2,0.5252912368896163,0.6591154098140811,1,0.5888429619911664,0.5939991645873395
Medium,61.862635271169204,0.7374894844599194,0.5589632691141488,Omnivore,4,0.5687383283867591,0.5177387810755261,2,0.9126280566882521,0.6126044338510471
Medium,54.288548942072936,0.12813504025052402,1.0,Vegetarian,1,0.30401817704529294,0.16709825943696055,2,0.7229382951182437,0.5638639841021323
Medium,40.95802100980781,0.5121038554637992,1.0,Omnivore,2,0.13628440261922142,0.3709924645974097,2,0.7733076970038448,0.36448007671956006
Medium,57.47549365242536,0.27906027717993653,1.0,Vegetarian,2,0.7160891959964594,1.0,2,0.7337082995573712,0.7676100082253727
Low,68.98654997795393,0.1611636878961611,0.9086007949830683,Vegetarian,4,0.5577422830247601,0.3273508080035846,1,0.5699085822314748,0.7287348657414487
Low,41.883609111849715,0.42628090625453485,0.8563574946398871,Omnivore,3,0.33356834551195935,0.4371815257463523,1,0.6336989644338141,0.6496942308852345
Medium,72.13669186097069,0.23101455443361443,1.0,Omnivore,4,0.5892022104828691,0.3287883812744681,2,0.37275719873725766,0.5754322652834747
High,47.254186177834555,0.8989851081744855,1.0,Omnivore,2,0.2938547679361928,0.27293027793923375,3,0.8839592821235052,0.5054205274427176
Low,52.75524110890739,0.4562400440533355,0.8938700549999485,Vegetarian,1,0.23504297419312475,0.529628696722974,1,0.4488913811706797,0.6521044508936616
Low,67.96024684515072,0.5311446325646638,1.0,Vegetarian,5,0.9868110443031588,0.6756412184645254,1,0.7416489307434235,0.8078465761323355
High,50.04845764170768,0.346375938668157,0.9359189245422326,Omnivore,3,0.092772119656779,0.4522223124544057,3,0.8903336488733568,0.5004754363088619
Low,60.56362289003798,0.13977166109349448,1.0,Omnivore,1,0.7432094599508876,0.6866423336250135,1,0.4740484554388513,0.6171015271876168
High,55.279637568178615,0.7834154352601241,0.33378666244798383,Omnivore,4,0.7705707148518363,0.5969809063172952,3,0.9766495095380145,0.6154494437510973
Medium,61.94052010055728,0.9850097478294463,0.4486629712449989,Omnivore,3,0.6476952228404472,0.41780348787019916,2,0.9139542828253328,0.5324424013050386
High,24.28891341714754,0.29625058323772563,0.5729034130862283,Vegan,5,0.2078931258160639,0.4194088266035242,3,0.9748603227160488,0.6134102725455488
Low,32.55477277187876,0.28573142856578126,0.547653324743709,Omnivore,1,0.3721314875666015,0.0,1,0.5072988002538681,0.35713480696428446
Low,69.23950509070258,0.8694591165378875,1.0,Vegan,1,0.6125760935219426,0.4994569642696733,1,0.5765344897280958,0.7332067906321829
Medium,75.55772108473576,0.17227201225523694,0.5384026318928825,Vegetarian,5,0.9521020739869397,0.49033343550456165,2,0.4547850454930167,0.8347190019369746
High,46.34269944702718,1.0,1.0,Vegan,5,0.6873290206100504,0.4978866033138388,3,1.0,0.71530360409446
Medium,56.33957471743298,0.5242859833747512,0.5967637488480789,Omnivore,5,0.6718672856949878,0.0,2,0.800594465356189,0.5938769544964021
Low,64.42078879353453,0.40826677392642585,0.751027651707832,Omnivore,1,0.3140522520905541,0.4170131813610232,1,0.5520635324718629,0.5254314542761475
Medium,70.39826402488056,0.40968056435145583,0.6267363525644257,Omnivore,4,0.8390023788110917,0.723635457420315,2,0.4845975748343618,0.6731506231445704
Medium,29.58484092493727,0.2971171581278419,0.7272878219512336,Omnivore,4,0.5525361459179112,0.9875324884664343,2,0.8423328120040571,0.5313870436339624
Medium,46.70939629532434,0.3058025824494788,0.2921756818992056,Omnivore,4,0.5887390247081925,0.404164476265261,2,0.937777246917478,0.5500568266413388
Medium,55.011309302251874,0.8848030809601958,0.42473405208170817,Omnivore,4,0.7471368434029017,0.1338129474313498,2,0.9543280304675971,0.6499001289131363
High,70.54710295854073,1.0,1.0,Vegetarian,4,0.5596024988052292,0.7902081132591616,3,0.6146104467511017,0.6958553283486699
Medium,97.47645725582242,0.7697230078311506,0.6738828696839161,Omnivore,1,0.8799345276319721,0.6082247660150599,2,0.3162514186016512,0.7144212787403144
Low,56.57991409785423,0.7987491489520008,0.518414022045934,Omnivore,2,0.8278617569441071,0.06412948252804751,1,0.667991993116326,0.6245366762624597
Medium,38.89533806844017,0.257114663004145,0.9874589260670386,Omnivore,1,0.522103111210679,0.3789314557529363,2,0.6692971010807115,0.4622792485005286
Low,66.03402115801947,0.6180428120817557,0.42347128414735097,Omnivore,4,0.6108960341265119,0.9470613497518915,1,0.7063340836563927,0.5864687476044185
Medium,79.81493684311064,0.5600662389579509,0.836548506986394,Omnivore,3,0.7437638824989665,0.4246019544798484,2,0.5068031761441879,0.6484291270368012
Medium,61.62021181469251,0.7824416352001934,0.3311644460706895,Omnivore,3,0.6200826057388908,0.450077464479214,2,0.8782121062800486,0.6522291285355079
Low,46.40027182268561,0.3092561104732855,0.578808758431332,Vegetarian,1,0.4043662557440676,0.5945233747498331,1,0.6341134898288217,0.6287582866817651
Medium,74.36990912220028,0.7431786168698957,1.0,Vegetarian,2,0.7448257288984325,0.9265635472961331,2,0.3695375616602543,0.7766088671280068
Low,69.95318427747652,0.8822124118173135,0.4398692011046109,Omnivore,4,1.0,1.0,1,0.7453600962855299,0.7382063548317274
High,44.608787337065635,0.6021504761949288,1.0,Vegetarian,4,0.30533747931874833,0.16256457451177084,3,1.0,0.562041563674056
High,65.72138426301512,0.26662208736746146,1.0,Vegetarian,5,0.2984784885669635,0.5101326850256342,3,1.0,0.6097850897619929
Low,74.95898351488309,0.6160508223417928,0.4797852926995505,Omnivore,4,0.6170721098981159,0.0,1,0.2956952971738667,0.6198629537070605
High,77.7283506383834,0.645972487807026,1.0,Vegetarian,5,0.8881595133072233,0.5293297100272799,3,0.6183623457920598,0.7972463556925874
Medium,59.00326537035816,0.672225380547175,0.5925458802472797,Vegetarian,5,0.7103994677111006,0.17710372867331325,2,0.8764842341522361,0.6522213181569797
Low,54.628808307310216,0.9510329247486061,0.35724571266815713,Omnivore,4,0.331147926566986,0.49739312900581506,1,0.7388810812947567,0.5284157529703466
Low,78.40910733121893,0.585608317996847,0.3971126511533569,Vegetarian,4,0.7087651004050382,0.9191302736999464,1,0.2265568252266218,0.7742018289267231
Medium,41.84759245528672,0.46619023015553385,0.6177608580402962,Omnivore,2,0.5916340337978251,0.5558025527487739,2,0.7650890408901919,0.4865602181555153
Medium,66.57868936381509,0.6545848001914603,0.9627034325251931,Omnivore,2,0.6442894662180078,0.20692442715223153,2,0.651434787202329,0.6911020278134767
Medium,39.44960058953356,0.10349750359356769,0.5294272528509811,Vegetarian,5,0.18968143820728042,0.20924841014169354,2,0.7823769750543168,0.5443568733860735
Low,75.98064408389405,0.3535061889250146,1.0,Omnivore,5,0.5970562363579605,0.7715061700161012,1,0.3956985496684874,0.5986466662370772
Low,56.129317265832576,0.9189793255003985,0.9972528618942129,Vegetarian,4,0.8428928301808577,0.5052489366430102,1,0.7456759910227534,0.6740581746601034
Medium,79.02874853471204,0.7699426133637662,0.7453052746415929,Omnivore,3,0.6995597415592908,0.4475210208131307,2,0.44791753216723873,0.568430981873204
Low,67.3711913453329,0.013444043983416254,1.0,Omnivore,3,0.6842481655787929,0.6738159036350412,1,0.6170935210083898,0.6022007201447243
Low,41.65169654907105,0.20462547255901986,1.0,Omnivore,1,0.09677575413702327,0.5769398920198907,1,0.6170842164126568,0.4010561038166554
Low,81.36941598115865,0.782837266028899,0.49994307844881036,Omnivore,3,0.766289405980135,0.6212056856101231,1,0.3386465999383884,0.6672239640029364
High,83.26867899641594,1.0,0.7224473551396966,Vegetarian,4,1.0,0.39678721588701127,3,0.7343820382609471,0.8882588290578862
High,73.23429738898824,1.0,0.8294974260616345,Omnivore,3,1.0,0.7234775003137482,3,0.5729964143643062,0.683723978822135
Medium,48.5761820244567,0.2921768033820449,0.7408710378770521,Omnivore,1,0.5366006477396652,0.14606744070496241,2,0.6731531757356763,0.6823175764015461
High,55.409790684638864,1.0,0.819244598309268,Omnivore,2,0.8771344834729478,0.8584520714943944,3,0.8778836577668332,0.704849248074213
Medium,62.18140826108639,0.5529468935778924,0.6115339478440804,Omnivore,2,0.7425023973415414,0.0,2,0.8024386949894301,0.6826385871251537
Medium,49.4443440100285,0.6965390223878929,0.9144813660324916,Omnivore,3,0.9596219896482195,0.3145746967543808,2,0.8559897995815412,0.5575107775889265
Low,85.38519858694806,0.6967388627799079,1.0,Vegetarian,3,0.9872602673133078,0.44446205362677443,1,0.2339181152125453,0.7776433601652951
Medium,62.16489707589055,0.12274005467462046,0.8886459916510666,Vegetarian,1,0.8896460499474899,0.7317261884075457,2,0.6339737586415576,0.7430600774462117
High,19.44977929338964,1.0,0.2110106181778248,Omnivore,4,0.0,0.5920585330313708,3,1.0,0.3942893421891039
Medium,65.09033719134331,0.12287557989415265,0.802419577052661,Vegan,1,0.7281243549453172,0.3461435742546979,2,0.6511760029802643,0.8444297199105479
Medium,54.7776390477403,0.2548819564111836,0.630115082728077,Vegetarian,3,0.42512656078730593,0.17512943054750457,2,0.7406537119174196,0.5359306953016738
Medium,58.876101658223284,0.8136278802229802,0.785418978129239,Vegan,4,0.700969928703703,0.6838100955167394,2,0.8616963629461392,0.869814044625149
Low,54.47070951321451,0.6185969615011014,1.0,Omnivore,2,0.649242537875867,0.0,1,0.5915725421533418,0.503759809348812
High,72.1056962491003,1.0,0.8410598244039098,Omnivore,5,0.9978037062301757,0.67482983443027,3,0.7199191298222275,0.8024243534919604
Medium,76.79531667830072,0.6157361883740449,0.39795737523101543,Omnivore,4,0.9769116339780881,0.6298328466765087,2,0.4502252392428676,0.7296074834765072
Medium,64.2457974338798,0.37699323536663487,0.7600657252535299,Omnivore,3,0.3605864781030104,0.46972145864988046,2,0.6438247792402219,0.6102626035793233
Medium,54.91033219292761,0.9218454995477849,1.0,Omnivore,5,0.17894302102464626,0.20592539846370728,2,0.9376436700470565,0.4434016220381969
Medium,59.37994192786245,0.03625231751479485,1.0,Omnivore,4,0.5527811200750621,0.0,2,0.7685293078146228,0.5567754998070028
Low,60.293994248664426,0.8561302203530459,0.8148600447715031,Omnivore,2,0.7531273933049695,0.794601590398105,1,0.6690425352236216,0.627133151692425
Medium,47.963549402027446,0.23081778518778162,0.48958675986945255,Vegetarian,5,0.6064693863151807,0.5885163982910484,2,0.8811570444322051,0.7065307930382999
Low,68.68392972856853,0.8487363277539678,0.8085083115573877,Vegan,5,0.7002749808661517,0.555012464707181,1,0.7500069746917479,0.8448641120119319
Medium,66.900634857907,0.1391966134168856,0.8982053937077266,Vegetarian,2,0.7918434176094934,0.6263585254914557,2,0.6810252631412702,0.8314424739835546
High,83.1066185966501,0.8802189636905405,1.0,Omnivore,5,0.9955386485651466,0.6473458726774938,3,0.6966110349186897,0.7770574453624454
High,78.83024670432712,1.0,1.0,Omnivore,5,0.8019502207627549,0.9515795990806958,3,0.698036318717953,0.7369809857814351
Medium,49.714876236148044,0.4735396468988905,0.9428393112433537,Omnivore,2,0.6214821749010877,0.3546705824326627,2,0.730730760763412,0.5687017659165805
Medium,72.30447561763447,0.8465666738033929,0.8529765216562243,Omnivore,4,0.865043133984738,0.5930468778920197,2,0.4786880706732103,0.6807649142646305
Low,45.73569925358292,0.8046716178555584,0.5831680470504444,Omnivore,3,0.4503792591667108,0.4253215352635511,1,0.7010577094173959,0.4496340844345721
Medium,70.43898151411274,0.8364942087167792,1.0,Vegetarian,1,1.0,0.47151955243660537,2,0.250870907519758,0.7315184407336761
Low,52.25078701859838,0.9253297368745983,0.7561862594322281,Omnivore,3,0.2828138996474591,0.4075966950687523,1,0.7633319870259968,0.456645457862579
Medium,44.651201649366236,0.44683423051992865,1.0,Vegetarian,3,0.7765996017004436,0.33260321225453277,2,0.7721039288741521,0.7608116589952832
Low,64.20068014046106,0.17312543916515577,0.7781239749703495,Vegetarian,1,0.8510297320510897,0.32944740165507636,1,0.5747811228778467,0.7049268888268466
Low,19.881493077687885,0.047811063702479784,0.1674077490360168,Omnivore,3,0.6306712763707188,0.0,1,0.7084648479819844,0.4434399453841796
Medium,33.73536638392158,0.2464598696375051,0.8512549690096907,Omnivore,3,0.033522398164281764,0.22184224473038144,2,0.8027171189991092,0.4268609947461888
Low,57.33762174338575,0.1431975038802421,0.33332955964273986,Vegetarian,2,0.5031203347627571,0.3869689481712283,1,0.46848292208673914,0.608109023627825
Medium,61.236626499522636,0.5579487414344805,0.5566847293823165,Omnivore,2,0.7088181347388116,0.8278518105764601,2,0.697589747877504,0.7176372850466293
Medium,54.46021844762717,0.184945337211732,0.6260393450180393,Omnivore,4,0.5962324064942824,0.1651801689388639,2,0.8394673274854955,0.41679664284377727
Low,36.30845551923602,0.03893370728937118,0.9210258632175078,Omnivore,5,0.2766880104138131,0.13518454336101904,1,0.6703732965332839,0.5032125901420734
Medium,47.73162236792242,0.03598982886866786,0.7328940382472249,Omnivore,4,0.5387011701403454,0.45312068713856285,2,0.8774434892701647,0.6413207402981971
Low,65.8681399085609,0.8315694983648616,0.35798663085306115,Omnivore,2,0.9078573874137147,0.6683602807146013,1,0.5960776259297016,0.6972769592181608
Low,68.72672655942544,0.5914499314430248,0.9604834840730494,Vegetarian,2,0.7154637985027754,0.5309971507265844,1,0.6370187581367515,0.6988823679975761
Medium,59.756653236060885,0.35808530189337817,0.7102195036069667,Omnivore,1,0.32460448802227027,0.7435184488122246,2,0.6803261098024015,0.6062737748101912
Low,77.35250671555482,0.9942280427402469,1.0,Omnivore,1,1.0,0.6132660188274058,1,0.20123654834296578,0.6787982158476829
High,65.96095535188851,0.2701966114077136,0.829367087899678,Omnivore,3,0.46784035459909123,0.2891761731401214,3,0.9589055989398784,0.6599833473008206
Low,48.78816519062681,0.9803220727278259,0.952915971892473,Vegetarian,3,0.24427834580644087,0.39480130315566253,1,0.5417904747939178,0.6142817667579621
Low,55.79246919882574,0.616291790254461,0.4978308383236756,Omnivore,4,0.41282716105324857,0.6884929660328255,1,0.7099619452190388,0.5171797595668721
Medium,38.95700764188218,0.18346425396884847,0.9557586027410641,Omnivore,2,0.2666135871623224,0.6163603940299038,2,0.7634480290868922,0.5343285438565515
Medium,58.37791514412875,0.6790690989769685,1.0,Omnivore,2,0.6389049146852845,0.7698332290908054,2,0.7091375334898504,0.5698584946657341
Low,76.68150928832009,0.8633812597835626,1.0,Omnivore,1,1.0,0.6971177270156965,1,0.21901296343765272,0.6835475349299464
Medium,70.27935127066452,0.5293427833707745,0.38521839807252184,Omnivore,4,0.5237894837540654,0.6644406039653158,2,0.4414682430322385,0.6504169259261117
Low,81.03013988878683,0.9616326062455474,0.8526513970613854,Omnivore,4,1.0,0.8521910547092724,1,0.31344757808240387,0.7121713728972178
High,55.456721343015104,0.3507324072964703,0.9564390094547057,Vegetarian,5,0.9447783844518897,0.0,3,1.0,0.7060535028174085
Medium,80.19149691771386,0.37883758357760833,0.49612138466878436,Vegan,2,0.7171621675513278,0.45294485774720644,2,0.4074753514896351,0.8780296558366515
Medium,57.10043660328045,0.09349236158398977,0.6961062501653146,Omnivore,5,0.5510755440286458,0.5654414309855418,2,0.8678742151702487,0.5473099437433578
High,82.0737762385484,0.5108778406073522,1.0,Omnivore,2,0.8818224456580233,0.3881832245323249,3,0.4383575219893804,0.6520907503008013
Medium,59.67214878836815,0.23872881191114503,0.734295234832969,Omnivore,5,0.5054350971609738,0.8427105665565546,2,0.8885135127801835,0.6905824615730394
High,70.60847060706415,1.0,1.0,Vegetarian,4,0.3428389514257755,0.9086523425018287,3,0.6523467041969767,0.7347194949677966
Medium,82.12668546464784,0.1781096887511562,0.4674724884030588,Vegetarian,2,1.0,0.5218054294991796,2,0.37435191058919215,0.8159133444307934
High,57.098585571281916,0.6274151201877094,1.0,Vegetarian,3,0.6026121579136428,0.20390337222565902,3,0.9591640552591031,0.6508387168208029
Low,63.27583481316261,0.532398687226913,0.8973954103140825,Vegetarian,4,0.5198969612987185,0.6563050167034956,1,0.7562717961725983,0.6365016178074169
Medium,79.33295137809453,0.9986930538021608,0.8972044340225981,Vegan,5,0.7845976882174511,0.2779787622015192,2,0.5533100108049983,0.8672724565391657
Medium,58.00495254104904,0.9976962186612135,1.0,Vegetarian,4,0.5168896405602661,0.5253142111830955,2,0.9196270694017488,0.6775229068125985
Medium,40.186615762407584,0.7533881149198358,0.33058347930316656,Vegetarian,5,0.5203608982267909,1.0,2,0.8885349441270303,0.7302890582471885
Medium,92.14510581877364,1.0,1.0,Vegetarian,5,0.7416172395674503,0.46534903691776375,2,0.5784226479955564,0.6742774754899756
Medium,52.95353303494295,0.7871011325358738,0.956008076311325,Omnivore,1,0.45403131021929977,0.20663767496925922,2,0.8297722137210141,0.5073452981008153
Low,62.38134076406314,0.9632026409714166,0.5709027771199484,Omnivore,5,0.6527073257192865,0.33460608184469187,1,0.8824082895910041,0.584393572724354
Low,77.3401000417669,0.8072707259444551,1.0,Vegetarian,4,0.37988808502300997,0.3751018341264355,1,0.27517914959276585,0.68509630060425
Medium,50.87259144403197,0.07976342545107107,0.683657875081173,Omnivore,5,0.459544052219993,0.16974575909361744,2,0.7725987107908636,0.5222569851499971
Medium,44.88198130166805,0.4019201869926765,1.0,Omnivore,5,0.3113170817927271,0.8897136360088953,2,0.9090013529460214,0.5673117439402992
High,63.806059451622495,0.8465972838024705,0.7078668143055125,Vegetarian,3,0.7597502847375485,0.550535543950163,3,0.97248223646469,0.7248366412821892
Medium,33.10385403131416,0.350718509454251,1.0,Omnivore,2,0.38044105211134743,0.548670691912587,2,0.6925951350930858,0.4347833246416991
High,55.6814088469812,0.4733839181137786,0.9150361626799546,Omnivore,3,0.810500502970141,0.8238418681920285,3,1.0,0.5828874045193104
Medium,63.675579964731085,0.577399267133091,0.4594245334073826,Omnivore,3,0.23376702828326545,0.0,2,0.9621422847276772,0.47101315653137177
Low,55.950721547622535,0.9335018767024349,0.9294167712076402,Omnivore,2,0.4361245138053136,0.2354625929732658,1,0.5525263116445904,0.6725908342156475
Low,36.84823585221379,0.03498187351615356,0.3755859419629416,Omnivore,3,0.40759210320058525,0.035008184238843276,1,0.5643490588053333,0.487862729311544
Medium,83.91266934306017,0.8692312035414377,0.8314859746094636,Vegan,3,1.0,0.0,2,0.3723113956215425,0.9948087376514992
Medium,61.55307230923763,0.7227272780446271,0.4780609457982219,Omnivore,4,0.3942664237815414,0.6407280352777566,2,0.8310186552817775,0.6007769486778511
Low,81.46728176642611,1.0,0.42935252449924916,Omnivore,2,0.6539602211474748,0.7700007085049656,1,0.30613710453717347,0.6180534920353381
Medium,56.09945624729333,0.9307112223325436,0.49238382068642417,Omnivore,5,0.8239189631949226,0.8641989627805977,2,0.9558918700464101,0.6569959957162803
High,46.79982027463854,0.9622325620441929,0.7703711250973184,Omnivore,2,0.9288151207333559,0.5322347007612402,3,0.9878326781189681,0.7593082778914519
Medium,64.0377138038274,0.5204087646825987,0.8017495367964831,Omnivore,5,0.9815647304765711,0.0,2,0.9679920232354174,0.6631416046572756
Medium,56.76319310507671,0.20426755323351986,0.7853130610614473,Vegan,2,0.91078592898418,0.2624200903099707,2,0.7373185823698116,0.8591907938948395
Medium,42.33357813012963,0.5452357183255744,0.4593547690972495,Omnivore,5,0.5095593737977494,0.16389563317734288,2,0.8573187945419314,0.4683513101913817
Low,82.04676388181244,0.8653519939196538,1.0,Omnivore,2,0.8469485649798616,0.8371317940981688,1,0.26239943164790736,0.7174812807317228
Medium,50.66594665659006,0.8956692126378931,0.957593020103296,Omnivore,2,0.8870110120307917,0.0,2,0.7842714370358433,0.5252289296897665
Medium,32.396004228066474,0.7897120092105491,0.5199478466999979,Omnivore,5,0.25876724181426625,0.4331556560099118,2,0.9205970782949897,0.4381057084974409
Low,79.92249080936,0.29526693519105396,1.0,Vegetarian,3,0.5971563500917114,0.9024513997077581,1,0.18813116837061356,0.7774749376570587
Medium,52.43552976281065,0.5996863142280594,0.9062008654496011,Omnivore,4,0.5810318680642619,0.3619071305076971,2,0.9080086849932236,0.5264507350785147
Medium,50.88264161076563,0.332173459531357,0.9674524833124599,Vegan,4,0.436690286527628,0.18431922788608734,2,0.8583415530955595,0.7553797180334055
High,33.519186194550386,0.209205667390643,0.44493584891169136,Omnivore,5,0.18151242021424577,0.6327743123883769,3,1.0,0.4377222058400811
High,86.11412229895487,0.5002209357886661,0.43118224665036137,Vegetarian,5,1.0,0.30254770446399676,3,0.6033358747259401,0.8185428606433093
Low,40.657791191854685,0.11322064993344927,1.0,Omnivore,1,0.3565612531724929,0.6825276460311654,1,0.5640373922726853,0.5702749754207967
Medium,60.87674221058475,0.8427191235394685,1.0,Omnivore,2,0.6456763590023787,0.7798819437254596,2,0.8017456125221261,0.7327373667866928
Medium,73.68930483810661,0.35850625214781195,0.49163841223336324,Vegetarian,1,0.8451238581146102,0.7822839412367081,2,0.33346270777030584,0.8129248256774159
High,66.32575399504645,0.4846979688875555,0.7057339049315388,Vegetarian,5,0.31022693890449654,1.0,3,1.0,0.6433719886665337
Low,59.10518532011712,0.9599365717988843,0.9568652349891682,Omnivore,4,0.8389252231759275,0.4976227628291302,1,0.7540144780231097,0.6349905036461898
Medium,34.47501212568876,0.37908672304885216,0.824485917847172,Omnivore,5,0.8049373920040044,0.47359301209504107,2,0.9456261609222827,0.6753044230252492
Medium,47.85412746349074,0.009585640144394558,1.0,Omnivore,4,0.7346745259693233,0.3843634798422971,2,0.8304569290040177,0.6285832621364531
Low,62.81700507063783,0.28384614834613653,0.4543531869886177,Vegetarian,2,0.0,0.42711299269827613,1,0.5727160984337908,0.5779800613520766
Low,48.19238895019505,0.11929958060181245,0.670901692536094,Omnivore,4,0.5270115616550722,0.5602046054272795,1,0.6892149424359488,0.586513995961732
Medium,63.05039189998151,0.10280856173585395,0.41247637742633236,Omnivore,4,0.25881864737749066,0.4344196379618208,2,0.7625596045125124,0.5352867346238696
Medium,70.22615113222713,0.17748729013574951,0.7407260040997639,Omnivore,1,0.9410039480286947,0.6039874767401987,2,0.3019674312076974,0.6252560637667256
Medium,74.43754328700152,0.6932594701753773,0.38729516202271197,Omnivore,2,0.9838419263025001,0.6407105320668979,2,0.4149260293620993,0.7199847220932736
Medium,41.607309632809745,0.18934772362985863,1.0,Omnivore,3,0.4905949464043899,0.22527748175103934,2,0.7915349867977252,0.4690614648134314
Medium,92.94969082468431,0.46124279404101043,0.9917924509521026,Vegan,5,0.4008160823384579,0.9949721365574642,2,0.4922510212082415,0.8382750730664614
Medium,71.51219016831196,0.9620177161300167,1.0,Omnivore,3,0.7171995021120328,0.06455343381314449,2,0.46381991791699967,0.5787440487704383
Low,59.97428769496404,0.42433813979627566,0.359776139478184,Vegan,1,0.3755456677661259,0.2912477285976959,1,0.5403949882229633,0.6202178181042726
High,76.3430487461496,1.0,0.6091733542036687,Omnivore,5,0.7911615191747017,0.34409935513328505,3,0.691470768128353,0.6369451916797901
Low,95.4811165799996,0.5979380533956062,0.7367855781211785,Vegetarian,5,0.9519237805264532,0.8878284798126714,1,0.39819982748036603,0.7861552500785997
Medium,38.41919848414696,0.39883661483975574,0.5787874870595229,Omnivore,2,0.5927154412083494,0.24884669027122863,2,0.8189796853620688,0.5621249535495114
Low,56.6210603626297,0.7503889270907016,1.0,Vegetarian,5,0.5345782102748532,0.04619702566122297,1,0.784497358807247,0.5221923088464034
Low,24.323525101900074,0.0731750987680021,0.508175499240993,Omnivore,1,0.5777556429828267,0.34371904493932426,1,0.4806418953550331,0.4118307591887371
Medium,62.88977298972037,0.08947838298241739,0.5191023945949289,Omnivore,4,0.7084100693858655,0.592326394139977,2,0.7614112773509925,0.5326124041753713
Low,65.48091362887712,0.6519737139229607,0.392394828483154,Omnivore,1,0.5497841453796497,0.5566152345003754,1,0.5324564070324067,0.6121861583853011
High,59.41256826835861,0.6869407132392482,0.3765545896944805,Vegan,3,0.5766545423245484,0.7293007146789899,3,1.0,0.8067861102527821
Low,50.181996435025354,0.7904152503192102,1.0,Vegan,3,0.7593311619946839,0.5747848191960732,1,0.7604757473941677,0.8950417021570238
Medium,29.25728225717512,0.9162708373435314,0.5910894023225086,Omnivore,4,0.5766248751681533,0.1738948790380997,2,0.9395859629247014,0.5128350874062924
Medium,65.60300525117653,0.38836687767154754,1.0,Vegetarian,4,0.12098025902289933,0.6715587007773232,2,0.9026774048219964,0.5345398647624828
Low,81.83151725872987,0.6964100265846462,1.0,Omnivore,1,0.5792361215922,1.0,1,0.14300670760548448,0.6374324379246943
Low,51.134723163998515,0.5006966277953099,0.3910360775802504,Omnivore,1,0.385893626307969,0.3801063527964619,1,0.6023543064746335,0.5271015953859959
Medium,66.60089893534717,0.9816106556424329,0.47589242886900307,Omnivore,1,0.9472734691129434,0.928945748754294,2,0.8047142307423883,0.7321254203606373
Medium,36.47783529869924,0.8310844073565952,0.9377311919276301,Omnivore,4,0.6162856071102125,0.8725446988868066,2,0.8787560789940841,0.49397765519710185
Medium,66.85819595538771,0.9117377082773536,1.0,Vegetarian,1,0.8694942158190506,0.6561587615892613,2,0.6819612788279513,0.8183290244176789
Medium,54.09926553383014,0.2543400875776042,0.6485270945434611,Omnivore,5,0.7680799221354138,0.14918945315408416,2,0.8031145480295099,0.5334191366644119
Medium,48.56373074095629,0.7725264231625943,0.32024091703762153,Omnivore,5,0.8281947505786988,0.31550638943222026,2,0.9476503859066021,0.552014022896114
Low,48.59454538175804,0.2654732249976489,0.2550707486072424,Vegetarian,5,0.5978939889810884,0.4538023691914555,1,0.7023045186224003,0.7158214770567518
Medium,54.095826269504855,0.2087425334283899,0.5586360808092692,Omnivore,4,0.7587768427608492,0.4568451201100054,2,0.8374170663597067,0.6061657796395671
High,65.73649973538804,1.0,0.3379047722641671,Omnivore,2,0.743768360167335,0.5864650632207211,3,0.9362683889833796,0.6558632626968718
Medium,40.31755198206723,0.019304416717866646,0.4316603810140396,Vegetarian,2,0.6144243038663743,0.7004752544184603,2,0.6464622643744122,0.6999937115271929
Medium,54.043270026482205,0.9653887036634297,0.6897170903437495,Omnivore,1,0.44350505751767666,0.19533414295632684,2,0.8350258899426294,0.43845719156789126
Medium,59.377923330012784,0.1492618969888062,0.4183053819620181,Omnivore,4,0.42031219185343227,0.6052507591025396,2,0.7621515935555361,0.5758241012022407
Medium,43.51441163202211,0.8194380817932682,0.3218498159916568,Omnivore,5,0.3032931951359316,0.6390027219950285,2,0.8987558361677525,0.6078293396780444
Medium,86.94997802512526,0.37592255306810307,1.0,Omnivore,4,0.8144181308061778,0.6493504742387027,2,0.4372319545813405,0.6912664364412013
Medium,47.19756779907988,0.3507023274307274,0.8214578680182887,Vegetarian,1,0.6350902499137443,0.08552302827493818,2,0.6922140603737809,0.6487331608788872
High,49.958446295497644,0.41675771132198497,1.0,Omnivore,5,0.8293882696208699,0.3547152743298272,3,0.9631817535888003,0.7283307342340336
Low,45.32538075266253,0.5855140424810796,0.5724530675489918,Omnivore,2,0.33222321640427455,0.06527375608425873,1,0.6495981917286464,0.5408302912340034
Low,86.97720130707177,0.44809554750787406,1.0,Vegetarian,4,1.0,0.512848098184374,1,0.32806025011718815,0.8032895555656714
Medium,68.29357842899222,0.6573930394946632,0.5461595667667515,Vegan,3,0.6384231977582059,0.743532887246194,2,0.9252990298271764,0.8631723083642863
High,45.95111990634537,0.21564731794206599,0.8480959168116681,Omnivore,5,0.4634134944313008,0.46223580449772783,3,1.0,0.5684958160618259
Low,76.59347338289953,0.16437488351503962,0.512553096924482,Omnivore,1,0.8232427372044073,0.8518857714645595,1,0.11158287636644808,0.8109077868435179
Low,63.01048041433317,0.09966115273124865,0.3171330412479516,Vegan,3,0.503909864729776,0.6702332864720437,1,0.5637899025069432,0.748183667317271
Low,63.858801316672526,0.41899368531023107,1.0,Vegan,5,0.5385625010864474,0.4703524946096751,1,0.6782600085736669,0.9358804613576679
Low,54.83284186871321,0.8147961726599761,0.8290585855187753,Omnivore,1,0.4874763225092635,0.15394875477822734,1,0.5722515214799827,0.5370192682654774
Medium,48.7587601956454,0.8881779103783827,1.0,Omnivore,2,0.2526847270717609,0.5034259760317493,2,0.72301653800207,0.4827549691028814
Medium,65.06649148581901,0.24481074006090076,0.6591639811311671,Omnivore,4,0.4867280053975992,0.3818900963808635,2,0.8655896817201227,0.596748885613004
Medium,51.823691550066144,0.574369724239014,0.5869045269120875,Omnivore,4,0.5027863654684924,0.39006996760413654,2,0.8360393323515131,0.5250653988471922
Medium,87.25133444362658,0.8683649926926005,0.8369116739911646,Vegetarian,1,0.7912155390810043,0.5126240102118984,2,0.3982847150954213,0.7672674332143128
Low,40.960633421353435,0.2888294299196087,0.9108441510649354,Omnivore,4,0.279892075252552,0.6125140778024755,1,0.6934607833755594,0.4707013670532845
Low,83.04235159282418,0.5090077367362732,0.9810203921502951,Omnivore,4,1.0,0.01971939789503563,1,0.31742332673414986,0.6407839278231012
Medium,58.33021726803299,0.5239742026857139,1.0,Omnivore,5,0.23308619248236845,0.6406426767063009,2,0.853468852856208,0.44298076383377244
High,64.48628601031659,0.3348748464080477,0.3478723311840223,Vegan,5,0.7618958494093669,0.5821244408610522,3,1.0,0.7579371041523832
High,72.49736649944151,0.32598229372578036,1.0,Omnivore,5,0.755170539066328,0.8702026988531422,3,0.6543778900711208,0.6428881488548092
Low,50.546260574933456,0.15280580931828325,0.5830589922412216,Omnivore,5,0.562122443670478,0.05444896565015578,1,0.618688763928317,0.5323873021323363
High,72.96372577047954,0.9268536212535333,0.5450522806708589,Vegan,5,0.48408035524043064,0.5942163719792157,3,0.7566375731299035,0.7659451390311554
Medium,19.38684216928234,0.07361826153368167,0.6073298333665107,Omnivore,5,0.08284860611187479,0.03321002928212749,2,0.9011000039444701,0.4644682525294135
Medium,49.20015700167092,0.1896963648501283,0.7510645691883506,Omnivore,2,0.5703503898007762,0.3625461810666379,2,0.6793210253487323,0.580634546733834
Medium,46.13905788988402,0.3378538856953037,0.3677063181378485,Omnivore,4,0.35325253771071824,0.38977914316973117,2,0.8806329685756603,0.46837700338851346
Medium,41.19740981442358,0.07787006430636634,0.40788310520500776,Omnivore,1,0.10466431408994109,0.1994428005301475,2,0.6368396265793157,0.5135876936945961
Medium,56.77567742881573,0.19169927116163443,0.6920430520456335,Omnivore,3,0.5139124007345216,0.4406720156798132,2,0.7368339014889611,0.5496090254047474
Low,65.78624952272543,0.9112697889835111,0.7377426600059425,Omnivore,2,0.6196631603557017,0.9199231639083567,1,0.6586912829329369,0.6363034248686024
Low,70.53989997748958,0.11929913222698477,0.6702576395071327,Omnivore,4,0.8512489656509513,1.0,1,0.3112887025537248,0.7434443199111217
Low,63.613151358006114,0.6534319241743621,0.4666109083000115,Omnivore,1,0.8633007116527981,0.6017272371372169,1,0.6416929512172649,0.6563665255273997
Medium,50.0145980265968,0.3844089309151849,0.25444666923396353,Omnivore,3,0.5277598085408962,0.8567408702426129,2,0.8762873508155593,0.5961585566830112
Medium,65.53524656737751,0.6726487394323711,1.0,Omnivore,5,0.7427204195345103,0.1129809362727004,2,0.8377424807387356,0.6245243476531219
Medium,61.86428542276276,0.5886917203634046,1.0,Omnivore,4,0.8297739190385716,0.7569677104323026,2,0.7713203003001625,0.6083257493992109
Low,74.04084251904024,0.32349875435464426,0.8538545917713364,Omnivore,5,0.7028231314650178,0.6807305887977092,1,0.3108700167305667,0.651376209688688
High,71.65405054397274,1.0,1.0,Vegan,3,0.8248496913417571,0.4857994486308017,3,0.5548714013445084,0.8099052379825534
High,60.457146208809434,0.6919403826093566,0.9759400618262903,Omnivore,4,0.3206484013096567,0.687731338941416,3,1.0,0.5712861480026824
Medium,46.54120490758115,0.8225360189134717,0.3015635621454473,Omnivore,3,0.35290364080911674,0.43478065490341455,2,0.8462686282818049,0.4365889336543589
High,50.20574766251879,0.6060125361882192,0.3687469373952213,Vegetarian,5,0.8448909425193206,0.23858174912912333,3,1.0,0.7719871734957902
Medium,51.7531596054295,0.984685553915239,1.0,Omnivore,5,0.7223997446761744,0.6411268567482528,2,0.9213621620557191,0.5825076227150929
High,55.27100499125616,0.9704893585012964,0.9064072271059093,Vegetarian,3,0.7198646060420042,0.4470570053744705,3,1.0,0.6825417713874196
Low,64.0207564138463,0.9659502051125735,1.0,Vegetarian,1,0.46296865372150175,0.31919396913577913,1,0.49069139256351096,0.6468137432567113
Medium,70.72761585192087,0.6143264789098588,1.0,Vegetarian,4,0.40258936330522643,0.8325516012628006,2,0.506528699961821,0.6569335476292734
Low,59.23321960476933,0.4736911322907005,0.7441081093062327,Vegetarian,1,0.4006364969990185,0.0,1,0.6174093510346647,0.6102124172974789
Low,60.241871818507086,0.7554538093252579,0.34973531066922847,Omnivore,3,0.6230735127160256,0.9949449314890924,1,0.5898267301633833,0.7000623903296755
Low,62.14959457500006,0.8802912630134302,0.4990283217723223,Vegetarian,4,0.7277282299674581,0.7899083856168396,1,0.7671601320293546,0.7323367332437605
Medium,52.2614203030149,0.964145795865558,0.3278790488175096,Omnivore,2,0.839422850172197,0.0,2,0.818789836460768,0.5511893340781853
Medium,46.11911613535566,0.3245519060324997,0.41933542637528565,Omnivore,1,0.22020287115105236,0.7484805922199079,2,0.7090471029713301,0.5433165772131275
Medium,33.668431540339355,0.7987045738426389,0.5788750841575736,Vegetarian,1,0.2233354609062448,0.3060699370497859,2,0.7559128485716641,0.5717455655706585
Low,49.57275962884691,0.2106455976355367,0.36606060865921997,Omnivore,4,0.8222683937334185,0.0,1,0.6179517118809481,0.5698176516776708
High,67.09718179901681,0.7455743467454452,0.5022191568004273,Vegan,3,0.35307394841965634,0.0006777130636230755,3,0.9676635526354972,0.7657364577654487
Medium,49.45632842940649,0.17984814840919916,0.6931034242187116,Omnivore,2,0.5384413648305544,0.5838788705728788,2,0.7615171898976598,0.5856472836302435
Medium,56.4328944386109,0.34739736175033886,0.6223354225815441,Omnivore,1,0.1795080267596671,0.14251801379323947,2,0.6002905812030224,0.551718724960655
Medium,66.99646931118475,0.9313583672064593,0.8026404707439647,Omnivore,1,0.6004482585076443,0.29581358776487887,2,0.7487627777574245,0.5685237929237054
Low,67.81034244634003,0.14609069977308609,0.7682237399907622,Vegetarian,5,1.0,0.5966641814709852,1,0.7431516574614367,0.7381564696458263
Medium,43.807007217509415,0.6324008951351965,0.8635130620674305,Omnivore,4,0.5479185571669003,0.5167963029049245,2,0.8452591765511264,0.6184330027570282
High,74.95589034680462,0.8929542729274033,1.0,Omnivore,3,1.0,0.6884362677527884,3,0.6129813847517869,0.6305718516549768
Low,76.91025134033228,0.22073835270898648,0.4924155951459039,Omnivore,3,0.8782612144998551,0.36898245702100263,1,0.22407030657738017,0.6241503179401207
Medium,43.0522521417216,0.32597904376881215,0.3145214100178029,Vegetarian,4,0.5362921278020606,0.1337890824437623,2,0.821739519168423,0.5575263767258541
High,47.64244695538269,0.7629815045152657,1.0,Omnivore,5,0.15003593006877947,0.07883158636659998,3,1.0,0.4362296753101193
Medium,77.86636024719287,0.28717860898849024,0.8957285058884235,Vegetarian,4,1.0,0.7180073971784436,2,0.4924643414943574,0.8236746253218212
Low,57.79719718117049,0.8006236564128154,1.0,Omnivore,1,0.9040563581739911,0.5356012051935921,1,0.5741798175577875,0.7106123872609924
Low,26.70333078822224,0.9721565095347499,0.34893855754839265,Omnivore,4,0.11777816510559483,0.3420273988522368,1,0.7044235774934516,0.4144918030133654
Low,39.00477742900971,0.21475939996247206,1.0,Omnivore,4,0.696338987547845,0.3802407040412059,1,0.6082096395931501,0.5266015864327804
Medium,56.25945562241278,0.18691196479057592,1.0,Vegan,4,0.7754364398452119,0.5026906881337533,2,0.7430966222021548,0.803825401389591
Medium,42.554360245730976,0.45493507179744463,0.8482548167751431,Omnivore,3,0.5563097007396743,0.6226468387433179,2,0.7229517398911394,0.5117088397570618
Low,53.79864344045338,0.7477652771400322,0.37487223867606917,Omnivore,5,0.5805149583833581,0.4775761463255827,1,0.7519598084881862,0.6044862259177853
High,60.48594320525368,0.4816006102352514,1.0,Vegetarian,5,0.5847348312518039,0.7691992467750981,3,1.0,0.7892235258892637
Medium,81.93381906052093,0.11987990869728041,1.0,Omnivore,4,1.0,0.565030059229551,2,0.39651128129841995,0.7308150755336204
Low,55.643191256583165,0.541220628032894,1.0,Vegetarian,3,0.583417722797748,0.22773046552655607,1,0.6123670155535084,0.6498518668072437
Medium,76.08812699359139,1.0,0.4171688238738725,Omnivore,2,0.8553299621424619,0.9943027782366991,2,0.372757125156616,0.7459626298312921
Medium,81.43140243055156,0.49127685540694555,1.0,Vegetarian,4,1.0,0.537674650023793,2,0.48266354596467603,0.7938866705721289
Low,81.51464504028114,0.5201345541831004,0.5455242356697627,Omnivore,4,1.0,0.6464721166166245,1,0.3533935410368856,0.7206214228875081
Low,64.27131890078353,0.9689017171140379,0.543742770700806,Omnivore,2,0.3957039755399018,0.2873692856593449,1,0.7318254951217362,0.5281372211094459
High,30.550662782415387,0.8946076116267283,0.7298881487813345,Omnivore,5,0.18862453953844227,0.8507630521284637,3,1.0,0.5191257808558635
Medium,66.91237298105798,0.7191719228421252,0.599542637822173,Vegetarian,4,0.5046563800895687,0.09839801509758583,2,0.9378962942184533,0.6252841139025194
Medium,75.7259983172031,0.6627020053710676,1.0,Vegetarian,4,0.8462723290943018,0.9258378090288766,2,0.47364137212661866,0.7074191951951313
Medium,58.78399341846874,0.9746092108632416,0.9019904147914253,Vegan,5,0.4914118442422073,0.0,2,1.0,0.6591692517986195
Low,86.16875805112872,0.7888664844255561,0.5389933882689062,Omnivore,1,0.785278138168457,0.6046300620466084,1,0.208300032926377,0.8052226315419855
Low,72.89750342201187,0.9950327516051695,1.0,Omnivore,5,0.6820834011664783,0.829555915125085,1,0.4017033393852275,0.6569940083450133
Medium,68.52410065729177,0.6993788657332212,1.0,Vegetarian,2,0.7594297164987325,1.0,2,0.6704255978588465,0.8139705554634709
Low,76.29571066808757,0.8351158248403959,0.542588458526271,Vegetarian,5,0.7107393404323229,0.5641630999750354,1,0.37607104709941247,0.7470144097693039
Low,65.00054776891317,0.2904109221422465,0.9220647597874532,Omnivore,5,0.8436762902761665,0.37952391277337494,1,0.6885042146461922,0.6329611799071954
High,22.607842509069698,0.5034786980138191,0.4549045844820426,Omnivore,4,0.007962721080491397,0.2494956449994881,3,0.9820366644141684,0.3158975275459551
High,52.51291572794452,0.9829846495760293,0.7221762504133266,Omnivore,3,0.22911930533230568,0.9329782199469361,3,1.0,0.6293318702777274
Medium,77.9575204087178,0.3967062891698996,0.6767877811225589,Vegetarian,2,0.6490906728836575,0.7005764112589901,2,0.36090927634425873,0.718408742825539
High,47.88612989852556,0.7627700708015317,0.5935612858403231,Vegetarian,3,0.275508487999536,0.5523000220176238,3,1.0,0.5675344335990555
Low,56.64791242144591,0.24935231090670196,0.31215138537378684,Omnivore,5,0.5776250319003186,0.2800779658121022,1,0.7535380945461777,0.5759592481537081
High,44.32745529145393,1.0,1.0,Omnivore,3,0.3633265525572624,0.6421398108524757,3,0.9518240506892786,0.5837890579759103
Low,86.75883892802653,0.21050135122769,1.0,Vegetarian,3,0.607842312727777,0.25309488147376363,1,0.31753629748545187,0.7067041792072402
High,85.22238686127022,1.0,0.9268175248002364,Vegetarian,5,0.5887054548511932,1.0,3,0.691388837496975,0.6945318556433767
High,46.74196657288906,0.8027298005076018,0.6174251823647721,Omnivore,5,0.5039992697184507,0.7881887438801953,3,1.0,0.48103479555395223
Medium,62.20947000583626,0.18690953482707728,0.8504219088532089,Omnivore,4,0.8022532133018976,1.0,2,0.9002031354240976,0.7621551661577418
High,49.792589283539286,0.7420353855061181,0.6290689451335004,Vegan,5,0.3567794852515321,0.812971027203733,3,1.0,0.7558998139718104
Medium,69.22416958547068,0.28249883684734045,0.7060287754210266,Omnivore,5,0.6747736436727516,0.4150067206520456,2,0.8736440850190744,0.6813407490807396
Low,67.64524615863493,0.3234673347304966,0.8021727725151877,Omnivore,5,0.5480266369659341,1.0,1,0.7672450874558584,0.6566566771660378
Medium,72.17558357419898,0.4515280415968803,0.6368609515421857,Omnivore,2,0.6914164697400025,0.9405231949792421,2,0.3311513138479586,0.6340831616628038
Medium,64.97877671561831,0.06331924697232094,0.504943783544877,Omnivore,3,1.0,0.3240684195409085,2,0.8931912113929371,0.6818587598891659
Low,100.0,1.0,1.0,Vegan,5,1.0,0.895872684120675,1,0.4133603275595422,1.0
Medium,44.581143524838915,0.031534628131224096,1.0,Omnivore,4,0.3565466767674707,0.0,2,0.8341255739921669,0.4854424310412353
High,34.34094968345229,0.8624968731842784,0.32453292614315377,Omnivore,5,0.24113832732234658,0.0,3,1.0,0.42104146607797893
Low,54.10364698947808,0.37122764775743056,0.30325257555160906,Omnivore,3,0.6274627365096443,0.697152253041214,1,0.5680989970856066,0.5794415516666432
Medium,36.48017601659599,0.6460102909466989,0.4292126252370161,Omnivore,1,0.3889086061230918,0.7944837571553984,2,0.6925711936818061,0.5874898962678256
High,37.61306594991011,0.5562482530875839,1.0,Omnivore,5,0.5123778535247366,0.5608888617950887,3,1.0,0.5306199234509574
High,44.980280187030495,0.8737506462588587,1.0,Omnivore,2,0.4248300990372029,0.39144088204502747,3,0.958991775123682,0.5258614423689137
High,46.16716641852559,0.9292355094683609,0.8267018856212245,Omnivore,2,0.4252560278466392,0.07480513393080468,3,1.0,0.4359067853534285
Medium,45.6807284707491,0.6905526403996448,1.0,Omnivore,3,0.5451227480624634,0.5739798396932175,2,0.7667492988122877,0.5037338451447918
High,67.77328425668118,0.3139619813581523,0.7841455381206506,Omnivore,5,0.726166860870941,0.0,3,0.9608479622703401,0.5404688086969868
Medium,52.407164083719955,0.6568932346546846,1.0,Omnivore,1,0.4276656436941647,0.5912144026046977,2,0.7246601562545891,0.4952415752880032
Low,57.3072813769128,0.2799875494540973,0.5828384520038481,Vegan,2,0.5978512082603388,0.20706929939769314,1,0.6459734400548462,0.6469797165687204
Medium,73.41349161751403,0.12880137056933352,0.6073732076035092,Omnivore,5,0.7594462601326571,0.8383722812765305,2,0.42344387938802064,0.6512513512998623
Medium,48.505162128278606,0.41483067188895395,0.880574011788404,Vegan,4,0.0,0.645336902420784,2,0.7907786422914349,0.7377151654833979
Low,56.03181151942917,0.43354310280380104,0.6583130255475063,Omnivore,5,0.5488982031466518,0.2972965550899699,1,0.8224940859264286,0.5304960704357979
Medium,65.48639979139374,0.4671741333524465,0.9537975409332264,Vegetarian,3,0.8354837081856823,0.8258665539934007,2,0.7870472138299003,0.7175914402447409
Medium,30.87648299069668,0.7048241653907162,0.45937793325616916,Omnivore,3,0.22104820507353032,0.0,2,0.8522359364169816,0.4414397695511757
Low,24.226417365741263,0.3088438091424591,0.7390503436666974,Omnivore,4,0.09345761419738757,0.1588183731224578,1,0.7499419411562317,0.3771351035360951
Medium,65.19175993196583,0.3152805131039226,0.6017050602448655,Vegetarian,4,0.5038817702364351,0.7805816145758112,2,0.857395397537287,0.6904795774536313
Medium,67.38021420850347,0.060552256241260594,0.3878731398614073,Vegetarian,4,0.7395204270559874,0.748013427787312,2,0.8077850323866539,0.6973992082136167
Medium,90.96330202278617,0.7868212159922959,1.0,Vegetarian,3,0.7122879733704279,0.5913190408213469,2,0.38024234713421695,0.7838757311312297
Low,62.37142313800215,0.567826091399584,1.0,Vegetarian,5,0.6713247039812456,0.7843932735452799,1,0.7302030432325181,0.7391715276523642
Low,72.29609575887142,0.44942511269378804,1.0,Vegetarian,1,0.7547505783815112,0.8782282210248811,1,0.1624391750767158,0.7986559380799904
Medium,57.06791034621039,0.7051889789173547,1.0,Vegan,1,0.3039058250825531,0.12355572710183954,2,0.7826971304614296,0.6909679020270033
High,64.4584083237763,0.7373577492268772,1.0,Omnivore,3,0.8336891687197455,0.503564204200159,3,0.9497777050016346,0.6388985813407132
Low,85.00885262624301,0.5692449458705396,0.9840473332060458,Omnivore,3,1.0,0.7669208350767531,1,0.22739881244095056,0.7467969819508539
Medium,28.140107728115467,0.5113245436611265,0.2666429549931,Omnivore,4,0.33168183989720346,0.28872555526565913,2,0.8753508424065551,0.44598666792002617
Low,66.20424386357521,0.6363481252670565,0.5202565302671461,Omnivore,5,0.6697692304500185,0.7951340129768281,1,0.7254602144746232,0.5721092208525721
Medium,92.03380095116049,0.7600026045745994,0.7496386934283386,Vegetarian,3,0.8201701352311199,0.6429762596630519,2,0.4480137257575808,0.9103335407753259
High,64.23051328814014,0.4889578191407172,1.0,Omnivore,3,0.5498329030501933,1.0,3,0.9060889994333309,0.6684909584805854
Medium,84.75859444849272,0.24074336339115324,0.5967624968455387,Omnivore,1,0.7609792938156351,0.5881368486884789,2,0.2870748576796405,0.6877451147780906
Low,50.561817757058364,0.15663418119051875,1.0,Omnivore,5,0.6542812711401099,0.08114631102623315,1,0.6996701188796509,0.5285400168132205
Medium,59.5192875875443,0.6393908859030016,0.8203821709891387,Omnivore,1,0.7097490734782763,0.4279844065366657,2,0.7196373638201963,0.5953190626765509
Low,60.50287053582881,0.872873285767126,1.0,Omnivore,5,0.21082540453101667,0.580430873897638,1,0.8275890007082045,0.5357802151750736
Medium,26.736133809618437,0.4094962783455518,0.2439251557286587,Omnivore,4,0.0,0.0,2,0.8361965111388299,0.4236242522356752
Medium,42.477332582247,0.16952016032946238,0.4814202116871459,Omnivore,5,0.2591056712291906,0.2617988079395275,2,0.8871657840847356,0.4285573187683555
Low,43.54687380924021,0.7566024982938546,1.0,Vegetarian,4,0.34247864275074236,0.0,1,0.6910602729072636,0.5691759482287586
Low,72.3309911704879,0.9324894744194485,0.6278049027821708,Omnivore,3,0.8095335852060175,0.813704181151959,1,0.2658654323645131,0.6070339407842908
Medium,73.08229658526082,0.9805824431209665,0.6619332033174502,Vegetarian,1,0.6229656289987996,0.5557766246534976,2,0.2932376137371736,0.7669723703890702
High,64.860546640598,0.8068314289137333,0.5219001180440694,Omnivore,5,0.7323966872660171,0.0,3,1.0,0.5933377997379256
High,72.36154345283559,1.0,0.49088138257100744,Vegan,5,1.0,0.9144245633408995,3,0.714632043969989,0.9310234870267764
Low,57.53775880917339,0.015414958448407678,0.520946435499865,Omnivore,2,0.45887687065745375,0.12830781431054133,1,0.5708506630828062,0.41152565500723925
Medium,78.02897504309314,0.20723580176952353,1.0,Vegan,1,0.5972790040673521,1.0,2,0.3555676334696146,0.846867778696261
Medium,60.131826639481076,0.09257606705209875,0.7560268667009689,Vegan,3,0.3759108927807667,0.29606838480307296,2,0.7830556132511666,0.6780908788639368
Medium,60.867960711401345,0.712604684254733,0.8580956398949053,Vegetarian,4,0.40174379359251666,0.33373067550415003,2,0.849636932548179,0.5897512556534487
Medium,56.01611050106383,0.06958178354357902,0.40244538127134344,Omnivore,3,0.6710324647087103,0.514924744916659,2,0.8732907531282735,0.5049105107227
High,70.26675716454642,0.7963643724663071,1.0,Vegetarian,3,0.8543819939856583,0.0,3,0.5403250539231126,0.6931199394153181
High,53.6820177508063,0.6727068986362892,1.0,Omnivore,4,0.6621607544636676,0.5794759957005258,3,1.0,0.6888072267064955
Medium,74.64647065797102,0.4107035235582409,0.3948222644325305,Vegan,4,0.536617991532183,0.8324158465593352,2,0.49662827534564746,0.8753124172188719
Medium,43.0177628892599,0.8704051699420998,0.5986039089566044,Vegetarian,1,0.35348783176820603,0.630364265323097,2,0.7649319113077513,0.6224157772535011
Medium,43.51625617907709,0.170433201879996,0.28635188286653324,Vegan,2,0.359087158791645,0.44685439338153143,2,0.6126510170628904,0.7310362165687629
Low,70.31140132689757,0.4524627843992398,1.0,Vegetarian,5,1.0,0.6132518221693569,1,0.3791243339116385,0.9115564938613349
Medium,58.67183678125481,0.7741715000229291,1.0,Omnivore,5,0.6459168204115986,0.03369451539907725,2,0.8999619461132907,0.4998560649730828
Medium,53.19162875770307,0.030422314393284244,1.0,Omnivore,1,0.55400172317056,0.591209484575278,2,0.6149736121584463,0.5372710743844797
Medium,73.3508659871319,0.7729504002463686,0.6031582888887741,Omnivore,3,0.7891044989276392,0.5987115350404019,2,0.34331613268017336,0.640040895877499
Low,50.89107878870873,0.8163977263615706,0.7107512770713426,Omnivore,5,0.42302224755947954,0.29597900427562307,1,0.7893797417682445,0.44519792783056694
Low,56.996981185494455,0.9322678388381672,0.46947278309187,Vegetarian,2,0.6505764271768335,0.16510301022113327,1,0.6205955640348573,0.6766967972930664
High,80.9884192510674,1.0,0.7761770307294564,Vegan,5,0.7141946857995529,0.8188693811532337,3,0.7170810408103516,0.8713532283640534
Low,83.08713518715976,0.41938411683368515,0.9376789275026828,Vegetarian,3,1.0,0.5956029870443321,1,0.19804579096676256,0.8569408435213733
Medium,83.5859731540549,0.6863641413229525,0.47126065560886343,Vegetarian,4,0.6615850071047362,0.13192088832900184,2,0.6473514571947596,0.7542985671277143
Low,55.76811334599133,0.07729349315046585,0.9937109774073418,Vegetarian,3,0.5954699696059712,0.39782225056611126,1,0.5873488827955552,0.7363894185424026
Low,78.46054357476706,0.3578700035480086,0.9355960782449105,Vegetarian,2,0.9186892036636087,0.4227116026261333,1,0.24382694945579753,0.819082995835318
Low,45.765707583469826,0.09422237874750738,1.0,Omnivore,4,0.44165865487804923,0.6441752536121736,1,0.7164823472835762,0.5254477980766978
Low,46.39645687916909,0.31518729015396385,0.5037627855870427,Omnivore,2,0.4893650942578638,0.33689854959209814,1,0.6302338869833304,0.4988652890179305
High,24.743162210634587,1.0,1.0,Omnivore,5,0.20719619062567526,0.12737551479983877,3,1.0,0.35417773337368574
Low,85.09302302847794,0.4471668396742926,1.0,Omnivore,3,0.6683092547176666,0.8017279309965726,1,0.34071210024028964,0.6863479598879082
High,47.04030226385883,0.7618981030014265,1.0,Omnivore,3,0.8172046321958444,0.8944793996817149,3,0.9902201911673176,0.6648752604102766
Medium,58.1020113037941,0.4333808481149408,1.0,Vegan,3,0.5093045684855444,0.6060006828042397,2,0.8132358243280351,0.7041363834215111
Medium,46.34513487107574,0.4589165242987353,1.0,Omnivore,3,0.2023210465349347,0.14931903735193536,2,0.7919263436466683,0.5059473334947001
Medium,70.42747872495211,1.0,0.9258816361693469,Vegetarian,4,0.5596613111902723,0.1198121996702578,2,0.500334961053741,0.6660805496283327
Medium,54.3654950892399,0.29615446826385794,0.46198133835881,Vegetarian,4,0.80940431866938,0.8521150919528258,2,0.8320678326105669,0.7369209801678211
Medium,40.427746643505756,0.6273244695231713,0.8791794183652462,Omnivore,2,0.8597032181869044,0.0,2,0.6858668222347615,0.5020344072231923
Low,66.62493846279091,0.42006266957944705,1.0,Vegetarian,5,0.7405906385064729,0.548710941900899,1,0.7548935433856394,0.8065030610255239
Medium,38.49404962784657,0.06114618104768621,1.0,Omnivore,1,0.5428873810491635,1.0,2,0.6960856280009886,0.6109964372048545
High,47.43891412026763,0.6893308316242359,0.77849588685766,Omnivore,5,0.8436819433314547,0.0,3,1.0,0.606742009058462
High,28.396663280608788,1.0,0.41335233142810035,Omnivore,4,0.09177773364497616,0.0,3,1.0,0.36972814661241754
High,38.6406283170359,0.2987529686816884,0.8768756633246862,Vegan,2,0.46487427285648153,0.3817719795646693,3,0.7947715247542998,0.7892690897666003
Medium,62.67793754580717,0.06959184739630897,1.0,Omnivore,2,0.992111853186139,0.28058823223000856,2,0.7624301103481019,0.6930146428723944
Medium,30.53195942845613,0.15363152039326666,0.3298737054113746,Omnivore,1,0.4731679318488916,0.21972750906465988,2,0.7433214342453555,0.5438135941575426
Medium,37.78281413067427,0.7644001113893061,0.514911989188974,Omnivore,1,0.3233684393983008,0.4423928244067061,2,0.7373760006916202,0.5426668538227406
Medium,59.96446625800788,0.723995384144738,0.8417032850627205,Omnivore,5,0.6719876433601747,0.6704791807422041,2,0.940043764172987,0.5902260813434655
Low,51.84589655860421,0.5650177689061106,0.4294441176750259,Vegan,5,0.890989604338307,0.7644446348085068,1,0.7712137822099421,0.868642733516579
Medium,89.88054953938963,0.5682264040926324,0.4716233872168865,Vegetarian,1,0.9290839455534667,0.2745315047449629,2,0.3442564312923572,0.8597392288285498
Low,87.50844819036563,0.988325814702622,0.7745253633930788,Omnivore,5,0.690341805027618,1.0,1,0.4113880949733477,0.7375298733874922
Medium,46.9811630587327,0.7666978238334825,1.0,Vegan,5,0.592121036353472,0.795500271850796,2,0.9778395155817486,0.7425422235351096
High,68.35706427605223,1.0,0.38525372070397595,Vegetarian,2,0.5028820004683134,0.8233542690741016,3,0.9843568165122341,0.7240721927792261
Low,71.23923835319177,0.9132623013506542,0.7851252507828763,Omnivore,4,0.565533663402865,0.25417770090976644,1,0.3798147641059874,0.6218300171822134
Low,51.03781712963395,0.642717154745558,1.0,Omnivore,5,0.41732990998894737,0.0704429964321141,1,0.7834694393565259,0.41966665856541985
Low,37.56687695252694,0.45801462431594586,1.0,Omnivore,1,0.3719468128161788,0.402038076501972,1,0.5816534943569761,0.4412690976251001
High,59.81552326037914,1.0,1.0,Omnivore,5,0.42904785797514966,0.6916181022651021,3,1.0,0.5035474207034327
Medium,57.40731487778834,0.9260074176032507,0.7090059549976834,Omnivore,5,0.6562026714959766,0.8310319546148386,2,0.8469456586470198,0.6529113575024185
Medium,53.463532545440714,0.023806043258343013,1.0,Omnivore,1,0.46517061416940764,0.3012643231369251,2,0.64836916890714,0.6080576821321546
High,66.63475302246728,0.2515548732662513,0.3685927383932001,Omnivore,5,0.8300999659559017,0.7432706880812167,3,1.0,0.5721752888636434
High,48.73905589491602,1.0,0.9896122174731364,Vegetarian,5,0.49557241205108427,0.5778219228747818,3,1.0,0.664785536875986
Medium,42.72003678631285,0.27716061384419477,0.8563462185651771,Vegetarian,1,0.3963945181730286,0.15967204162920465,2,0.7145472077425947,0.5488739127790383
Medium,61.63624455524748,0.8733694396494187,0.5577030803623897,Omnivore,4,0.593483135163855,0.381431657729418,2,0.8369633111840917,0.6655288083277664
Medium,65.78955138853314,0.3887951189614026,0.8362662576223145,Vegetarian,3,0.9498730760681464,0.06925498310474926,2,0.8112963624766176,0.7393714643581459
Medium,42.350325841499206,0.1191000576093556,0.34130536696799163,Omnivore,2,0.5999916669232882,0.033732144101695005,2,0.657213449847663,0.5508284346262484
Low,73.92135916486622,0.18044320020933427,1.0,Vegetarian,3,0.4534564063405119,0.427011578977587,1,0.21723504562198814,0.7508601574483923
High,33.44278293335883,0.3565078990804565,0.5251120002124421,Omnivore,5,0.2345599098294585,0.43526445456999313,3,1.0,0.46612376658814
Medium,51.32829811926535,0.24989319486736472,0.8826859610620432,Vegetarian,4,0.5325564413184879,1.0,2,0.8482446734175298,0.6190542481315129
Low,56.12987195703587,0.4885183539308262,0.4394256460724416,Vegan,1,0.12606209138635477,0.6131840648010607,1,0.5504915223685153,0.6928463959246821
Medium,50.45664431022105,0.7014979005657835,0.4584480661823124,Vegetarian,4,0.5903244490286349,0.04709337525122026,2,0.9148458687626795,0.6342070456113459
Low,51.524092896732114,0.9863985764852999,1.0,Vegan,5,0.3455357551123427,0.28615500133359606,1,0.8501165394500958,0.6420793562688321
Low,88.06611723462171,0.541506743289171,1.0,Omnivore,1,0.7337012459513028,1.0,1,0.21558024567788456,0.6284731101753755
Medium,47.23673866441652,0.5181849423431099,1.0,Vegetarian,3,0.3319882756036579,0.15270498724714177,2,0.9528961426443451,0.5070204698190676
Low,96.61832583707871,0.6218157013832556,0.7789427943974376,Vegetarian,4,1.0,1.0,1,0.2743408861162831,0.9597840092764179
Medium,66.55690169596578,0.5394343554879361,0.49734738509964926,Omnivore,2,0.7874080599947649,0.7599989398464638,2,0.7336089347578112,0.6081988045396545
Medium,61.38082705967988,0.5177406571044623,0.8099725987772304,Vegetarian,5,0.5236899611772072,0.4360490793888242,2,0.8827227827061018,0.8114318988003988
Low,67.14360530081498,0.008774755061917827,0.8303863087314183,Vegetarian,5,0.5589724897652195,0.0,1,0.6039837228055437,0.7176664468583523
High,97.94891623877928,0.30172482210984075,0.6646910949518843,Omnivore,5,1.0,1.0,3,0.6443128397991276,0.8416905845252808
Low,45.09610494102828,0.09766631812612292,0.9587000942865516,Omnivore,3,0.7700870135627788,0.5689055349764227,1,0.6049360544164071,0.5237889671405056
Medium,43.19373121595416,0.10155660342917883,0.5777461905185048,Omnivore,3,0.38055016602397823,0.5017337534373482,2,0.8178533695009635,0.582986277007023
Medium,48.677007051421185,0.7048969089547961,0.4297502661876232,Omnivore,2,0.11417588639037374,1.0,2,0.8161803036256271,0.4950136387822231
Low,60.48214720446841,0.20491603251599977,0.6343941305656304,Omnivore,2,0.6384721380519998,0.22319823106524173,1,0.5928302444940126,0.4794002422052993
Low,34.113433127811405,0.8947141047556129,0.7342258652740722,Omnivore,4,0.3957559775356516,0.7407549465926324,1,0.7530288080680544,0.5342979649102995
Medium,60.33508858977912,0.9286063295770195,1.0,Omnivore,1,0.67718818413135,0.4468412834525351,2,0.7148844938319292,0.6234433065618912
High,85.40320700120508,1.0,0.9089069210635099,Vegan,4,0.8464567589850691,0.7882383753947491,3,0.6598542035949782,0.8790118138708818
Low,62.27111085937166,0.9390813048870201,0.8369505441252318,Vegetarian,1,0.6500104651609041,0.6125671637373871,1,0.6130152131803784,0.6857483426689871
Medium,55.609718115370846,0.27188832191852463,0.4169945265196026,Omnivore,1,0.3600185808788524,0.7137934894825178,2,0.6758631230975609,0.5456871505704203
Medium,50.72759326974559,0.5097768447035125,1.0,Vegan,4,0.7254692014678941,0.20837528709307582,2,0.8500059415950381,0.7571615552984933
High,73.47767556827347,0.47545497019694105,1.0,Vegetarian,3,0.6300316866258285,1.0,3,0.5546349034905207,0.8103888198242432
Medium,47.61250840142929,0.8062096551724331,0.9214891324251502,Omnivore,1,0.4245671601144705,0.06510140417379001,2,0.7411630297028781,0.47290516483037925
Medium,87.69593880898871,0.9884317051440961,0.4561111029789683,Vegetarian,4,0.9556209098033606,0.6237730576035778,2,0.5438859570959357,0.9111647066951695
Medium,89.00039621571536,0.9512888392975148,0.9820761969819028,Vegetarian,2,0.9323890474909,1.0,2,0.26431241766136404,0.8802691230560784
Medium,63.85126197992681,0.4333669486968349,0.9484752819882476,Omnivore,1,0.9537732306917861,0.886039789942255,2,0.7073447456076608,0.6240679859283695
High,59.827273678850325,0.958673884686781,1.0,Omnivore,2,0.8601745799989214,0.3915545455436632,3,0.9589817216325152,0.6885706105318196
Low,75.45989712362339,0.19757916957626945,1.0,Vegetarian,2,0.6559378857451336,0.8329253446503531,1,0.21221366968031644,0.7233533359087538
Medium,76.42197753340989,0.1402447706192507,1.0,Vegetarian,2,1.0,0.31363394329912814,2,0.30893896183382763,0.8412844977151395
High,47.91012403410877,0.9532364143087608,0.3033816121966574,Vegetarian,5,0.6689686927345013,0.15607686402898527,3,0.9905553693888274,0.6623018393262727
High,52.10167300294947,0.6253552743286837,1.0,Omnivore,5,0.5470269196337488,0.3249414725083877,3,0.9716850816871174,0.5052398786279849
High,40.16478847975057,1.0,0.813485189550752,Omnivore,5,0.2690687325566642,0.7626291651808067,3,0.9959907951346544,0.48951500327406283
Medium,66.13597407501085,0.0972542158555324,1.0,Vegetarian,4,0.6484622211448815,0.0,2,0.8604542283311791,0.6847795286284377
Medium,69.99941825185336,0.8556276815352337,0.7571899409451204,Vegan,3,0.3166931573039731,0.8474874805221284,2,0.7636839696791663,0.8016636576870233
Medium,39.75111543208091,0.4799830655289917,0.5184250483949944,Omnivore,5,0.5061446756431214,0.21259106741691874,2,0.963988353286924,0.5497120277170926
Medium,53.17201642775761,0.827150195503877,0.7291042276225961,Vegetarian,2,0.2679180591696045,0.6294495867911751,2,0.7641585073735475,0.6445107543393751
Low,39.79119123627976,0.8171272821701449,0.34583046915022575,Vegetarian,5,0.49552603183765653,0.5067481922277376,1,0.7710209974784061,0.629356043319312
Medium,46.51800284634243,0.9159920013620774,0.5896561529850182,Omnivore,4,0.36937264490694954,0.37959924307397674,2,0.9787681911092945,0.5100403723689972
Medium,68.26525590339449,0.2978500112861028,1.0,Vegetarian,4,0.7081689181697025,0.34222090878134004,2,0.8438775060821785,0.7029567060920718
Low,48.99776899982581,0.9497993534620031,0.28293933126001053,Omnivore,4,0.36678313447234334,0.20824892835753137,1,0.6767303344422295,0.5185500401483532
Medium,55.48761065951552,0.15166696035762028,0.4283161001221821,Vegan,2,0.4105266391125335,0.368324802508087,2,0.7212241307936126,0.7508900119683273
Medium,35.59032408079027,0.08196877759349053,0.3030677800534369,Omnivore,1,0.5027386622445327,0.0,2,0.7061884068491288,0.4845637424001975
High,62.80485314586996,0.6316155173723492,0.7170998084295779,Omnivore,5,0.5029771934763891,0.5502053180319165,3,1.0,0.6963377844220692
Low,59.335900202330265,0.8283229686418426,1.0,Omnivore,5,0.4129777087872304,0.28273343960889674,1,0.8739857758563199,0.5485416058222308
Low,49.06561124950257,0.4734211306334456,0.41868598645889554,Omnivore,1,0.280647408981974,0.26998085997765353,1,0.48490434038720087,0.5427835687964079
Medium,57.164785534762885,0.8292866775305141,0.4313065772730746,Omnivore,5,0.7426310158454669,0.41460052125393193,2,0.8275250335415996,0.5717719877961187
Low,62.70442320755166,0.7296868057943052,1.0,Vegan,4,0.403176411551313,0.7476215561494226,1,0.8101199962883929,0.7813281388317496
Medium,47.776977766359835,0.20942838613893355,1.0,Omnivore,2,0.4788537946673145,0.7696048004802916,2,0.6784563841976704,0.4612581797875396
Medium,37.85606183997331,0.9488816248994638,0.221520679196421,Vegan,1,0.8210664539844514,0.727292747189664,2,0.6961729710499824,0.8171181159287902
Low,87.08361649030223,0.16078116862940342,1.0,Vegetarian,1,0.733167747231073,0.8488860217546339,1,0.09099079598294431,0.7750483452128277
Medium,50.50090942934591,0.8982797075437949,0.9079702486231591,Omnivore,4,0.34875795052196945,0.30393389843889296,2,0.8411643336735442,0.46580262786601767
Medium,58.54859845219666,0.304443448990374,1.0,Omnivore,4,0.8028019011325578,0.0955535784399415,2,0.8754075977430398,0.5979488055919858
Medium,75.16259602530471,0.6001480831643993,0.8703154349224457,Vegetarian,4,0.514235203112641,1.0,2,0.4367717092267454,0.7330382634312771
High,100.0,0.7223518727007344,1.0,Omnivore,4,1.0,1.0,3,0.5627566268035965,0.7228256923619297
High,41.33270325166701,0.3718345569169162,0.25051053496929826,Omnivore,3,0.33713154814421337,0.612026916140878,3,0.9234936798172253,0.5010931992805431
Medium,66.74740820589764,0.35814686640169313,0.5681086274332939,Omnivore,2,0.8480520451629476,0.7536474120763282,2,0.6904824834768648,0.8558021350641003
Medium,49.386715720588406,0.19293443629279527,0.643479565576557,Omnivore,4,0.581564680532245,0.3053564169726922,2,0.8173121876924043,0.5667131446954394
Medium,51.91814543134934,0.20388647546052385,0.7093686687224499,Vegetarian,3,0.6341258168769708,0.47178876856240737,2,0.7226695683970903,0.6917876380423018
High,49.19681968489815,0.38705683602638036,1.0,Omnivore,5,0.40341639022302905,0.6861620152715853,3,1.0,0.491137978129313
Medium,43.115175482991226,0.48901738034659425,0.7755802414922149,Omnivore,4,0.3527628678171347,0.0,2,0.8403806438374657,0.3946949456914994
Medium,59.38062957323008,0.7979313675113155,0.3420141433865443,Omnivore,2,0.48954575065289263,0.3111884474730455,2,0.8730426639449684,0.5009970985871933
High,37.88245969427646,0.7689700337612411,0.5972752618970442,Omnivore,4,0.6446216790578099,0.3188620713087613,3,1.0,0.5505910985992553
Low,74.20211349767806,0.9932065885508419,0.7875009798574601,Omnivore,2,0.743190185843437,0.041413626007514526,1,0.25795667340010137,0.5401380991916419
High,60.82504404050062,0.8365444885767241,1.0,Omnivore,5,0.9980027003896583,0.06062129688234025,3,1.0,0.6987741397103432
Low,66.3365245935216,0.6893401156326044,0.9308797139887162,Vegetarian,5,0.7096783919974994,0.35534317421083206,1,0.7530143779488087,0.652051573445497
Medium,53.00717082080666,0.6676072297270031,0.9006869252629721,Omnivore,1,0.49312795305290763,0.46752831742420453,2,0.7231785899567466,0.591768787049535
Medium,54.49194098682378,0.44945919318374117,0.9857127361853897,Omnivore,4,0.5016728962641613,0.9071926337735736,2,0.802972714167497,0.6134157111942857
High,64.31345857750992,0.8893388222000829,1.0,Omnivore,4,0.5037029685015507,0.40178965309968606,3,1.0,0.6447563103126145
High,42.53924051391262,0.2697077464689612,0.8477472727720523,Omnivore,5,0.47024996833807764,0.9188323588624681,3,1.0,0.5162935984659911
Medium,54.63014348379996,0.8598514719156631,0.5103450685529354,Omnivore,3,0.5286119447412597,0.23706999293489636,2,0.8349440059852371,0.6920817587797891
Medium,47.10579729182319,0.7778121434439174,1.0,Omnivore,4,0.3482050273614053,0.35481908058474726,2,0.8857080747261461,0.5088326653901101
Medium,46.641467841134784,0.2452299582316788,0.9653271396163041,Omnivore,4,0.45458678699455785,0.0,2,0.8608805958037079,0.5440684871683814
High,28.352426390615378,0.9680324542540824,0.8836326170500327,Omnivore,2,0.18343509351561393,0.10549819538867342,3,0.9929400621362863,0.4235663082321708
Medium,80.0898988422,0.1126426014000185,1.0,Omnivore,3,0.8582927572364647,0.09648846344555084,2,0.3884137085591517,0.5883877434365918
Medium,49.70191870269347,0.21724657248088042,1.0,Omnivore,5,0.640037919463749,1.0,2,0.958939983863876,0.5889858036276984
Low,77.45064082745326,0.16513723867089594,1.0,Vegetarian,1,0.6490151676195606,0.33190131643731247,1,0.14939748774210768,0.7191501391431915
Medium,76.03188482091439,0.8802269166178947,1.0,Omnivore,3,0.6689253731002603,0.7413021169036268,2,0.43526069431006514,0.6213648078567084
Medium,40.71000440225259,0.7558741511783872,0.3546840218601568,Omnivore,4,0.22629875277500855,0.19616124032212498,2,0.8714645080801784,0.4537394570526002
Medium,43.673831464907316,0.8136360238018306,0.7160965338026044,Omnivore,1,0.6635186284356548,0.2933832477195234,2,0.7768919927779578,0.5935062030402714
Low,98.40754439033526,0.10448169332552884,1.0,Vegetarian,4,0.629098646859402,0.7971313557488429,1,0.24817626135643414,0.8664308027680935
High,86.26388912890715,0.801232726678408,0.7605951748669935,Vegetarian,3,0.730949286771085,1.0,3,0.6004643818867352,0.9022126893222303
Low,59.527222300078435,0.7048361975173365,1.0,Vegetarian,2,0.737110255780533,0.648515774821523,1,0.6457661308407728,0.7290648478940476
Medium,63.860596596260244,0.15540112873901546,1.0,Vegan,1,0.5123634743883112,0.6047088892184568,2,0.5419900046734397,0.7694962668976346
High,50.53730395579217,0.8497907275126246,0.9735695942870849,Omnivore,2,0.37181301177892256,0.5950481122609772,3,0.8603411497824921,0.4483073442063532
Medium,66.4852907130051,0.08411009930968572,1.0,Vegetarian,3,0.799325068812992,0.6653814916117171,2,0.8020552681969128,0.6414612033331063
Low,49.24227148916293,0.18132585610431318,0.5055927308542052,Omnivore,5,0.03890496826099393,0.02750542767903258,1,0.7404359338318736,0.40415654056144107
Medium,29.51469353552423,0.475796814994601,0.8830307193530424,Omnivore,5,0.30097275199702517,0.17150416318728018,2,0.7595958608729337,0.49899598470808093
High,40.17666320233424,0.8535651526811021,0.7522877909175718,Omnivore,3,0.2917355235145525,0.5399471567433388,3,0.8498325234674623,0.49874188639406813
Medium,60.316391217758806,0.1458691269538961,0.6145711385826701,Omnivore,2,0.49719589031697786,0.32406760347933083,2,0.7872143088479686,0.5733519672773445
High,43.033991467461185,0.3852233308309379,0.37575682806043176,Omnivore,3,0.6438095772655437,0.46575772994893244,3,0.9709663179570924,0.5103369969243101
Low,58.990838026296984,0.204446367065663,1.0,Vegetarian,4,0.5858052136362315,0.8223100752968819,1,0.7394063595355327,0.6950264899681583
Medium,43.88008440850705,0.23870080469897847,0.8148559047503806,Omnivore,5,0.20798077905843,0.15749061724498833,2,0.8255269877951612,0.5035809186024118
Medium,48.2646911624701,0.22655384852629123,1.0,Omnivore,1,0.18675953968581088,0.7076797260422611,2,0.642021135742,0.5267777803100281
High,72.79747959619787,0.6951491084976368,0.9093323819825343,Omnivore,3,0.7158638725292678,0.5748705147526348,3,0.6605122616429367,0.6230160982660503
Low,63.71220821460157,0.6537896508367229,0.5385381217270273,Omnivore,3,0.36167426052545687,0.5529080588867841,1,0.6859925965235328,0.5885168126657292
High,59.85503368029979,0.6380317831344697,0.6368239815018242,Omnivore,2,0.8397897819637382,0.7527288881538932,3,0.9180169668985476,0.6690366468071763
Medium,73.18445959605977,0.8759739087498881,0.7474611404538454,Omnivore,1,0.5110748404906529,0.7878506514338547,2,0.3295950984236961,0.6816186381145772
Medium,67.2091289002102,0.7192685059486148,1.0,Omnivore,1,0.6696340568349571,0.0,2,0.6355276345946879,0.5926882901749692
Low,81.69844936877051,0.22652691404907568,0.41412552522523505,Vegetarian,5,0.42794188190578697,0.13035758406271025,1,0.3791766260449566,0.6456373375042056
High,53.102111065272894,0.24884162332074394,1.0,Omnivore,3,0.15195626491091374,0.6020371913253789,3,0.8260569728335507,0.4856679173131981
Low,53.55547532208737,0.8779415639996061,1.0,Omnivore,3,0.4936310544155399,0.40395059585983495,1,0.7206249039579403,0.4776610965804994
Medium,40.48336100412982,0.07983106656287342,1.0,Omnivore,4,1.0,0.0,2,0.8121424731741782,0.5000253068329311
Low,53.5652892394137,0.14833918071971308,0.7444146251167032,Omnivore,3,0.4232512718469046,0.248601477139972,1,0.6296406554936106,0.4944857219431093
High,74.47154841453668,0.3221332755581181,1.0,Omnivore,4,0.8828320828720051,0.11178290906261601,3,0.5527327990511766,0.7043563565638786
Medium,79.499810583932,0.7283363652986538,0.7930982347694874,Omnivore,3,0.6963182133570069,0.6308839305870382,2,0.4958202996634758,0.6827421447675375
Medium,74.40457752130001,0.6823705631583485,0.39831732827488675,Omnivore,4,0.9474145375312312,0.9975135658346221,2,0.43931684630025236,0.7234598947804856
Low,33.08712200175846,0.9869036664352556,0.3897827963805568,Vegetarian,3,0.31253291745285844,0.06124084205729602,1,0.6975441339784315,0.5678231467350121
Medium,76.24717818991101,0.986932396317172,1.0,Vegan,3,0.5131807601149014,0.7091109790021033,2,0.44936725473619404,0.8818255630539286
Medium,32.42222065091894,0.4108431774809097,0.17587579658999467,Omnivore,2,0.27434776367068675,0.2388571754346899,2,0.7245017857058997,0.4131233993677571
High,73.47175986183521,0.6715858409125349,0.9133529347321511,Omnivore,3,0.37844261411667124,1.0,3,0.5874881756533034,0.5923932547545567
High,54.48323210143417,0.4968520342799851,0.3480177494018499,Vegetarian,3,0.3670903051834865,0.8344920121639049,3,0.9857742574083329,0.8254114175092677
Low,70.53799970900783,0.25240692003788134,0.6390865769726177,Omnivore,1,0.7816759724650155,0.11113605703883661,1,0.11974086677841327,0.5639103993465879
Medium,40.013274781581515,0.13808365660200905,0.28815922461979426,Omnivore,3,0.2692026733915499,0.2760259117320153,2,0.7952270092133168,0.4338554352841746
Low,77.5675144905922,0.23228370800960543,1.0,Omnivore,5,0.6886143480385053,0.3806652622968773,1,0.3553387769916032,0.6130414900650044
Medium,38.025378808426666,0.11411475718677855,0.7811976036898391,Vegetarian,5,0.56798538287093,0.1366040983663339,2,0.8812856155527289,0.5533746224670318
Low,49.97317633720233,0.24051204240553692,1.0,Omnivore,5,0.39942453287252533,0.6520538658522161,1,0.7994231608078666,0.4487162284680617
Medium,45.028580583464475,0.3066686303131164,0.9134961024575508,Omnivore,4,0.552739802049256,0.43316839865628093,2,0.9115558945561286,0.5484590072574336
Medium,33.68572720766252,0.9615789710389159,1.0,Omnivore,2,0.21769372885248667,0.5121679838157253,2,0.7762448087264545,0.4307200761209795
Medium,61.417913513827024,0.5784732510018857,0.8169672223295417,Omnivore,2,0.7974951908607304,0.0,2,0.7428468490465734,0.6045258503836038
Medium,87.09133676755442,1.0,1.0,Vegetarian,2,1.0,1.0,2,0.43465024475691155,0.8324118261411663
Medium,100.0,0.4724669478256732,1.0,Vegetarian,4,0.6064086958972921,0.9617593161597632,2,0.4440370267371657,0.8803711530564904
Medium,61.45733680629372,0.45762663258944103,0.7915471134780814,Vegetarian,3,0.41757788564595977,0.9942314035131042,2,0.8112903279198357,0.7032120097006203
Low,76.75021912601284,0.42457865916527915,1.0,Vegetarian,1,0.7204068398186924,0.456341265481506,1,0.08385978929406349,0.7011857537008697
Medium,63.48141956892806,0.18288765089655268,0.9619322335150005,Omnivore,2,0.49788315056521804,0.8518446015729246,2,0.704668888165386,0.5775754198075567
Low,67.48324792152319,0.14316470777757917,1.0,Vegetarian,3,0.846376908287617,0.6499766167697084,1,0.6184622379715525,0.7566291838148842
Medium,54.86777023309142,0.9450791978078319,1.0,Omnivore,5,0.5925501035462797,0.49714579847022283,2,0.8988078802525463,0.6464170301144462
Medium,62.92615388133903,0.9868106817987558,0.5056759300619904,Vegetarian,1,0.44011592510248554,0.3780194903134652,2,0.6660580271640579,0.6225215801736119
Medium,68.06218056909643,0.04490949650873155,0.9904744353631258,Omnivore,5,0.9641313622204246,0.5388064898039836,2,0.9182881230773208,0.6023017495345734
Low,51.32310406685503,0.15034587473176653,0.4562635395156093,Vegan,3,0.7930096622681293,0.13390119750550805,1,0.537888262168479,0.8616920660659126
Medium,58.83758550160518,0.4235240923010226,0.8775084057517968,Omnivore,3,0.3222449067233976,0.3709889923395972,2,0.8704364348991487,0.42900761202723
High,59.12354821503768,0.38633347634440734,0.973052425521489,Vegetarian,5,0.4701115136236007,0.3154662650250675,3,1.0,0.7614330280781
Medium,72.39604975995786,0.46388039362688327,1.0,Vegetarian,1,0.8908382510448635,0.5174492045813692,2,0.31182703884980334,0.6826371303241262
Medium,44.00951742558479,0.12909634985963336,0.2505895652776623,Omnivore,5,0.6258595766458783,0.31222658572222284,2,0.8854774809737125,0.5247733350797831
Medium,59.226866870885225,0.45651175672179023,0.387376728468147,Omnivore,5,0.8730205330179812,0.4465599164151784,2,0.9329971861085912,0.6158384275546548
Low,88.68008203579046,0.37169461616925925,0.5204271065501838,Vegetarian,5,1.0,0.7366516779820093,1,0.3163465009099271,0.8948628035057746
Medium,77.46090228878907,0.4519050557586608,0.7856657977106853,Omnivore,1,0.8582140500060883,0.6402459632880796,2,0.27660418170923695,0.7255298042005573
Medium,80.23768573333058,0.1943126514627476,1.0,Omnivore,4,1.0,0.7010673246136132,2,0.4097604448358157,0.8279792381549131
Low,60.366477602670514,0.4281280507101417,1.0,Vegan,1,1.0,0.4940514829475477,1,0.5600801045306577,0.794179223896924
Low,64.81496345529035,0.9832576109615698,1.0,Vegetarian,5,0.6452325635059836,0.458982613101665,1,0.7649208322657977,0.6182683802163375
Low,75.03354250054389,0.4288330468811903,1.0,Omnivore,2,0.5935136438436387,0.754356763800971,1,0.1675028633144275,0.6966977227992548
Medium,83.40383294296396,0.976429274842435,0.7398791088842723,Vegetarian,2,0.8850190028443532,1.0,2,0.4977662038991882,0.9574637701809257
High,30.7259563067567,1.0,0.24178442578608264,Omnivore,4,0.6259054756676654,0.1553691691612486,3,1.0,0.5632062452758335
Low,40.26838039425232,0.9520584182972106,0.2594949299611117,Vegetarian,4,0.7653199943250761,0.17507035362416484,1,0.6870892044414113,0.6879438322766265
Medium,79.64166152103972,0.8901095122670944,1.0,Vegetarian,3,0.8257297473155261,0.7766488239048541,2,0.48185685175135784,0.8614632410250774
Low,55.846659663467946,0.659596827058815,1.0,Vegetarian,3,0.525443362559943,0.49772078791959906,1,0.6518268366704956,0.5991683818444987
High,49.92418816112884,1.0,0.9482362468167651,Omnivore,3,0.2443759081074885,0.12598027847550114,3,0.9698254905177036,0.4496806546863969
Low,41.18758519506594,0.07564468065734964,0.5456142645209985,Omnivore,1,0.4278418909487347,0.11785442037920216,1,0.629643594433871,0.48138156271310084
Medium,51.67474947683836,0.4628306571988078,0.6382789360024179,Omnivore,3,0.2810423212043161,0.25224806286139645,2,0.800012302075106,0.47961525453349063
Medium,38.96446074864262,0.9892562386150588,1.0,Omnivore,3,0.19523921845338194,0.013667264259025591,2,0.8087948728781426,0.44482677235551543
Medium,91.36641409098715,0.8696001512947322,0.5206368145528708,Vegetarian,4,0.9609087842928342,0.8928779742150974,2,0.4579045503924501,0.8629340326456352
Medium,59.6634592202914,0.9620753780372231,1.0,Omnivore,2,0.34114270456767026,0.7266180289200366,2,0.8036348295035604,0.5379766122004795
Medium,59.13074187355924,0.7796343561334791,0.6052870330761893,Omnivore,1,0.662376761932577,0.2493148463588336,2,0.7350514451090719,0.5181153698712578
Medium,68.82115012751748,0.8748819674421442,0.3831603690501435,Vegetarian,4,0.878002666991494,0.16537688639417097,2,0.9108338696064067,0.7225676154076353
Low,74.43517753899854,0.806529632303191,1.0,Omnivore,1,0.5337485270555363,0.6720950120389254,1,0.09519587725746641,0.5580250996695189
Low,74.18832234831959,0.8605020044172398,0.7018534974199726,Omnivore,1,0.624079715073775,0.6274822958848918,1,0.13025917208068327,0.6312331099528915
Medium,76.10432915861358,0.6231780098395007,1.0,Vegetarian,3,0.4717391896794624,1.0,2,0.4029411640201381,0.7628091598763731
Low,50.53731673813715,0.9242377008141329,0.9603409668088059,Vegan,4,0.6241013189727865,0.6213987420332562,1,0.7158011334825624,0.7550043025231562
Low,55.53199792564708,0.8250389106233617,0.8124468650613506,Vegetarian,3,0.2577838346956386,0.12458585905980896,1,0.6286460444616279,0.6124244028011717
Medium,71.53547483163413,0.9438849656656322,1.0,Vegetarian,5,0.8552704103324578,0.31063741445420645,2,0.5628715043823255,0.7966646684817752
High,52.0891640754057,0.8730091009630523,0.8414841445482719,Omnivore,2,0.5788532339494465,0.5286826426959536,3,0.9601257589349368,0.5477373947091377
Medium,59.923400519591624,0.304579947087249,0.5862538554462188,Omnivore,4,1.0,0.48291929118084204,2,0.9164704810257714,0.6490518910585731
Low,65.98145646637221,0.03562979539013933,1.0,Vegetarian,2,0.9942235189321437,0.5167247601371372,1,0.5887952293205706,0.8191664797837196
Low,71.77777623465565,1.0,0.9480286970510018,Omnivore,3,0.4803494045731231,0.6182121476595941,1,0.3240373222514852,0.5509931030451574
High,33.33478556444698,0.7861203488054969,0.17940120951215546,Vegetarian,5,0.6983639818359939,0.5103955637120181,3,1.0,0.6019940723327906
Low,70.72118474833418,0.39814297114814023,1.0,Omnivore,5,0.6002710185603304,1.0,1,0.4755444581072955,0.6438771005135799
Low,56.49413913222412,0.1491351078475378,0.828114313985434,Omnivore,5,0.4035732308420006,0.8696134408519296,1,0.6981755296607931,0.5797706081561232
Medium,70.61186566296571,0.9295231655007546,1.0,Vegetarian,3,0.6045461251897569,0.28408123385793865,2,0.42579644104246916,0.6630779647255294
Medium,71.65397538532243,0.9365201944475788,1.0,Vegetarian,2,0.658923213839893,0.4367396041934428,2,0.4420834084369886,0.7473746663574691
Medium,84.11872591678735,0.9145079681305315,0.8655602863190253,Vegetarian,4,1.0,0.0,2,0.4113763404111498,0.7001789728289415
Low,80.30180471431805,0.7450826919667862,0.9091690200228212,Vegan,1,0.2399814807406745,0.7324641899086688,1,0.17053324943390888,0.8043438798481758
Low,80.19857493915444,0.4660153875918759,0.8167472623713741,Vegan,2,1.0,0.5107962968989521,1,0.20170081344827182,0.8845155877877371
High,81.65505478749358,0.6040702847802569,0.8577120492455135,Vegan,4,0.9824502636116066,0.6746393657062307,3,0.5902118465621976,1.0
Low,64.37068477223919,0.008554770118170185,1.0,Vegetarian,4,0.6772684520594244,0.28955770915501,1,0.7033124539456487,0.7387584390516047
Medium,60.4827763055526,0.8336075586882403,1.0,Vegetarian,1,0.4850631740399175,0.2539772785049239,2,0.758016892621506,0.6496879593992704
Medium,73.09225624767501,0.18743269749364247,0.49198695755395305,Vegetarian,4,0.7124037450645978,0.1469922541993901,2,0.4335315439531979,0.701303023258316
Medium,70.98121427149533,0.7307549980407676,0.9652138528975726,Omnivore,1,0.8800726477858902,0.4957475643666303,2,0.3264336057623224,0.6417917225099836
Medium,55.3640064489261,0.5040749468400884,1.0,Omnivore,1,0.7460369896935001,0.6320463912745133,2,0.6824940592864679,0.489812017748739
Low,66.07235113212403,0.5266893589263512,0.9259124568931059,Omnivore,5,0.49444193251283186,0.348416649045987,1,0.6488198686163835,0.5714108650282264
Medium,59.473552998231085,0.9267128453077733,1.0,Omnivore,3,0.7494333871897361,0.6911042741535828,2,0.8697891166022602,0.6947562418228372
High,47.19100637309916,0.23161501127124212,1.0,Omnivore,3,0.3542861211046303,0.1858674525453339,3,0.9711148495135781,0.43664672978719316
High,79.35691112064525,1.0,0.7471020814755548,Omnivore,5,0.7583492674029376,0.6615137403133159,3,0.6996516917412026,0.6353610816367189
Low,60.827988637951336,0.05205239836730713,0.6759892458937156,Vegan,5,0.8707846128546253,0.9135691730844713,1,0.6304504530306897,0.8923643122712915
Low,90.73062386548276,0.1381536059353772,1.0,Vegetarian,4,1.0,0.6097338390417504,1,0.23908592522167957,0.7791368795259491
High,35.617615947002506,0.6298176981413819,0.6780716113398476,Omnivore,2,0.03242761736746269,0.3643372213442339,3,0.8891804197001223,0.37760991262360455
Medium,51.64831840734951,0.06307517434296672,0.8288123011671356,Omnivore,1,0.5434717512239506,0.5083167926014622,2,0.6333578158818872,0.5407621101927719
High,60.489582550363075,0.9891439512929121,1.0,Vegetarian,5,0.6887699083425104,0.5859279953339551,3,1.0,0.7235317952951632
Low,77.06071646443371,0.6295630936483372,1.0,Vegetarian,3,0.800356844284382,0.8012248358864648,1,0.1974984476221707,0.8973998566609455
Medium,65.99204058903277,0.029038782659774443,0.6014767806782352,Vegan,1,0.15652232450612857,0.6238203586576875,2,0.6432237249188861,0.7232781329877556
Medium,64.65709131271127,0.04050068648191951,0.4700792160005193,Vegan,5,0.37564461868985327,0.23071599985171393,2,0.8460808325283243,0.7466044187158828
Medium,43.091043111687796,0.6126685297394794,0.5072498622821642,Vegan,5,0.0762203530064961,0.23505147235824597,2,0.9868647290624002,0.6211595840082993
Medium,42.64587904155793,0.8061118176584049,0.7207677202998652,Omnivore,1,0.2996320354975405,0.5280692648576337,2,0.7504239677215458,0.5130053016970744
Low,64.83756990434857,0.43779953127477356,0.666329166818782,Omnivore,1,0.6759515544433142,0.7516974443559045,1,0.5217685346394078,0.6475885094363831
Medium,39.538410092724625,0.5545806715356244,0.7660548093112169,Vegetarian,3,0.2909534719323484,0.10663302147574347,2,0.8749208005820851,0.5962790051096456
Low,52.021833745660075,0.7998294540499016,0.3135748928539288,Omnivore,1,0.39602242012326705,0.7252901712952151,1,0.5196631922571772,0.6400997495948192
Medium,67.51375993628787,0.6105061740418192,0.8473192112952066,Vegetarian,3,0.3269236363453116,0.41944576177699183,2,0.7774639369198371,0.6349001730951199
High,45.26513591584836,0.4247602376588195,0.5943105865169497,Omnivore,5,0.20289019846005388,0.4769819790405804,3,0.9515535318871069,0.4605789616512575
Medium,84.0803394354271,0.7130520258694786,0.9550684520700179,Vegetarian,3,0.6496974041047442,0.7592274576071433,2,0.5004034757637644,0.8926339591268369
High,78.35904516356835,0.9282794590652136,0.8143285807028185,Omnivore,2,0.9599234434788662,0.37907241820040616,3,0.5535362901347995,0.7717815684194486
Low,36.42870002492549,0.7341069808811267,0.4663693507621699,Omnivore,2,0.45051266473975043,0.22129269755033582,1,0.6128769205954789,0.5026615503556014
Medium,46.01443135227019,0.6208741875568012,1.0,Omnivore,1,0.6169345058137538,0.0,2,0.774049067061112,0.5783920329839196
High,25.71334133257575,1.0,0.31333169508423564,Vegetarian,3,0.34952156939884566,0.09618822088162562,3,0.9710067405820355,0.6124871449084129
Low,48.261129561778006,0.19728830871706848,0.9226712233894496,Omnivore,5,0.6470722436074254,0.7722629499027052,1,0.6973814317370146,0.5923240682663534
Low,71.49582714858599,1.0,1.0,Vegan,4,0.44176717744535193,0.024335245895844126,1,0.40466681596679094,0.7827321367599684
Medium,53.79157586587715,0.5383394903500163,0.8076278390148188,Vegetarian,5,0.8051553937397165,0.18761151372519436,2,0.8749860921657387,0.6964183889824284
Low,66.91195865423951,0.671956140494912,1.0,Vegetarian,5,0.8787286356300049,0.4191827607360627,1,0.74289250575462,0.7619915148900352
Medium,37.16498522577383,0.09946159745218985,0.3106764045621535,Vegetarian,5,0.2968756875829195,0.0,2,0.8632955472774856,0.5745034415944381
High,71.96962881872858,0.6805759413781071,0.8536369143500511,Vegetarian,4,0.9136924139723117,0.0,3,0.6350911952065315,0.8150766765608211
Medium,51.67336158107475,0.7693791464631726,0.7153920883863132,Omnivore,5,0.7598986982389101,1.0,2,0.9637605790943038,0.6835816051060816
Low,60.18254523424358,0.7069110150989903,0.30903153320821275,Omnivore,4,0.5912283143012111,0.6775840357482346,1,0.7100440894694141,0.6537637635927386
Medium,58.60688247910421,0.040139388165410184,0.7362917537548554,Vegetarian,1,0.6935119443995296,0.7882634338624077,2,0.5702547542089053,0.7817915898120467
Medium,40.92677218661574,0.5465942634972446,0.5736636173156766,Omnivore,2,0.30543865944776505,0.4461417387500929,2,0.7723483594650387,0.5547935739843287
Low,42.70373502390326,0.08827819296840944,0.8833174028941316,Omnivore,5,0.6910251974044811,0.529735435106468,1,0.7190074081090014,0.6074675534264051
Medium,74.51691703505139,1.0,1.0,Vegetarian,2,0.6547468146478209,0.5254628229976983,2,0.40881649548260396,0.746216626954895
Medium,65.98488236252544,0.8972965885332946,0.41571550007466374,Omnivore,5,0.7226153311711802,0.8627351692258916,2,0.901940815192916,0.6476141226418729
Medium,75.7507356233014,0.12108066042853696,0.70623006483113,Omnivore,3,0.7489009904855602,1.0,2,0.26823635212147146,0.7362005007114681
Low,64.86987353253778,0.8586495789026308,0.7684141050569409,Omnivore,2,0.5321932861217116,0.33763472170393183,1,0.6342764551729603,0.5527790843476859
Medium,62.14485952213825,0.9194296005584076,0.7659096756450745,Omnivore,5,0.28050675403039405,0.443521160012377,2,0.8945621961015446,0.5316353755373112
Low,34.1098407199985,0.3535482225634551,0.9453589244422462,Omnivore,5,0.5183324301906269,0.11016605849138558,1,0.7632056875722161,0.43352788519162083
Low,55.944499548582456,0.7195016550477659,0.7231181635763531,Omnivore,4,0.5523550861311189,0.4405454771042166,1,0.7593756339989246,0.6744937526865343
High,59.58923519394384,0.642103746207779,0.3251074774233726,Omnivore,5,0.9622379509765974,0.7188328335300863,3,0.9872099072798663,0.6309377919361718
Medium,89.29660797408862,0.7552324845763441,1.0,Omnivore,4,1.0,0.690507884367223,2,0.44044991840848524,0.7779582129524574
Low,70.30434948148016,0.44031740429819144,1.0,Omnivore,3,0.9435275583072948,0.06180888342684132,1,0.3292663636049774,0.5987912937709481
Low,83.04091772564293,0.42255923663326833,0.9291093011778875,Omnivore,2,0.9770893262310664,0.9829277939977361,1,0.17002928518990218,0.6933229926445912
Low,68.96306558842092,0.42443388885757904,0.9259238496406099,Omnivore,3,0.840478572886471,0.34542457427920115,1,0.6523012711103668,0.6669009724959453
Low,49.33045159575781,0.14556775865250116,0.4095886969478351,Omnivore,1,0.5245906895184724,0.5328641859935396,1,0.5584981943421673,0.6344971400363468
Low,61.75686324224777,0.8311389644353826,0.529430260890196,Omnivore,5,0.7824717694133524,0.665691017880394,1,0.7942581014822155,0.6106173891658018
Low,63.543354693963494,0.34869789536163665,0.5528870125944292,Omnivore,5,0.5458507478178032,0.4012282171624,1,0.7893468964371442,0.6084379660934142
Medium,45.912666453439776,0.40014955390584517,0.6603053071484941,Vegetarian,5,0.0,0.10795389810697181,2,0.9368116601841011,0.5953786262486371
Medium,54.23418935110618,0.8940546127021446,1.0,Omnivore,4,0.6838870576934623,0.3084831263868517,2,0.9559352322982797,0.6934526139347903
Medium,56.91349509484242,0.49662381406317135,0.8063522421890981,Omnivore,5,0.71516287273809,0.9532563359454191,2,0.9083402309853141,0.6410951431767392
Medium,84.08429748847678,0.6442539093508629,0.6125191326437365,Omnivore,4,0.5765251869986107,0.4160841668584911,2,0.4442997912586777,0.6258653971284847
Low,28.788892119135326,0.9564981247770985,0.4100321964646263,Omnivore,1,0.3906334243893619,0.0,1,0.5298237091569806,0.44479086911186816
High,78.08727631074065,1.0,0.7744514112808876,Vegetarian,4,0.8805208762350587,0.7079465175825945,3,0.6709969563356968,0.8426670280430273
High,45.94807147560926,0.3694667088884395,0.8529993330708457,Omnivore,4,0.6752906819780893,0.31898814934453523,3,1.0,0.5534498066968785
High,39.41881219095579,0.673215029918105,0.6371272139587844,Omnivore,4,0.37305028857546857,0.20551891347056023,3,0.98029424659226,0.5099797724551802
High,77.69913195057697,1.0,0.7809405039298098,Omnivore,5,0.4725868013010887,0.3766737187927807,3,0.6685335488617318,0.588105875463931
High,70.97847103851572,0.6723662982286026,0.9196209555915733,Vegetarian,3,0.6129883168572122,0.5852358707709582,3,0.5492574098863786,0.6888204604360478
Medium,78.81778053571784,0.47157310851620005,0.6359238976330547,Omnivore,2,0.6906597072942503,0.6083861036185877,2,0.3020387833349866,0.6824362499656824
Low,72.01052921318364,0.29503023178915433,0.43895591865050043,Vegetarian,1,0.6966520606116786,1.0,1,0.13696948323791625,0.7580883333035348
Medium,90.89767502606102,0.21432311411912522,0.4789026899525272,Vegetarian,2,0.9334001271079361,0.49169549951055536,2,0.2962336792362593,0.7714930027543168
Medium,68.38085755416728,0.7403047907559818,0.5931634512379634,Omnivore,1,0.6363469659331616,0.4239138322693742,2,0.6644986487155891,0.610094253811342
Medium,57.652839358152626,0.7700304687015165,0.37985623093523185,Vegetarian,5,0.6557414878029995,0.8657374423302966,2,0.8855516995080518,0.6957123483269523
Medium,65.14389565982015,0.9690129635029999,0.6620601168198675,Vegetarian,3,0.4318045523151022,0.38761817657378284,2,0.9189801851306381,0.6409409857149336
Low,78.65203692518945,0.873418210905363,1.0,Vegetarian,4,0.8584885351719955,0.43891810645099166,1,0.3429796254678229,0.8249594552652474
Medium,48.30937012109825,0.2433524940335987,0.9578411810923295,Omnivore,1,0.3313047105500575,0.5365937783717385,2,0.7468200774799596,0.49018365437770084
High,50.22167126202929,0.24011657828851546,0.8620359790981753,Omnivore,5,0.46192929680423533,0.4660523987649751,3,0.9969596259786871,0.4825647407013607
Medium,55.36559978103139,0.9854373843696602,1.0,Omnivore,4,0.18788415068189313,0.368612551185555,2,0.8261363369979141,0.5177936451144528
Medium,28.431258018520015,0.34045069554360574,0.4242239146368768,Omnivore,3,0.4730531964297684,0.25959978612844775,2,0.7703822869999695,0.5356480206609064
Low,62.071176126263204,0.31197154243242076,1.0,Omnivore,5,0.5594874492259712,0.6595923857421085,1,0.8134107580070697,0.5834222836132187
Medium,31.708069440734608,0.9059552097493825,0.5577795168728522,Omnivore,5,0.38484079237710456,0.3124677992443214,2,0.8243776350478028,0.5422228299546515
High,60.79588969398929,0.7850998985449862,0.7048727667365731,Vegetarian,3,0.4437248278790332,0.6797271060818851,3,0.8913768831066533,0.7101713259257812
Medium,72.97934634202875,0.31487117384913454,0.7702483453356652,Vegetarian,5,0.6178369054493942,0.5517244303249567,2,0.4666529624002549,0.8001097698204581
Medium,52.846853090342464,0.8890962427162395,0.36232863169269375,Omnivore,3,0.33525782272885496,0.13146227865804844,2,0.8917243874953301,0.4414861120981847
Medium,85.15673805280306,1.0,1.0,Vegan,4,0.8833282436856328,0.8795791975541778,2,0.44791967720836195,0.847956714949407
Medium,38.092486508722686,0.08667856115083072,0.3289692103687726,Vegetarian,1,0.4959766460718738,0.2361324637864391,2,0.6672333110691246,0.628382503756653
Low,77.86891022447749,0.9622516283024872,0.7302302755915719,Omnivore,1,0.5784535645672461,0.5598177907793768,1,0.19331971135622592,0.6300715018086634
Medium,70.12705584610381,0.49051569768439396,0.6699355995572762,Vegan,5,0.7292547080220126,0.8081973333726138,2,0.5588022298615126,0.881594542855774
Medium,34.259501275339666,0.5240724465067044,0.24597693919340796,Omnivore,2,0.29361710648222894,0.7835616991253014,2,0.8681288298399228,0.5297935250161975
Medium,100.0,1.0,0.6522601301118767,Vegetarian,1,1.0,0.32926355102123495,2,0.3106400065298588,0.9132631254042025
Medium,59.04382071744051,0.9733791957751172,0.34007743977258836,Vegetarian,2,0.41074846109517943,0.3973367611600008,2,0.7795268435636766,0.6100940716271179
High,46.837739667665524,0.4621639104087994,0.5265931918988411,Omnivore,2,0.5613815367912279,0.3672720604383086,3,0.8928556069307468,0.6300238512967451
Low,38.893692078239745,0.21285077095991378,1.0,Omnivore,2,0.33316765617226174,0.3568944889181029,1,0.5303420212068837,0.45732899287355555
High,56.69972958510489,0.28051655859151187,0.6229408536629089,Vegan,3,0.5393130923395266,0.41785039600809376,3,1.0,0.7899540959652146
Low,58.0888969141506,0.561797852662138,0.4141363166381322,Omnivore,4,1.0,0.4575052148595996,1,0.6503995920788083,0.6839083933176853
Medium,61.53968292809497,0.013604395450668272,0.9533922830243928,Omnivore,3,0.26300558565738186,0.6229209899761687,2,0.8141901221995456,0.5008320363494194
Low,55.533057656640594,0.41189829760993657,1.0,Omnivore,1,0.6633805726383566,0.40428732644594817,1,0.5197855042539508,0.6090810218468254
Medium,69.4983796517264,0.07338401665200855,0.5798156877905596,Vegetarian,5,0.782032823302053,0.419347610018441,2,0.8542559560969428,0.6896567468795232
Medium,54.1855525100513,0.405225782929334,0.550498767920826,Vegan,3,0.6679636437678533,0.282909948742322,2,0.7966071777349149,0.674456395815844
Low,30.975538241392936,0.039932189265609264,1.0,Omnivore,4,0.42689589092472024,0.6565883081772916,1,0.6299195443508936,0.5633311510512228
Medium,57.759577565255384,0.8352172606087689,0.46757417537676405,Vegetarian,4,0.6162498033019945,1.0,2,0.9224586927205033,0.7919071576324358
High,24.487835199400827,0.4097389939385659,0.633653243456168,Omnivore,5,0.32655539250133303,0.1026057795167433,3,1.0,0.35412097704551115
Low,65.30655946337085,0.328308710357912,0.5661849303329491,Vegan,5,1.0,0.44912804892307046,1,0.8094117347442324,0.8638137448059576
Medium,45.31049654576047,0.8700479966063919,1.0,Omnivore,1,0.41864134967736333,0.49516963841335615,2,0.7689159478088041,0.46960413020165304
Medium,62.45040532373701,0.7462660613322051,1.0,Omnivore,1,0.587967347802919,0.560466358850591,2,0.6646987784146418,0.6311702447260544
Medium,79.71112472286906,0.31903836164205845,1.0,Omnivore,2,0.5837090507148618,0.6200482415008891,2,0.3242753380286296,0.6946705756944732
Low,45.76876957098,0.07189941865749605,0.5436276636677105,Omnivore,2,0.2926963761485628,0.006400376647816952,1,0.636248665713234,0.40748173633974455
Low,75.91884387768177,0.8156737768553395,0.7830816946689139,Omnivore,2,0.8039067773230612,0.3880276231817018,1,0.2030906874152245,0.5429134476874827
Low,53.4991564997077,0.39070255068810933,0.5098014661649599,Vegetarian,5,0.6087876408463907,0.6533876498469069,1,0.8133604869112514,0.7193869120295407
Low,86.29792203098378,0.8660799991182212,1.0,Omnivore,3,0.8404403514281359,0.6354723762240333,1,0.3226998539242676,0.7347496947286702
Low,54.5227108020268,0.4452947723752104,1.0,Vegan,1,0.6757158867841502,1.0,1,0.5847065969155949,0.8012005987363117
Medium,47.39260521739963,0.3460024129722764,0.6558336883330453,Omnivore,2,0.39375561814503757,0.9719644475352234,2,0.6276887388950713,0.5460099990925246
High,70.30857675592932,0.7512054082123966,1.0,Vegetarian,5,1.0,0.31063423270314533,3,0.6961532040189237,0.7332199431973916
High,53.46315405564546,0.9485589856706766,0.43286895005292114,Omnivore,5,0.5651686215172554,0.8420377938530146,3,1.0,0.6049977399256388
Medium,47.37825728806487,0.9022202865403741,0.6718271868037333,Vegetarian,2,0.6085597621324781,0.3547906854946707,2,0.7466785526019571,0.6937817967358947
Low,52.832402239443134,0.049767196588575535,0.8956611178707132,Vegetarian,4,0.5606302665477353,0.48378865141814875,1,0.7345261409601908,0.6869869923921466
Low,59.33090201725498,0.5241115412269551,0.6820576286042945,Vegetarian,4,0.47285517615864364,0.7052723576520923,1,0.7116422251172293,0.7113109575990143
Medium,80.13270196867282,0.1328354290838776,0.758263035529824,Vegan,4,0.6998944568379418,0.9685407124347338,2,0.3730586531118368,0.8333478929264446
Low,30.988683818106345,0.4684095450243587,0.1559424113574744,Omnivore,2,0.08053746512190743,0.041896922028864136,1,0.5825723658167374,0.3542940182583617
Medium,60.34620988425631,0.8852828290969004,1.0,Omnivore,5,0.2589859188500205,1.0,2,0.8531352275173649,0.6316038771260134
Medium,69.37355391981065,0.36159026642030967,1.0,Vegetarian,5,0.8836962193507825,0.6619589423409815,2,0.8881416779785422,0.7218221991508673
Medium,62.90172862487694,0.9324504210806432,1.0,Vegetarian,1,0.5071683951956664,0.0,2,0.763847534749115,0.5855731485177598
Medium,79.64797754150301,0.7306084716506094,1.0,Vegetarian,4,0.7836322844927428,0.5851904264089527,2,0.5913034891405455,0.8062801405638185
High,58.884820053622136,1.0,0.8432164126379953,Omnivore,3,0.8953997561400174,1.0,3,1.0,0.6058409072253365
Medium,57.23172836721082,0.7571666254125197,0.5554431616447635,Vegetarian,1,0.8061039954847055,0.29950685983023795,2,0.7972614956936417,0.6558715678563699
Medium,68.88494320520014,0.10343516664876229,1.0,Omnivore,5,0.7188370919757996,1.0,2,0.8103972426122291,0.7211100652400699
High,61.48970722427025,0.4311513675626771,0.8972013906534568,Omnivore,2,0.5727622804566626,0.5495782912866953,3,0.8840177870178902,0.5162020687877503
High,54.14386892579294,0.5941704545835063,0.951873416959411,Omnivore,5,0.510757831120283,0.4499713538727277,3,1.0,0.5172879369503011
Medium,67.74216059379569,0.17010688201207602,1.0,Omnivore,3,1.0,0.24980666766912035,2,0.7239408956462644,0.690749227825093
Medium,50.21207560175032,0.4949116047766605,1.0,Omnivore,4,0.5365989091064656,0.6035198516684154,2,0.8386146379463089,0.5125481664855939
Medium,50.83234271971009,0.4713681557014906,0.26383425244546965,Vegan,4,1.0,0.3254275862830444,2,0.8957362452137692,0.8769883582756738
High,52.08008967351579,1.0,0.4806473887989508,Vegetarian,3,0.2606756449061653,0.4280733575820128,3,1.0,0.612899665150933
High,80.29603740249611,0.7337278828959778,1.0,Vegan,4,0.8123505600933756,0.6056208133425544,3,0.6644234987831882,0.8705958339991494
Low,11.684754660214296,0.7856268042879978,0.9535695101256393,Omnivore,3,0.3500010708637612,0.35004288459077626,1,0.6431815003499615,0.3334522009608957
Medium,65.93398252144414,0.9419105448514798,1.0,Omnivore,3,0.8753596369308763,0.48803185169257196,2,0.8423673255580828,0.6569021104045554
Medium,60.51407721300333,0.8769888309739855,0.7160616775586968,Vegetarian,5,0.7314597041112774,0.0,2,0.8852941667110868,0.5889138496026536
Medium,34.7869431114282,0.20866762451159182,0.5354902114274026,Vegetarian,1,0.22580687547380174,0.035777435515958245,2,0.6837390471257586,0.4322543004684704
Low,64.64590168704004,0.49602989425354427,1.0,Vegan,5,0.38385278018601005,0.14302979214040712,1,0.8240079381198461,0.7401569769810282
High,67.13627987747299,0.5477397822959258,1.0,Vegetarian,4,0.6356005131918707,1.0,3,1.0,0.7752111790864953
Medium,68.844588470361,0.3998586951372155,0.9512809348574953,Omnivore,2,0.8970971115919182,0.752984940495971,2,0.7395094980351727,0.5919380039077593
High,20.222579054325763,0.5608068262457513,0.39257991936896586,Omnivore,5,0.5422303304533929,0.1829088528349635,3,1.0,0.4533766686716019
High,80.49584117781657,1.0,1.0,Omnivore,5,0.8271276573599378,0.6121473134595269,3,0.7096790853480244,0.7112407417167848
Medium,48.933949429727384,0.45213905512244745,0.7965496892672761,Vegan,5,0.4697158480091249,0.0,2,0.9785486448484835,0.7050489068201827
Medium,70.29851620129764,0.6236943322446882,1.0,Omnivore,5,0.7447404202738356,0.5181001116107402,2,0.5508850524430913,0.6513061287324857
Medium,71.11610671023429,1.0,0.5698887957130031,Vegetarian,2,0.7551875679268971,0.8784674695333548,2,0.348398260356856,0.7681781758736482
Low,46.84954371571061,0.05997927219151644,0.578288507193281,Omnivore,4,0.7058208799105179,0.636008039729672,1,0.6263421491765148,0.6521917563681665
Medium,69.90689928527325,0.4879576397907488,1.0,Vegetarian,5,0.6253964262660464,0.7111010872187509,2,0.9599458491338229,0.7443591970564392
Low,54.21760138631463,0.7740617069461161,0.32119503687154155,Omnivore,1,0.5185199932554536,0.034384543685861746,1,0.597796242302549,0.5721580399851203
Medium,28.92934230992764,0.15116195818822653,0.6569620228063002,Omnivore,5,0.3816951135019241,0.02134153517627632,2,0.7735968150210683,0.4385329535980215
Low,77.51612888291669,0.7115315946147739,0.8692861242585925,Omnivore,5,0.6487149476923618,0.7576006563894876,1,0.4239322034062448,0.6037089065435592
Low,48.3743255547564,0.23946477953446677,0.9931018166818641,Omnivore,3,0.2998682995587026,0.058712432745883614,1,0.6028030953500374,0.47131215715125285
Low,47.18259805892919,0.8674041132245676,0.5178067608939784,Omnivore,1,0.7525414423211632,0.6097225222647447,1,0.5515693529463217,0.5386350638769152
Low,53.95401197944917,0.3270996654000793,0.4888368817568453,Vegetarian,1,0.5347440688735865,0.05016563533783275,1,0.5848835809401394,0.6412377272997952
Medium,64.08355087991082,0.32906281690090955,1.0,Omnivore,2,0.8189663876161611,0.2032176860224401,2,0.7819750387170936,0.7073243650476961
Medium,59.140943837668466,0.5981938785178935,0.8674143711468072,Vegetarian,3,0.7294649975836458,0.09545404427646642,2,0.8043994292117824,0.6768506571196181
Medium,68.22100387060756,0.18356290811990872,0.44579458763669233,Omnivore,1,0.4071384406671455,0.4202250527193384,2,0.6902319595719993,0.5550084284316481
Low,39.90765950207012,0.28488863890306104,0.39257445972467164,Omnivore,3,0.2685769879821551,0.0,1,0.5981470135599947,0.4786789842785998
Low,48.86420444353898,0.4166318501194115,1.0,Omnivore,3,0.5014009116435143,0.2613351201123165,1,0.6046410053887753,0.5370023890227527
Low,58.26004391517699,0.35363786314011036,0.4869092158280774,Vegetarian,4,0.534483526661177,0.2121461473151786,1,0.6675401098007014,0.7637098904836037
Low,88.46830938988059,0.6248772180055824,1.0,Omnivore,1,0.9336420625487816,0.5318086854570673,1,0.14503428629944598,0.7147895024134983
High,58.29281192379363,0.7996401440689662,0.7115921386145863,Vegetarian,5,0.620047728938257,0.6865046062253031,3,1.0,0.7251787284266612
Low,76.27833395492448,0.6666674537501646,1.0,Vegan,5,0.9199050158243499,0.6324790269341294,1,0.4107139684799087,0.9515543913956784
Medium,60.578327531764764,0.6541683119919323,1.0,Omnivore,5,0.5970528170974692,0.7052975058823638,2,0.9206088501593215,0.5380278532042108
Low,52.74512043843647,0.30774951660782024,0.8606769984539981,Omnivore,4,0.541340916981956,1.0,1,0.6327375684810053,0.6494832362724402
Low,56.299133638283394,0.12642622715502805,0.29223464998939946,Vegetarian,5,0.2755121643875316,0.0,1,0.6811782379468624,0.5457898236118495
Medium,57.473704319566785,0.7608075414310771,1.0,Vegetarian,4,0.45451188988152097,0.31545344792564833,2,0.8150538324265364,0.6222368863123958
Medium,69.05468608441107,0.850780382630682,0.7899409012607717,Omnivore,2,0.5802242727017972,0.26668806039755927,2,0.781284416405376,0.6191993443193291
Low,80.61916901364832,0.3570062322224322,1.0,Vegetarian,3,0.7173832509659623,0.4632070278282113,1,0.3080596928401105,0.7163079502955491
Low,65.39521271529482,0.40709195615801974,0.8225150764306752,Omnivore,2,0.5797412610195928,0.6579371889662089,1,0.6055043386727907,0.6006339659884598
Medium,77.80616518112633,0.5985692169635553,1.0,Omnivore,1,0.8980556605046843,1.0,2,0.31500208608951746,0.7277066102685601
Low,45.52815393555471,0.5333268427529364,0.29693341914441573,Omnivore,2,0.8096962217601266,0.572722600493522,1,0.5294461150196105,0.6060212408232846
Low,53.78054236778954,0.6594901710876518,1.0,Vegetarian,2,0.26784142249669646,0.5937350359492961,1,0.6843864969256875,0.5858645830483388
High,49.135461986885,0.24160323335532136,0.583673341246348,Omnivore,5,0.45130344504280073,0.7216049229509506,3,1.0,0.5885639194501405
Medium,64.71666886312279,0.721477082734017,0.6749423586473948,Vegetarian,4,0.47395673533424665,0.9868749924440979,2,0.8773304087364182,0.6634989729604315
Medium,54.615624222308796,0.06197100697941027,0.39173396582093395,Vegetarian,1,0.27847697267699395,0.9941844049334299,2,0.5987793562706233,0.5703140944615442
Medium,70.94659405551293,0.5682885676728678,0.501590118917767,Omnivore,5,0.6038982273493292,0.7373385865923145,2,0.5007971340445231,0.6216247709531968
Medium,46.034974325513375,0.8276711355691941,0.41593392783377703,Vegetarian,1,0.24983496852103257,0.0949416935818137,2,0.6870101629753357,0.5782645357818498
Medium,60.64546459981922,0.45121531327839626,0.6314334915705184,Vegetarian,3,0.6529742044534546,0.4035430568681677,2,0.7612407373750678,0.7203783682047578
Medium,70.30286866518384,0.24908974876824777,1.0,Omnivore,4,0.6705053766096656,0.0,2,0.3398003078176512,0.5902203760839765
Medium,29.020458374390845,0.9850338450059597,0.5133625301020347,Omnivore,5,0.2305122052666273,0.47173342123097173,2,0.851284856936914,0.43439782460963283
Low,91.82446960995304,0.9892854620742633,1.0,Vegan,2,0.9798146565959325,0.5097140945081088,1,0.3568659957991699,0.9506309665809801
Medium,55.752721726801866,0.771313633225014,0.36151111252388074,Vegan,3,0.27117226184148135,0.24963723978863217,2,0.8371347487056598,0.683786091973499
Medium,29.624401294857407,0.4115116028992104,0.7392208057462797,Omnivore,2,0.09367792705445865,0.3529547675868123,2,0.7984116228088347,0.4098598562777589
High,62.37140847865179,0.3838457268892978,0.7937482736636985,Omnivore,2,0.6947310139657854,0.0,3,0.8739939485028412,0.43725300852378013
Medium,60.501652019597266,0.9414111814185012,1.0,Omnivore,3,0.4003136924456788,0.8137413956342425,2,0.8352787767694332,0.5601360955101182
Medium,58.771584306412606,0.532351126517139,1.0,Omnivore,5,0.179367689190358,0.6563801159743637,2,0.8503231346227442,0.42062088605826997
Low,74.8678666939,0.9523554603874851,0.8291691059081497,Omnivore,2,1.0,0.4939621014621224,1,0.27569592627761225,0.8049999085493975
Medium,71.21167457140584,0.44209500575942573,1.0,Vegetarian,2,0.7805491177076161,0.5786924593776985,2,0.3815386184575607,0.7994562802995401
Low,64.46814286535768,0.3352883170794706,0.515379455620566,Vegan,1,0.8479002200359685,0.33596673055056836,1,0.559711360172005,0.8918886186040272
Medium,66.75233450919971,0.9855404806740391,0.8960979999377767,Omnivore,1,0.5224563337491811,1.0,2,0.7486827291666083,0.6124319730103724
Low,58.4346232584287,0.5218330484948498,0.36679217186085167,Vegetarian,4,0.3078398407588598,0.21186984241305207,1,0.7171091577018355,0.5956749182182747
Medium,86.63236273860073,0.2406954238607463,0.7812508459446867,Omnivore,4,0.9238721103653365,0.8187851445833925,2,0.4024151439296838,0.6749907585653662
Low,37.8120597246335,0.2196746779947074,0.41492248024533784,Omnivore,1,0.15778319664523155,0.2362008457457317,1,0.5739027797281498,0.37311993774153607
Medium,62.09477511323845,0.4819442793927208,1.0,Omnivore,4,0.8248013354209476,0.5336356545955552,2,0.7800026260196413,0.6292853812240089
High,60.975369467831705,0.24247091048841135,0.79496753855352,Omnivore,3,0.6574587955664626,0.661906840732213,3,0.8844001208756653,0.5918858036890444
Low,72.1992060909689,0.5625339853783005,1.0,Omnivore,1,0.7610129130465662,0.7671228918678797,1,0.14509085813479572,0.695842162965246
Medium,47.34219183862651,0.4189408420801276,0.7520063968245781,Vegetarian,3,0.5146286231022625,0.287433976751021,2,0.7288043378450677,0.6461481017851469
Medium,33.84491096405196,0.779336265319487,0.2557089969718983,Omnivore,1,0.7452009919647524,0.0,2,0.6512263180352363,0.4968817332409135
Low,62.3523452414729,0.35494196448924176,1.0,Vegetarian,5,0.7545027509911819,0.29997517403413043,1,0.7244983927223736,0.7470907138781298
Medium,64.21845738327906,0.9825487615395994,1.0,Omnivore,5,0.6016690580274562,0.39696735952905093,2,0.9264436820665168,0.5307095278110506
Low,82.34399114171474,0.2807699193009031,1.0,Omnivore,1,0.8507808598614794,0.5071822447269136,1,0.12009107950672236,0.6227940283990818
Medium,40.94456930512371,0.5909866849681349,0.7767147918323267,Omnivore,3,0.23546527281048485,0.028670575670417697,2,0.8097497979694197,0.4571570527914495
Medium,77.3204065007508,0.18969929700825464,1.0,Vegetarian,1,0.668365722258252,0.778761932346802,2,0.2992628575061497,0.7933052542775729
Medium,95.51121546040682,0.833863983993982,1.0,Vegetarian,3,1.0,0.38920787289578485,2,0.43835873625098404,0.8723042846148507
Medium,54.333526687162845,0.9947536880619715,0.4274173932347586,Omnivore,2,0.5518353199657104,0.4373564388852333,2,0.8866351226695859,0.4907573667865224
Low,40.635866707601636,0.8191386377516322,0.36740002099757896,Vegetarian,2,0.5589052286309446,0.0,1,0.6416708856381628,0.5514614779581452
Low,53.89538450439943,0.5557035407203013,0.3403624283311233,Vegetarian,3,0.3610485433020558,0.7764428957781251,1,0.7329034447919911,0.6726965169555968
Medium,60.21007451057071,0.48474135739969204,0.6209640076931551,Omnivore,4,0.7713963332998366,0.31731369918471625,2,0.9009764389717525,0.6226763179540817
Medium,68.45681812510372,0.8350299612668469,0.8157926783665832,Vegetarian,2,0.645013294773777,0.35219205530841635,2,0.8407622100227488,0.7958392615900949
High,51.12907905242929,1.0,1.0,Omnivore,5,0.5567545301374291,0.15739670163490527,3,1.0,0.4782210007095145
High,83.32797801221014,1.0,0.8476332321292201,Vegetarian,2,0.8453756573971039,1.0,3,0.5596604747528215,0.942568284310098
High,43.28201527487907,0.5965392275644841,0.9426526648817662,Omnivore,5,0.46924595887685233,0.7589204387224431,3,1.0,0.5821783463585036
Medium,33.911922717408004,0.9909174747945123,0.8629566398595747,Omnivore,5,0.31726759286900635,0.2989073528407338,2,0.934548447877765,0.5194306014927186
Medium,76.60065636430976,0.25592625217383147,0.5874852320721284,Vegetarian,1,1.0,0.48775055526241967,2,0.2835241884238984,0.8323806088445699
Medium,25.880684531907008,0.2535497759319092,0.18791057410897144,Omnivore,5,0.0,0.8383607131034433,2,0.8245706927220358,0.3986549830942257
Medium,56.93805346690926,0.0890161247338962,0.8306970188681337,Omnivore,4,0.6760737521057911,0.623788754825655,2,0.8807416843967043,0.5836386597022425
Low,100.0,0.37173851648448164,1.0,Vegan,3,0.8663211890735882,0.756760321181127,1,0.2377841607592205,0.9490943872112264
High,59.81934670560103,0.9679375516180111,1.0,Vegetarian,2,0.40694375922563636,0.3301793178840769,3,0.9671615456110876,0.5578509650997647
High,43.18848523955626,1.0,0.574553478478952,Omnivore,5,0.8595309856189295,0.6052428335326359,3,1.0,0.5372761776943
Medium,59.13903804319809,0.7788926451025717,1.0,Omnivore,5,0.4011972138174811,0.42665468194535033,2,1.0,0.5102834137853036
Low,59.237988170707,0.6310657781676963,0.6781223967227215,Omnivore,4,0.22892824973880244,0.0919806543294322,1,0.7544417936780969,0.5084709742671648
Medium,62.40974910529675,0.5139665125226456,1.0,Omnivore,4,0.815271449966949,0.5716496408147235,2,0.9036549801419059,0.6121250567246984
High,69.9339447323943,0.9087042892136465,0.9479226541790234,Vegan,5,0.6006744953764114,0.6544061014499039,3,1.0,0.8219374166802345
High,44.41333247448391,0.5908335492672219,0.2750454556750165,Omnivore,4,0.699054229063311,0.38341439656845966,3,0.9984935496162468,0.5595507327676359
Low,85.3132208285519,0.9413083514997018,0.504954531113018,Omnivore,2,0.4028615593130171,0.8624979028966537,1,0.2739578817887197,0.6878874852316741
Low,63.67671426558927,0.6771900939767854,0.33914766105240735,Omnivore,5,1.0,0.43359070027813373,1,0.7938442949200084,0.6919475366044708
High,70.90191069602706,0.9978046984944086,0.7253436380741247,Vegetarian,4,0.897705907329539,0.5929537633044009,3,0.6218947059345171,0.8233644081926302
Medium,50.57775900366536,0.5359359931290713,0.9986898437843376,Omnivore,5,0.4641752396468707,0.4184886879064666,2,0.9228504557701709,0.5941711826502071
Medium,79.295732054933,0.9852289842111726,0.5692340542653878,Vegetarian,3,0.4464306078567485,0.2591404636252848,2,0.4088452069811447,0.6243889759723944
High,56.14421386780403,0.4520147336790525,0.8865740377229159,Omnivore,2,0.2951376199569033,0.6787025259607168,3,0.8939289677814636,0.43495231821761043
Low,64.16328770240298,0.3811476533610507,0.6096442185430928,Omnivore,2,0.5033701081729757,0.6997570349273786,1,0.5072994869364402,0.578525405549631
Medium,46.00340884219336,0.7776425696776891,1.0,Omnivore,5,0.6027566363107374,0.6801291230573885,2,0.8884608255047873,0.6372189206870622
Low,45.0460256039681,0.4927488961293377,1.0,Omnivore,4,0.278065831277005,0.07264272202055483,1,0.6077285855167875,0.48764504669807957
Medium,70.32307959679324,0.9892140134241908,1.0,Omnivore,2,0.293196764661362,0.45922970630230453,2,0.4747085944731504,0.5263192948431981
High,53.34589754688921,0.5463993197628523,0.7915630015358228,Vegetarian,5,0.5790347709294164,0.7772781684277634,3,1.0,0.796154323321798
Medium,47.192653687434344,0.36933016881964476,0.5205299785170234,Omnivore,1,0.6711856013619522,0.22042342073134197,2,0.6635141323906142,0.5894878163930961
High,50.352249869594544,1.0,1.0,Vegetarian,5,0.9429356458582852,0.9585400335865037,3,1.0,0.7550409125527855
Medium,70.48429607576132,0.564370320182041,0.5385220423180481,Omnivore,5,0.49970600678334914,0.11954248376700816,2,0.5640648514258433,0.6111274280607993
Medium,50.56443208194584,0.5161245842024867,0.5425817624383853,Omnivore,5,0.32162191716169986,0.2517788371078944,2,0.9905494749726071,0.41153049917926704
Low,58.23517602596754,0.3327637153356794,0.4751235862904593,Omnivore,2,0.0,0.34583414138993507,1,0.6226796662239816,0.4676003960114383
Medium,60.22541625430645,0.2766699421790819,0.9753372416591799,Omnivore,5,0.2927614975788306,0.7309993055189914,2,0.9440864891551946,0.5256142464713445
Medium,31.239766709845515,0.655948710838392,0.8424348616650457,Vegetarian,4,0.09913951345136893,0.7599473547715428,2,0.8651273836823724,0.5549146761473159
Low,37.933103919397226,0.11984066154120387,0.8421755123837391,Omnivore,3,0.20066221984521762,0.40728141776832383,1,0.5080772064554923,0.48698095787795265
Medium,65.04416833871343,0.8792726411829093,0.740822308558235,Omnivore,4,0.5436911389814769,0.0,2,0.88266995942817,0.585087829329417
Medium,48.944559582709545,0.7792031367651079,0.34489380511498097,Vegan,1,0.6078019867252302,0.3835661892886017,2,0.7343638908928558,0.7634059955451996
Medium,75.85087366920628,0.29074826370580276,1.0,Omnivore,2,0.8608077488884072,0.6690304146734626,2,0.3822414389629,0.679737744548018
Medium,74.50210656375816,0.7940199458245654,0.880241496831029,Omnivore,3,0.6422656876378692,0.7387852098098445,2,0.41022578855956626,0.5653566961752816
Medium,70.78752999533155,0.7026329212856348,0.7609098448877493,Omnivore,2,0.7109203863812592,0.5663254409766371,2,0.31259032860308633,0.5623422869850944
Low,87.29657680968896,0.2845350507366441,1.0,Vegetarian,2,0.6014127957734428,1.0,1,0.08922156104919785,0.666166925398469
Low,58.75366008385225,0.27320350605023247,0.4865587362383671,Omnivore,5,0.4744367950456352,0.223130533001829,1,0.7603207926528739,0.5430224293431797
Medium,69.73322888855759,0.4089865037338344,0.4812149235476623,Omnivore,4,0.4389292222562162,0.2718821836554213,2,0.8259666231124584,0.6006038836098201
Medium,51.23398535105953,0.6992427352454739,0.6616951482132412,Vegetarian,3,0.36437555994271476,0.24323967066238464,2,0.7645041118648417,0.48034984680051684
Low,96.78554869303085,0.7387234088170059,0.7111484375650647,Vegan,5,1.0,1.0,1,0.4049566225596265,1.0
High,89.7545047865403,0.832234847676698,0.693062818469866,Omnivore,4,0.9266093324233314,0.6939977091591777,3,0.6729655474379446,0.8037426070421196
Medium,60.17820651776688,0.7684105431140342,1.0,Omnivore,4,0.48293380253538637,0.8461269561269571,2,0.866794095788449,0.6106420061024713
Medium,65.79879344857788,0.757937739606166,0.8597531444287143,Omnivore,5,0.7535581046635702,0.8873220678133649,2,0.9760896955244219,0.7480647723319539
Low,80.38946399047208,0.7178591540622559,0.8854163842757115,Vegetarian,3,0.7249245369905786,0.1542494588951422,1,0.30435354803192444,0.7190217282540028
Medium,57.79290742778839,0.7869900833848252,0.9784441308675393,Omnivore,5,0.9147070153300257,0.4646463041659719,2,0.921633076754242,0.582167703871213
Medium,50.15063893800443,0.3342633747792092,1.0,Vegetarian,2,0.5720329213643168,0.7539875405373189,2,0.7226338550961444,0.6735908460363058
Medium,73.10984626510324,0.9812495283226056,0.4777477957960803,Vegetarian,1,0.49896189243149025,1.0,2,0.331359839784389,0.8262475619705592
Medium,61.17658869125505,0.6149100858019407,1.0,Omnivore,3,0.8755692321110786,0.8333123045159871,2,0.8114908101057993,0.6501411499461665
High,62.7449167446789,1.0,0.8977437635912404,Vegetarian,5,0.7513071859913759,0.4201451624525967,3,1.0,0.7387463162044141
Medium,47.48592985398052,0.546279104790284,0.3835950030817399,Omnivore,3,0.5683135745391537,0.8337876858577087,2,0.8639750789216846,0.6191829145720964
Low,34.234917774549054,0.21843824498868036,0.4683239075617369,Omnivore,1,0.5076429362846919,0.15593667681802,1,0.5476682523064329,0.5443671419513461
Medium,63.542136148186515,0.5424101286783086,0.8000720972056721,Omnivore,3,0.7812026077140279,0.19007419549165466,2,0.8952807156909529,0.5091033575972239
Medium,73.57443062241299,0.4711116637765881,1.0,Omnivore,3,0.8381303929444277,0.8230693668096541,2,0.4542255842448811,0.7663336049818148
Medium,56.61289876385937,0.6974990360370945,0.525671510772749,Omnivore,3,0.5338259655428613,0.03613406968683325,2,0.8121002277882188,0.4763475404962349
Low,81.546442793383,0.5757937917347358,0.9426110294345048,Vegetarian,4,0.9967513907518449,0.5009155501082406,1,0.33617771332011853,0.8883258290500505
Low,49.44125511876683,0.8361128049276877,0.9318779030096959,Omnivore,1,0.45997335197230893,0.8580325548311196,1,0.651654873224467,0.5584943315923201
High,44.1794331755112,0.8780725123219166,0.6696379167250622,Vegan,2,0.7074295130618314,0.5818623301663148,3,0.9422406304756856,0.7700606475246178
Medium,58.99154539205803,0.684544433031324,1.0,Omnivore,4,0.6895101137736607,0.23240978315703903,2,0.8580759350701332,0.6176446211704142
High,58.76111136973064,0.417155333491065,1.0,Omnivore,4,0.6250824335049814,0.5317822652137915,3,1.0,0.6609064735680623
Medium,71.54953097002834,1.0,0.8284388724905875,Omnivore,3,0.8419990570703524,0.5677177648578386,2,0.477402328527587,0.644674099868366
Medium,48.37555763904023,0.8416752092714888,1.0,Omnivore,1,0.5153677438913402,0.6753310659306326,2,0.7864589624585457,0.5532542703813134
Medium,80.52141355222346,0.8890048845606946,0.47819216016656463,Vegan,3,1.0,0.7850100114334235,2,0.40329698081732906,0.9091498403938026
High,89.5037544376238,0.6302152251600274,0.4508811505110556,Vegetarian,3,1.0,0.7922954199178713,3,0.6085110275735328,0.8294794863296291
Medium,59.41283959547487,0.5356316528472319,0.6777324617812934,Vegan,3,0.6087111790024438,0.48414284579140016,2,0.7940998134602392,0.8138112418956593
Medium,78.74565630276479,0.23710318807432865,0.9948253428863332,Omnivore,3,0.1357182833464715,0.32626551602400955,2,0.3718305333383521,0.5127126788822061
Low,44.1525439406211,0.538475976662706,0.8499628771527663,Omnivore,5,0.6141481200005717,0.7819838782064411,1,0.705670196106806,0.6522412493640953
Medium,76.12832311772874,0.24588924648328728,0.8570873518824722,Vegetarian,1,0.8446060584196029,0.7600528151470864,2,0.2633502951102414,0.7625052311933137
Medium,75.70914612839194,0.6530378439896012,0.5034290438826059,Vegetarian,1,1.0,0.532365470149375,2,0.2442293298416347,0.8423076677422775
Low,72.95155920284819,0.7487218801549056,0.5352553178021352,Omnivore,2,0.4696517791835723,0.5311787541554508,1,0.28149048230106155,0.6285285222068288
Low,59.76655366694559,0.39019596724990235,1.0,Vegetarian,2,0.5539750282351675,0.4674136427264414,1,0.5617332156379076,0.6629969450650639
Medium,15.686265881369529,0.49854487833129324,0.9463424611461089,Omnivore,2,0.0,0.0,2,0.7670296101365903,0.31862850218393923
Low,50.37409284521806,0.8756533876745859,0.9257690020868105,Omnivore,1,0.35815806299772823,0.24944610442176773,1,0.5296586824518549,0.5216942848121562
Low,50.61125973473097,0.10856314470280937,0.9172742709525372,Omnivore,5,0.81770387953153,0.7167135396691271,1,0.7352931160452377,0.6018238007960884
Medium,45.32617592909284,0.7917328929996529,0.8243130076732718,Omnivore,5,0.12034107430526853,0.0,2,0.8027444307757566,0.3965354191306241
High,61.833645068205996,0.3707545509961964,0.5120941110430182,Omnivore,5,0.3398515113980302,1.0,3,0.9919183380871673,0.526396245753407
Medium,53.71554831718148,0.03670798280462839,0.6968284418458106,Omnivore,1,0.6531489815604139,0.4487715714790419,2,0.7214239377657686,0.5374830002040946
Low,47.63081985352467,0.18557460274504778,0.934048750731002,Omnivore,4,0.515047548717884,0.15947990546376836,1,0.6355487609906739,0.4624889162451074
Low,44.11799777628271,0.7650431899704897,0.7578422608847523,Omnivore,3,0.3753266828772837,0.26387205436748057,1,0.6661346633120586,0.44281981420122973
Medium,49.26730521772157,0.40512607333686,0.264916860143707,Vegetarian,2,0.0,0.5368577089946682,2,0.6322664119249387,0.4643844529391658
Medium,76.82248817774892,0.9725205168461819,1.0,Vegetarian,4,1.0,0.4958564499224436,2,0.5649234158714144,0.7206628775069712
High,50.08462418058759,0.7247075411822659,1.0,Omnivore,5,0.453826087901958,0.6152156136493547,3,1.0,0.595888736085762
Medium,52.275919403500914,0.022250351926330958,0.5219246111272424,Vegan,1,0.3186668152772081,0.11694984804377878,2,0.7182278371321197,0.6729122162058255
Medium,53.149535774651305,0.7167136096019268,0.8822066140395526,Vegetarian,2,0.595793501259355,0.20365849352639198,2,0.7373129671031029,0.7081140889625552
Low,65.0849027071413,0.1102329087212327,1.0,Omnivore,2,0.9020669366601263,0.6156836654484805,1,0.4869770563132805,0.7244791598846833
Medium,66.843742327928,0.7893796334619244,0.4302297237532914,Omnivore,5,0.6151864416024434,0.371018195374171,2,0.9995756368572791,0.5706953992360028
Low,14.330151911352573,0.16810254980518002,0.5746802403534634,Omnivore,4,0.013440301258355963,0.7071735436090413,1,0.6865285627742946,0.35574929820131806
High,75.32452820741412,0.6454463858055134,0.8328656668833652,Omnivore,5,0.7603472810324208,0.876516111058258,3,0.6697737154881024,0.6979591838812353
Medium,81.54552051365631,0.8612714296253603,0.8179326078518139,Vegetarian,4,0.8920165864254592,0.8331922948031073,2,0.45601689044079696,0.8026143759287886
Medium,44.24720193957496,0.9542313574764216,1.0,Vegetarian,1,0.5376891077944623,0.40215404733071364,2,0.8051441144866696,0.6680662545441687
Low,45.41552632897748,0.37143395064673235,0.6077237783423447,Vegetarian,1,0.40496188604101563,0.27442765706813754,1,0.4450164056491923,0.4998431056658178
Low,53.24619918332593,0.8294002201989358,0.3298943291576372,Omnivore,3,0.7785874665866639,0.3669126731076738,1,0.7230343032231314,0.6157407548890567
Medium,48.65993970815093,0.19079226547583872,0.3091374407050571,Omnivore,4,0.3110311756365216,0.15500111932363597,2,0.7593316475125745,0.5545240103806262
Low,63.3589031091991,0.8071797702024911,0.35953912207060446,Omnivore,4,0.5990362378682347,0.5915924089822711,1,0.7536872590280584,0.5858109287190528
Medium,30.802120704617035,0.657494059256251,0.5631560253971224,Omnivore,2,0.2725356973815575,0.0,2,0.8653657279433584,0.4467888839321517
Low,43.231085879448905,0.19274350721236844,0.9345617070956045,Omnivore,2,0.12421382565652217,0.7977630598835186,1,0.56726938809529,0.4297119909258654
Medium,83.08795800262361,0.40250396035141156,0.6191622519436335,Omnivore,5,0.9034866547633676,0.7107061371613661,2,0.4859326923351353,0.6879157502638191
High,46.07670048977973,0.331770888597036,0.8768520228804482,Omnivore,4,0.47944900374403404,0.7949015424612219,3,0.9574061479015362,0.523639625791924
Medium,78.65142417154388,0.4829670110643133,1.0,Vegetarian,1,0.7483654035963975,0.9234025882611955,2,0.2904308841187284,0.8759581695862353
Medium,65.33007293385205,0.2036486411232774,0.5818524886848582,Vegetarian,4,0.7544991024002987,0.5236265522690605,2,0.7982160105106955,0.832014421168554
Low,32.86098428117613,0.6439979536304735,0.7648625774665099,Omnivore,5,0.28962167801192407,0.4076284334367396,1,0.7655010178037523,0.4398532409470493
Low,69.5299379282431,0.9945051042205587,1.0,Vegetarian,3,0.9773001310614271,0.4515691343867728,1,0.6851453196971322,0.844743350464326
Medium,58.2349904671072,0.01200916308426414,0.7577885751376617,Vegan,2,0.6764657524983616,0.4564150886394048,2,0.6927500677231971,0.8265919960117982
Medium,53.16799415625389,0.5409198132872987,0.6025565680613645,Vegetarian,3,0.6066501626455828,0.21023668628351103,2,0.7759752004728337,0.6294766986587652
Medium,63.674356397580055,0.5736665975490097,0.9375233335622276,Vegetarian,5,0.5019551855060891,1.0,2,0.9010718832481012,0.8072763037138561
Low,67.11950228350189,0.9142087896808119,1.0,Vegetarian,1,0.29357201909391556,0.6157525240652095,1,0.5894782006069614,0.6255347460894171
Low,70.6138773296193,0.6060053347669375,0.7799107960170746,Omnivore,2,0.8667020262867666,0.8423328700351834,1,0.2937183634221854,0.6665219200017238
Low,77.67379271322004,0.6437014196449174,0.7801040598512212,Vegetarian,2,0.3990504175065995,0.515921005331488,1,0.2939837876415479,0.635507284794979
High,66.12203869167534,0.6716528013283887,0.7948770958844901,Vegetarian,2,0.607638186796134,1.0,3,0.9335065240703527,0.7981509073942239
Low,39.36548866820458,0.2689043045614814,0.2730458367860711,Omnivore,2,0.5697883566466261,0.11066239385331689,1,0.5546719154277148,0.45616480584580293
Medium,52.89531813523213,0.056029133248913676,0.8176398703475507,Vegetarian,5,0.3554845134110336,0.4063111132569753,2,0.8729785616871814,0.6102913744444393
Low,100.0,0.5086576822098361,0.8286973872172636,Vegetarian,2,0.9077697229724184,0.692021089245477,1,0.15997192552526623,0.83341437508608
Medium,70.86736590572592,0.15259147124067854,0.4757589518598921,Omnivore,4,0.42984197744377173,0.6730376187533731,2,0.38755556395494967,0.5688097241575117
Medium,95.53930951217245,0.6504924694659178,0.9439532886782356,Vegetarian,3,0.7710034511915055,0.5888968184847955,2,0.4178403200692629,0.7928034617693951
High,80.93151123298779,0.6072936432422932,0.40804154273891635,Omnivore,5,0.6502679818796929,0.8516072444904839,3,0.6275524669973034,0.6561467226097082
High,63.62703107333623,0.7336024015254279,0.7199204005294401,Omnivore,2,0.5438009189371052,0.609171562450358,3,0.8911675909581117,0.6761880047536976
Medium,64.52110604671677,0.13429696439518668,0.42834079816003434,Omnivore,5,0.6710650858327999,0.489949368877557,2,0.840151744446804,0.6343310698436321
High,59.451299401847315,1.0,0.32154920040901686,Omnivore,5,0.6407853681260443,0.17577582306825684,3,1.0,0.5691016358534734
High,33.932930762302504,1.0,0.9941397000560146,Vegetarian,3,0.6284674299243147,0.2585228891035873,3,1.0,0.5986775882716606
High,60.270708787023366,0.3899965092022845,1.0,Omnivore,3,0.5054278859167274,0.4706535236804921,3,0.8525113287559283,0.505963612527374
High,78.16011828813296,0.6434442832940098,0.5984752397997715,Omnivore,5,0.8929318700858838,0.9202574414289172,3,0.6741040894790987,0.6955371923882806
Low,51.00540007768194,0.6134927718519796,0.794325264222671,Omnivore,2,0.38293921424260985,0.3382194820971892,1,0.6342049933325763,0.511269376610277
Medium,66.17929498592714,0.09568620730590627,0.6088546320606206,Omnivore,2,0.9969716422102624,0.2576816542720372,2,0.706546280393418,0.6544248897082146
Low,72.77386568839796,0.4545678211161508,0.857446767114172,Omnivore,4,0.7524425117715959,0.07519134254632565,1,0.3259347642013783,0.6111343813433886
Low,46.354793410312865,0.2511122868190061,0.6684052879457245,Omnivore,1,0.42213981255359956,0.7310345232317568,1,0.49661892737579794,0.6233676784609372
High,53.23045703484503,1.0,0.5352033402547108,Vegan,4,0.37397166915237046,0.3900397414100006,3,1.0,0.6978415773071597
Medium,44.731327642842615,0.8525106362892052,0.9240502178495108,Omnivore,5,0.6285263796921897,0.4714149426270371,2,0.9308612644402495,0.6328137990396614
Medium,47.667515899658895,0.5798327412668638,0.3648285388185487,Vegetarian,1,0.5026254965628861,0.24257459383879504,2,0.6735818786089103,0.60996198548907
High,40.685920745204086,0.7203463368715741,0.25650238589738755,Vegetarian,4,0.4477598512655386,0.15938499504001039,3,0.9745599675497124,0.5968322772538064
High,46.4932730793296,1.0,1.0,Vegan,2,0.25371303129709005,0.35871925425201223,3,0.9538674957534405,0.6746216474432005
High,81.2918352119676,1.0,1.0,Omnivore,5,0.6564674150889382,0.4267886896937816,3,0.7114731460944282,0.7029562063696059
Low,46.26784456364561,0.9693301253516604,0.729865346964626,Omnivore,4,0.11034391445613717,0.27528254665752866,1,0.606799937044191,0.40011524619388317
Low,61.89688828591035,0.12537888410818765,0.7772742119020932,Omnivore,4,0.5170988021111499,0.7301485597702826,1,0.6367737317786745,0.6400486396372341
Medium,52.45696869493566,0.16055781076317022,0.7596962229661045,Omnivore,4,0.4286873228188922,0.6476889914032846,2,0.8018605877181667,0.6425988058514056
Low,77.68298905555409,0.7767366986798866,0.8254390213764433,Omnivore,1,0.5079230302170112,0.4965469090989405,1,0.18676145638735947,0.6014212052982679
Low,79.66743444905424,0.6414344766098449,0.7912294680764503,Vegetarian,5,0.7821972155873644,0.5951042946173437,1,0.4051842165190215,0.6305613565734614
Medium,72.9610497320842,0.11846590489323597,0.8644958515465413,Omnivore,2,0.6599633153113379,0.030468734391386643,2,0.2962418264345976,0.524848971517115
Medium,64.59201829654133,0.06197503598951937,0.8514752626424671,Omnivore,2,0.5007336207453519,0.037187009749865885,2,0.7352528484173632,0.5114755061249124
Medium,56.53410694738652,0.8880803822588051,0.9745728488205535,Omnivore,4,0.3938658536674086,0.3167827785226923,2,0.8199640094107505,0.5433691212014612
Medium,42.121879437131255,0.8688707955393863,0.9218165579196789,Vegan,1,0.45437471404556085,0.3641429563767463,2,0.803936001484183,0.7773612087876756
Medium,89.15293321683296,0.45727092199604513,0.8233937462243095,Vegetarian,2,0.7358949266995916,0.3617004929926139,2,0.34318759635095447,0.7565707177135367
Low,48.6049047337117,0.8910506169305347,0.6565650464120473,Omnivore,1,0.8149285852488852,0.6161901799083821,1,0.5138156445907119,0.5997856446193918
Low,69.95469520549263,0.5936750743979018,0.7234706457636861,Omnivore,5,0.6628167576954204,0.838324554630487,1,0.7891579937100986,0.6896024505188827
Medium,75.89348358935096,0.9059056470189019,0.9160031915724651,Omnivore,4,0.9426177098635202,0.37952190311903283,2,0.47733327603116016,0.6700597093270936
Medium,51.67079254642006,0.4274310711602143,0.7117075006462956,Vegetarian,3,0.2876004004526731,0.16445568156302692,2,0.884561166954913,0.5786148486461412
Medium,75.57018790973943,0.21339832734490874,1.0,Vegetarian,4,0.723274590503958,0.7531913383592768,2,0.5011638262409525,0.7469218463119237
Low,71.46319805008284,0.5337270626460162,1.0,Vegetarian,3,0.523998750367155,1.0,1,0.2977747586460847,0.8295574114024076
High,85.91945753072648,0.757299797996898,1.0,Omnivore,3,0.9444092291867896,0.5907312426676388,3,0.43179434932306127,0.7292526805338726
Medium,52.95980300359933,0.550944193840603,0.9739360065774223,Vegetarian,3,0.5171099857087459,0.7222634584997287,2,0.7937438230465188,0.7404809941931776
Medium,40.71203974080427,0.105582712904428,1.0,Omnivore,1,0.8028378986814109,0.3313243404186813,2,0.7240203204372919,0.5938151040967263
Medium,52.417653668332335,0.9914018630496114,0.8978250465969307,Vegan,3,0.44850774925423587,0.45515972805653704,2,0.8911728502713986,0.7960694463572067
High,63.13280313801498,0.44413682080690636,1.0,Vegetarian,3,0.2792575368531198,0.4697569109532206,3,0.8982960709609523,0.6716375454210293
Medium,60.873190906275845,0.19855240353709291,0.4625358449408053,Omnivore,2,0.5967978892887909,0.7881824331941225,2,0.7146341232718215,0.6621074797662905
Medium,54.098431555881746,0.5268029188559366,0.32296983860881257,Omnivore,4,0.5805500100147513,1.0,2,0.8823950537606012,0.6475567081448013
High,31.362038115341356,0.7372081793948886,0.735935375780566,Omnivore,3,0.18835484193477356,0.5178277928356128,3,0.8940276230434692,0.375930731318721
Medium,67.0572449419366,0.43982073783324427,1.0,Vegetarian,1,0.5197567706323476,0.20493583942914084,2,0.6186173548756307,0.5806934095058689
Medium,89.58516718623301,0.8718921463252545,0.8655310832335619,Vegetarian,3,0.6563474074282558,0.6702762800498442,2,0.5590333092713307,0.7261992876726777
Medium,66.96376857184505,0.5166544007286027,0.5468622050521849,Omnivore,5,0.7659329581655769,0.0,2,0.8862774190419964,0.6459426912932857
Medium,69.1370327858027,0.6096954551449841,0.8672266131225275,Omnivore,2,0.8096841079561705,1.0,2,0.6654805211499519,0.7327346601106777
Low,68.58667959232653,0.7237463854077856,0.9917320225405213,Omnivore,3,1.0,0.6771660073252919,1,0.6377437266943579,0.6883525574169618
Medium,65.955700048236,0.025025101563866614,0.644957195757069,Vegan,4,0.626188697361665,0.3088950086391247,2,0.8187571605712811,0.8609729555129132
High,73.97498950302142,0.8706441825450447,1.0,Omnivore,5,0.7702908276015924,0.695170900970151,3,0.7268267500953395,0.7219682141823006
High,65.93060521778499,1.0,1.0,Omnivore,5,0.6109499129084005,1.0,3,1.0,0.68044830964601
Medium,55.30984245520086,0.01738874292543391,1.0,Omnivore,1,1.0,0.21006366299635543,2,0.5918949069113955,0.6675128384917942
Medium,48.06016634986869,0.4051821038009611,0.5318862052615387,Omnivore,4,0.6041522755976557,0.22942453941426638,2,0.8840731637502932,0.5696487769679712
Low,56.26539517078987,0.92622745020583,0.6080506589985477,Vegetarian,3,0.5630993461984625,0.1168241644337264,1,0.6453863788445523,0.575376662854486
High,64.71194244675999,0.5531544022825379,0.6951009366833886,Vegetarian,5,1.0,0.7094122713932632,3,1.0,0.8028576554374046
High,55.2587555831554,0.6587288242002409,0.6708465563094224,Omnivore,5,0.5406868680293626,0.41862963743117515,3,1.0,0.5877910425944506
Medium,64.71508024697145,0.9815413930443128,0.4238949004281367,Vegetarian,4,1.0,0.0,2,0.8738603883520379,0.7278706243415748
High,66.58725200550626,0.3993238589505738,1.0,Omnivore,2,0.9986507517577499,0.6561389694590112,3,0.990250910836914,0.6628825000776897
Medium,72.49769146905273,0.16525518912500595,0.727827720955964,Vegan,3,0.7207440947113357,0.8890109474817971,2,0.32391524738380023,0.7921671001456595
Medium,79.2419245325847,0.9594225908613043,1.0,Omnivore,4,0.8949421272356131,0.5005406674093604,2,0.4775436629779737,0.6468758322979575
Low,61.17011127718286,0.8684653412123685,1.0,Omnivore,3,0.6370821425862572,0.4961282831466712,1,0.6670789584475295,0.6456479772648074
Medium,40.38335152278509,0.4720778346800132,0.22634806692161358,Omnivore,2,0.5546437155908719,0.2759658788585779,2,0.7153707873721218,0.5473460518581984
Medium,54.82343854771215,0.5142071744772863,1.0,Omnivore,1,0.432315000084932,0.6630964932094976,2,0.7556621037532518,0.48322586457469746
Medium,60.66093851109899,0.835806369617836,1.0,Omnivore,1,1.0,0.00865229333329276,2,0.7161595910095948,0.6599403586432266
Medium,32.46346865734365,0.7385594981157951,0.6827095692796805,Omnivore,1,0.19409016778325555,0.07350132283676897,2,0.8666009155236962,0.3456442938113764
High,80.82996780153724,0.5651490022170107,0.7936774473802395,Vegetarian,4,0.8592393150226731,0.5817505934799176,3,0.6115875934125569,0.7821866136346683
Low,62.135668687656995,0.016893355071518457,0.829196476047998,Omnivore,4,0.6948251956121029,0.7490044979443397,1,0.6626570457460041,0.6788490786570645
Medium,65.72029251870427,0.47970016253354575,0.6532261865719657,Vegetarian,4,0.5941194798248532,0.5483408962887911,2,0.7696644842289654,0.688877529928713
Medium,80.48289693789398,0.9589123260956414,1.0,Vegetarian,3,0.5470014205244991,0.27794369476426045,2,0.41696518888949796,0.6286208267856838
Medium,50.547857547864794,0.8958346766901621,0.3457195641841152,Omnivore,3,0.5536832531137381,0.24849177354315694,2,0.8737892919308651,0.4059835484056442
Medium,68.61062896326045,0.9562261970761539,0.9641757477281125,Vegetarian,2,0.7356571214344655,0.9496859971634342,2,0.8228819315208129,0.732034041492952
Low,58.352038153470964,0.8795632376127812,0.5671050409057989,Vegetarian,5,0.51775087785123,0.08932878450090692,1,0.7348764819124688,0.6075139128312705
Low,57.238696994761206,0.5800435552980984,0.3038283140261524,Omnivore,5,0.5145037383636961,0.7852650065292384,1,0.7349566230975423,0.6157871314983242
Medium,48.41711418293431,0.4446055992361009,0.7947913370775491,Omnivore,1,0.5150083679072722,0.6842212421147528,2,0.5338704769236273,0.5382423154318856
Medium,84.98404820529791,0.874849846534099,1.0,Vegetarian,4,1.0,1.0,2,0.4479441545691511,0.8442040099234053
Low,54.367499398866435,0.7398216343655964,0.6984065017058683,Omnivore,1,0.7786002513831626,0.7830301439683294,1,0.6603793184342066,0.6169077195909268
Medium,70.49196370343553,0.6381434300814544,0.4247460510674945,Vegetarian,4,0.8012353952538785,0.9962069360974493,2,0.47547799306022803,0.7652725470887771
Medium,31.874889187920953,0.08732737255846912,1.0,Omnivore,4,0.23299011360337762,0.0,2,0.8648521026402936,0.5029351815619022
Medium,77.6998279453468,1.0,0.9999299469546229,Omnivore,2,0.7089948751667283,1.0,2,0.315788133392461,0.709827888260003
High,75.78316733935588,0.7556025375016621,0.494629136265749,Omnivore,4,0.7090861621581459,0.7800527506376761,3,0.6303515050506222,0.6239912726362158
Low,61.46151165445954,0.3633337819162643,0.8182381348664454,Omnivore,3,0.5245653204983847,0.3405640039049099,1,0.6304811677068715,0.4563878250940004
Low,56.595863007931136,0.6295673951687717,0.7802336309881271,Vegetarian,3,0.34560722267577376,0.11747338243956684,1,0.6318480158705236,0.6003327750965068
Medium,66.00000008420349,0.6738379611669769,0.39040186921394443,Omnivore,5,0.504097632349774,0.5590855407177161,2,0.9058520071990668,0.6614513858419842
Medium,94.33185991320434,0.3106879170303014,1.0,Vegetarian,3,1.0,1.0,2,0.35471179305089373,0.9142409001425524
Medium,33.55144951644772,0.8369388448099562,0.976083646503803,Omnivore,5,0.20711110071748406,0.43605943373955436,2,0.8753981479036553,0.5798887618471682
High,71.73041081361191,0.5899370936623779,1.0,Vegan,2,0.7245117792950968,0.45204958162808007,3,0.515720176755958,0.8047220502154973
High,46.32574046769146,0.3866839259143167,0.4345981165026407,Vegan,5,0.4634754980235525,1.0,3,1.0,0.8117507080837518
High,59.701224055504035,0.6063998528544974,1.0,Vegetarian,5,0.6888042950253213,0.6911512623685421,3,1.0,0.6512549972020587
Medium,56.28179821382005,0.7305600808974653,0.6239511567284513,Vegetarian,2,0.4307659801381943,0.6722912779980262,2,0.7362654342084742,0.5778174016043983
Medium,53.57522613303367,0.9654581784398034,1.0,Omnivore,2,0.0,0.5334661479736275,2,0.8368508907625182,0.4514116937937199
Medium,59.84302306420906,0.8092812643714332,0.37096307954675906,Vegan,4,0.47512934284300834,0.6530240940660116,2,0.8833683121877605,0.8382621062173151
Low,42.98743282083314,0.9403483776701917,0.7011458526240084,Vegetarian,1,0.24505838045809056,0.0,1,0.5765958933189163,0.619131897915573
Medium,75.43770654191951,0.2406058040765268,0.9743129098871468,Vegan,2,0.3342442860023439,0.6746172280462003,2,0.32898904132467516,0.7879785636375422
Low,33.087847332021,0.07117679886367678,0.4130893351347097,Omnivore,4,0.22021489274912326,0.5145212014088484,1,0.7601973209926829,0.4164471473735484
High,68.09646769242514,0.7577047619066712,1.0,Vegetarian,3,0.54404744683358,1.0,3,1.0,0.6348374064941765
Medium,55.10196221198143,0.29029748304403435,0.9024054908706242,Omnivore,5,0.5455323135113186,1.0,2,0.9652223914072622,0.5891612715933093
Medium,42.43612659288819,0.8280549729692729,0.23029007025239653,Omnivore,2,0.5292324189425954,0.6850224030549863,2,0.8195941962646804,0.5564776688848245
Medium,63.035750558980425,0.6719878714023261,0.923547343491138,Omnivore,5,1.0,0.5890309367528778,2,0.8790737287864192,0.6556090858235687
Low,36.645733699402825,0.9707281639857944,0.6747069029154605,Vegetarian,5,0.3850926752852793,0.32650482218797594,1,0.774974191272639,0.4926557857703672
Low,60.59570732579452,0.2547923557313042,0.4990077383324803,Omnivore,2,0.6119797770117111,0.2955336753880363,1,0.5376693227090444,0.5725927800653946
Medium,38.656846382826686,0.4857841143552324,1.0,Omnivore,2,0.7861448628110823,0.48599820145060757,2,0.7797143014998186,0.5650835410642078
Low,66.91908126476747,0.5012404774253533,1.0,Omnivore,5,0.4153841397640093,1.0,1,0.7349324519534884,0.6391210645496845
Medium,46.13463999554437,0.2391767948573762,0.5231808950067853,Omnivore,2,0.2207397602151787,0.2736987347336974,2,0.682234960908457,0.42220413512244015
High,53.235089744560355,0.7900933994880077,0.807246369521418,Vegetarian,2,0.6528059131060193,0.499369668603601,3,0.9233229368319751,0.6673484236673851
High,64.40924081914743,0.6432859860792395,0.6385483440060279,Vegetarian,4,0.9071787454072904,0.3242947036005764,3,0.9443561922464969,0.7423957831310786
Medium,48.41186832236646,0.4467215559898736,1.0,Omnivore,3,0.7705256466429609,0.7149018499721302,2,0.8451098131747566,0.6397037431168
Low,59.130540004975465,0.3627366479724836,1.0,Omnivore,4,0.23039290785534894,0.8671612682251704,1,0.6379539833155334,0.5258220064491819
High,37.292542481327196,0.21692935242553507,0.5452913193210196,Omnivore,4,0.017805973680558584,0.1029795920245245,3,1.0,0.34869711956650196
High,69.46313405394233,0.722095236914789,1.0,Omnivore,2,0.6712093169100929,0.7541526772411529,3,0.945507044846558,0.5920638986893112
Low,86.47370708326157,0.4352478357003311,0.9307760781295127,Omnivore,3,1.0,0.0,1,0.2723256280699425,0.6754065353975085
Medium,100.0,0.10131986898432968,0.8965785613115773,Omnivore,3,0.9237317350619545,0.7517865647416627,2,0.30285534175408196,0.7391124216329681
Low,61.367522199996586,0.307943707661932,1.0,Omnivore,1,0.3782490351600666,0.8968670148546211,1,0.5341128867595207,0.6712605034082377
High,71.8230621119578,0.578628333089757,0.8695199992788204,Omnivore,5,0.4635741685210689,0.4580224478278327,3,0.6319245346189672,0.5709711951816772
High,33.29061490638766,0.5934481532236358,0.6338635747894033,Omnivore,4,0.5401353940251219,0.0,3,0.9217383292033731,0.4798595577750853
Low,82.54101489458382,0.23185198964339696,1.0,Omnivore,4,1.0,0.8949492162548572,1,0.34498815131344435,0.7992306763346133
High,71.64342757086159,0.8076838246350845,0.6194513388725924,Omnivore,4,0.8425513997351063,0.5641344547192134,3,0.6260057482755255,0.7190512119131063
Medium,52.7409983257315,0.69244035251813,0.5884978624169732,Omnivore,3,0.5173858297796474,0.49848639673325956,2,0.7967159550706134,0.5348620350285053
High,78.55771200433514,0.9301855690545725,1.0,Vegan,2,0.6120334633672382,0.7560805688300208,3,0.6117174584652586,0.9474699607722861
Medium,56.182858850319874,0.8037549475691906,0.9594441396885418,Omnivore,1,0.18019847829908608,0.7411113770939857,2,0.7787275179287232,0.6273257325513905
High,53.12962225478165,0.6520082879870812,1.0,Omnivore,5,0.23083540013196552,0.7672971301924147,3,1.0,0.5105983962314052
Low,67.13002388141237,0.5190917303397282,0.6067618813424915,Omnivore,2,0.26367432194242746,0.6755831662220124,1,0.5543281915024426,0.5530259193447636
Medium,44.049682502545224,0.8104019408589833,0.7640386024425981,Vegetarian,1,0.3804591292843761,0.7204504929082172,2,0.7025628404297096,0.6502813683098693
Low,75.32437146599922,0.5277011708192385,1.0,Vegetarian,2,0.8463853937460515,0.6220133675098575,1,0.29976296625830245,0.7417642702319698
High,44.16015282109735,0.9015993498995969,0.5395046631337044,Omnivore,5,0.4547604498045689,0.46394312962542766,3,1.0,0.5209618113197103
High,44.249178152652206,0.6346023687179918,0.38172236708030294,Omnivore,4,0.725723142839024,0.3786864775468146,3,0.9769171751948391,0.5201595614671768
High,46.354653173874986,0.6177361945115627,0.742659274094039,Omnivore,4,0.4993104655545181,0.03440326281424155,3,1.0,0.49087985914694077
High,71.39250056274183,1.0,0.7447835915385854,Vegetarian,3,0.3851417828666307,1.0,3,0.6824217892698697,0.7100907591071097
Low,50.748369577204386,0.17483691546621116,0.4133190806727355,Omnivore,4,0.4801380262289121,0.44093405003677055,1,0.6409655531795895,0.5584792733881704
Medium,39.78006323449247,0.3385859719415736,1.0,Vegetarian,4,0.3765451122954476,0.81129886112173,2,0.9477405772816758,0.6604825609170999
Low,50.91480000096303,0.22417227674690177,1.0,Omnivore,1,0.6090531063114705,0.5637983315219838,1,0.5217540454236335,0.5757363927943445
Low,59.519364439792696,0.35910994296759713,0.8661790028889613,Omnivore,2,0.7646964935858205,0.6240241389654376,1,0.6529806541563097,0.6972051505844101
Low,42.285412745034215,0.23037482236602402,0.9861038320986251,Vegetarian,1,0.517276679212009,0.6375323162755444,1,0.5059894749613572,0.6028548074166108
Medium,42.72478336448485,0.5794056310866547,1.0,Omnivore,2,0.32990871772552044,0.4456134412688157,2,0.7091887438323613,0.47501446360951916
Low,91.66944501149376,0.8981708026178452,1.0,Omnivore,1,1.0,0.5798041444393726,1,0.21849181685473704,0.7046123871541826
Low,47.091518942791694,0.7866130612179019,0.27961364382568965,Omnivore,1,0.6382550219108105,0.3522600427718208,1,0.5059956705174061,0.6311953518078404
Low,55.1543644684049,0.36450096454879244,0.4334060540588423,Vegetarian,4,0.03344865190940216,0.8124211233258489,1,0.6043578116366493,0.5873698761891224
Low,54.49144498801071,0.9887604058942617,0.34344641609144005,Omnivore,4,0.6975608902910923,0.6710820084430485,1,0.784215617609118,0.6053344271444713
High,53.67964788344337,0.7938543647058007,0.2782778460592734,Omnivore,4,0.35971517755593424,0.19307017322158754,3,1.0,0.5626731818392292
Medium,69.32020109953653,0.3994003017782948,0.6525974142549192,Omnivore,3,0.34225703643225486,0.6699110985455181,2,0.7210394601747474,0.4966777553165851
High,74.22214425708074,1.0,0.7634666817669635,Vegan,5,0.7925861970985963,0.3260635109728423,3,0.6700000288379736,0.7872578900212496
Medium,55.41068352702612,0.7298740126426408,0.5180831499710563,Vegetarian,4,1.0,0.49160983130550073,2,0.9010736100257507,0.7525946829040715
Low,41.45282570111476,0.7492753368241044,0.27186877659189473,Omnivore,1,0.4039112713971546,0.6514455221405966,1,0.5278962817117596,0.49973198680122805
Medium,79.11660341773356,0.29613934973387157,0.9254461079253453,Vegetarian,3,0.7333583365830946,0.47973819896791253,2,0.2401334884267161,0.7960830546102549
Medium,58.56988363204976,0.4683243073685551,0.5661687381173904,Omnivore,4,0.6050097433897457,0.4596016273466201,2,0.8388101373381488,0.5122443300508179
Low,85.95482722285753,0.9618281308246027,1.0,Omnivore,2,1.0,0.43632939226393713,1,0.26411253367821974,0.744555005868569
Low,26.31621153652256,0.5040380076287573,0.139633679307894,Omnivore,2,0.20955821592532065,0.4025743773511462,1,0.6409789360844679,0.3846259811708767
Low,62.931048319249804,0.6834527434210503,1.0,Omnivore,3,0.825988148578024,0.568406775620329,1,0.7194640872133269,0.6607700816958149
Low,88.77909500814312,0.6879337330342645,1.0,Vegetarian,2,0.8081697556799636,0.5478336926107341,1,0.2108543117377623,0.8379724983211101
Medium,54.70103796842763,0.8423567877183821,0.9896402529957077,Omnivore,1,0.43087065850239253,0.5821143054462494,2,0.8292525847173364,0.6472969717824972
Medium,56.61759864998046,0.2845608397616026,1.0,Omnivore,3,0.8486181108383899,0.4647310109940629,2,0.7723007671840398,0.5542968039011187
Low,64.43267537385508,0.5754752778863649,1.0,Omnivore,4,0.42382912093937086,0.6875885738399587,1,0.6962200809287684,0.5875138174579138
Low,51.61806271672564,0.12323466800980398,0.46716159888397735,Omnivore,2,0.6655031699860608,0.15303981630733393,1,0.5478454589961076,0.59923262157911
High,55.31892101920901,0.8902107766994678,1.0,Vegetarian,2,0.48483524962462227,0.36375482160862854,3,0.9461488467943177,0.6474749604147096
Low,54.932773587128956,0.7319678383527121,1.0,Omnivore,4,0.3978921174868518,0.4988775548328518,1,0.7486275820204673,0.5583723051537166
Medium,50.5886889836044,0.04283732118899841,0.9795141532458157,Omnivore,5,0.4222863642005177,0.628264048429057,2,0.9240768980441847,0.5134377333854032
High,78.43284825300839,0.975790963627985,0.7532548202603346,Vegetarian,2,0.3340666240494559,0.36087799388759245,3,0.520523958584428,0.643501726550487
Low,66.91617048444652,0.41469015416578636,0.8803583378278432,Vegan,2,0.4591431815684931,0.5920283243664642,1,0.5513416882663693,0.7460429040810114
Low,63.75942348154953,0.12409687610968234,0.9727149056810946,Omnivore,1,0.6643965356754296,0.8289824417819958,1,0.5194617367088392,0.673637520178285
Medium,72.12856510335175,0.5199075476984676,0.9809856868339747,Vegan,5,0.671763983978025,0.619608950017309,2,0.48009201495805465,0.9331747473141998
Medium,56.034662501948,0.1942329296955817,0.9851579509873207,Vegetarian,5,0.3711787420290612,0.37177975755317333,2,0.8133897754276155,0.6313433869018279
Medium,48.38694272470649,0.41555953212331653,0.3243164527019431,Vegetarian,1,0.7802010628081195,0.24180497152724253,2,0.7517613261686548,0.6800186336757351
High,50.960635430781636,0.5843390279585277,0.610451609985605,Omnivore,5,0.31092837643118393,0.2682643382837694,3,1.0,0.3839648296156141
Low,60.02674561656913,0.7383916369360575,0.7341337446783228,Omnivore,4,0.887703897639398,0.5675539558067825,1,0.6503937514966098,0.6508706732207475
Medium,44.11182437440647,0.7742155581663588,0.4811884197469988,Omnivore,5,0.4705018096334675,0.0,2,0.9206053668745761,0.5107015123908862
Medium,52.49608475119987,0.6070286543845467,0.4351076940252231,Omnivore,3,0.4722847777778352,0.2732867502110365,2,0.8395538358947022,0.44414229823500145
Low,52.25825037192848,0.022686842182447542,0.4002187317725052,Vegan,3,0.5413046489086566,0.5608120446175682,1,0.6983655612288887,0.7769621399340823
Medium,91.86834344743521,1.0,0.8257251094937612,Omnivore,4,0.9774165596721834,0.9892235681902464,2,0.49689350183597175,0.7773816812147415
Low,18.392775900991246,0.6862332800964477,0.5854055800675221,Omnivore,3,0.0,0.0,1,0.7117794810199429,0.23638391476951903
Medium,57.3057041789155,0.034195449921188836,0.3495049610412382,Omnivore,4,0.3873638429379673,0.289154429918963,2,0.7849712124241703,0.5418854813422262
Low,85.88540689222157,0.9188328992141178,1.0,Vegetarian,2,0.818776547280454,0.7380273925114148,1,0.26457695872557774,0.7881223278067074
Medium,61.82766696198681,0.20026615471799614,1.0,Omnivore,4,0.7056763227818561,0.7015848837760466,2,0.8651034746360559,0.641267977205069
Medium,71.3012621013164,0.6792211895711068,1.0,Omnivore,2,0.8457515904348185,0.4831490322209442,2,0.38536597070350376,0.6760061732839269
High,61.497394726496516,0.6666343699501871,0.4803474986212095,Omnivore,5,0.8640700188748589,0.47464544180977886,3,1.0,0.605369523716392
Low,49.989999281752795,0.41983878235507666,0.853750764420953,Vegetarian,3,0.2541792084818699,0.5182395997693097,1,0.6903656487478471,0.6198571359334925
Medium,26.3712609823663,0.8897137201243975,0.661581251720499,Omnivore,5,0.3350591058057139,0.0,2,1.0,0.39436362894787
Medium,63.081835305544544,0.4373612915626147,1.0,Omnivore,1,0.6282269020314564,1.0,2,0.7012716407917337,0.658750591471878
Medium,48.36590093096413,0.07534411757315074,0.9895012747349786,Omnivore,1,0.37710023813706034,0.4278577383420313,2,0.7091707304276834,0.4825481795132739
Medium,47.994968907520445,0.9466387272149526,0.8157367282538334,Vegan,5,0.88068123767324,0.2948796509732863,2,0.9166062520070017,0.8556095841102983
Medium,52.51519116031332,0.9205352312396275,1.0,Omnivore,4,0.611570536186294,0.7798015183053016,2,0.8721407638302736,0.6397931865890598
Medium,86.17292109935241,0.7844326895815987,0.5859588763574715,Vegetarian,4,1.0,0.7562953092361255,2,0.5568560196455493,0.8308426753444946
High,96.0725631338096,0.7678925281320249,0.4955793453600252,Vegetarian,4,0.2879804166986457,0.7483302969366711,3,0.4816872763152641,0.7597677363029348
Medium,63.25811906292601,0.09285947294352126,1.0,Omnivore,5,0.8419948531795085,0.6387380142094902,2,0.8473683213406672,0.6379471100748867
Medium,53.02849164132408,0.7907481185774762,0.3634539184438579,Omnivore,1,0.637501978340985,0.454402636280357,2,0.7399071591624304,0.5898922920670285
High,42.34160373823184,0.27547791442402897,0.3271416586746684,Omnivore,5,0.5637798563227902,0.16818015439861558,3,0.9693842715413212,0.47186462377314264
High,67.02810242319103,0.26860098489514567,1.0,Omnivore,5,0.6116738646005042,0.8787382687457688,3,1.0,0.6924708411714561
High,86.74358400097717,0.8373838424393681,0.7042527641388749,Vegetarian,4,1.0,0.27356348269789116,3,0.6313355484482311,0.7948026835673837
Medium,56.28989419462265,0.16012824018464022,0.9100806865420061,Omnivore,4,0.5235241077825462,0.3475754832235383,2,0.8516776563217029,0.5183176676982975
Low,24.315059388701634,0.007730267340348984,1.0,Omnivore,1,0.2394107530398161,0.7589290044289986,1,0.576247346143371,0.48386216711480773
Medium,70.05074507723286,0.5231134309957862,0.6667282570240226,Omnivore,3,0.5048376702166483,0.6154316498446774,2,0.4638531039104048,0.5155730717240483
Medium,74.78099567175074,0.23721723161006594,0.5910491361986725,Vegetarian,1,0.7399463934505458,0.14752375865990935,2,0.2563476915008462,0.6618110184436004
Medium,36.21231539421229,0.16051541528069124,0.2876244607121132,Omnivore,1,0.3272058017411379,0.6405901371946141,2,0.6091835611965459,0.4872020942336253
Medium,62.64726275494429,0.07691063873533466,0.44369867519444756,Omnivore,4,0.8408816365352731,0.43682205486430664,2,0.78749687780506,0.6434641850613436
High,66.76839024204148,0.40509375372360995,0.3960646465890501,Omnivore,5,0.7946245535668808,0.23849890444393446,3,1.0,0.6221384204617593
Medium,58.903390469865926,0.7154841797743894,0.38215933117906975,Vegetarian,3,0.823695880067955,0.8069232750887523,2,0.7326306785818423,0.7361746837274723
High,48.13843621371969,1.0,0.6726967698777524,Vegetarian,3,0.45983152109633474,0.7303301413632566,3,1.0,0.6905357907880394
Medium,75.23905835345334,0.5525336440293006,0.6970603367912365,Vegan,3,0.6845213294375283,1.0,2,0.4113203757729792,0.8258295096027658
Medium,53.94930381046976,0.5065538158814177,0.9763073333753468,Omnivore,3,0.7163171430109314,0.15891215829983474,2,0.7889671528956358,0.5536558786809567
Medium,37.722207559501015,0.0326550345942026,1.0,Omnivore,2,0.408811938265318,0.27237435207748556,2,0.6066438037046056,0.5376183130279781
Medium,29.257882714954786,0.06931626137131686,0.9310626167171583,Omnivore,1,0.0,0.1559709987959683,2,0.6575870737100947,0.402916720893262
Low,78.91274279998964,0.3575677256495169,0.9252009706656004,Vegetarian,5,0.698594415406212,0.3777585203107517,1,0.3405473126508983,0.7990251713801892
Low,69.24995964706677,0.5438984207131475,0.4486919144679873,Omnivore,2,0.25525008069791344,0.7487099454835437,1,0.5624450778736194,0.677070358670196
High,61.319603206937536,0.939551148734993,1.0,Omnivore,5,0.45008913390788474,0.8389834478259599,3,1.0,0.5659305147171434
Low,53.39588044723795,0.605003061338033,0.6298081269630633,Omnivore,1,0.7391706926186248,0.30816054606542737,1,0.5540356510343358,0.6024786410896155
Medium,52.06502378695309,0.39212785498678826,0.34597551285017564,Vegetarian,2,0.4533549917150528,0.48049108043501215,2,0.658951832930296,0.6022909411600412
Medium,43.863950273375835,0.11832407300313819,1.0,Omnivore,4,0.3847439361868511,0.4088036102475671,2,0.8460063647239874,0.45062593470453327
Medium,53.52816533160173,0.7807732348871894,0.6058573438405142,Omnivore,3,0.4964491813243369,0.7712447480582869,2,0.9516143828553066,0.6050554500807882
Medium,28.198691773197385,0.3637860515990571,0.35924229137755825,Vegetarian,2,0.2841870746630522,0.2372933833023045,2,0.8258925913445345,0.5384380661259889
Low,48.95904519797229,0.7360540144827896,1.0,Vegetarian,2,0.42263534529669233,0.4178210894920023,1,0.64818875674383,0.6042357739278736
Medium,55.335937254733594,0.5129788419143418,1.0,Omnivore,1,0.9166926727870285,0.7357792833077549,2,0.7151579758659289,0.6962778833942284
Medium,69.14820070785629,0.7386620535618252,0.6847118407308412,Vegan,4,0.35080933355282673,0.6132974474224266,2,0.7984988106901177,0.7516535437397729
Medium,59.401103049399545,0.9072895614525719,0.6518069345283711,Omnivore,2,0.6397938849374887,0.3243130832804877,2,0.8033089815746202,0.503946918664648
Low,71.92384670813338,1.0,0.939247761123811,Omnivore,4,0.830475764627884,0.2712515786176078,1,0.3353212445355092,0.6709501405877137
Medium,80.23702657670144,0.6351067800006034,1.0,Vegan,5,0.6234097202863718,0.4830005445548454,2,0.38654552560936845,0.7991894931437462
Low,75.87255140736153,0.6115083647656387,0.4425119589436711,Omnivore,2,0.8878560351859299,0.7050508939847184,1,0.19231967577497242,0.7373563050277795
Low,67.05764771067835,0.26567846550283725,0.9286318957418634,Omnivore,4,0.537001306847471,0.16890805164963746,1,0.6478391441988193,0.5764418776716524
Low,60.17794018771176,0.9357998315292914,1.0,Omnivore,3,0.6977456270710122,0.5834647244658357,1,0.6163224789302547,0.48687121791355376
Low,45.28817987379661,0.4579191671996209,0.4885347965489367,Omnivore,1,0.20051539283717307,0.0,1,0.5407178931590577,0.4159744818655626
High,71.09916077068975,0.4275912392873772,1.0,Vegetarian,5,0.7284912251998598,0.29357471549769465,3,0.5688668973565427,0.6700646377012436
Low,85.19621073332294,0.5327049146265499,1.0,Omnivore,1,1.0,0.9056165045157764,1,0.17351185227540378,0.8073369368279786
High,65.13159059475628,0.32705325023800397,0.594811593944871,Omnivore,3,0.47030905254233246,0.4092702019358627,3,0.9606178303490985,0.5368365664772906
High,88.75888722639185,0.802531684257075,1.0,Vegetarian,3,0.8045002770376068,0.8087053472968426,3,0.47712998683504093,0.861781980685686
Medium,37.11642437908374,0.5612755148562122,0.4243571302149787,Omnivore,5,0.7011043982250345,0.292731853060399,2,0.8855308675223375,0.5469742161300236
Low,42.68754922830688,0.3377557614935853,0.951048907873667,Omnivore,1,0.6741672486126866,0.823043892188721,1,0.510352504048958,0.5736985338168477
Medium,72.82802261622393,0.17165061423148467,1.0,Omnivore,3,1.0,0.6476810351626062,2,0.355363998341626,0.7354857054845657
Medium,63.96435315229876,0.9435035356332391,0.5670274694721432,Vegetarian,3,0.5657887548885705,0.22618670058531992,2,0.7216307769234108,0.7079118398859515
Medium,79.70673264857712,0.8733531134834296,1.0,Vegetarian,4,0.8664485760864206,0.8467046556964019,2,0.5066266534543025,0.7582825263475323
Low,59.767925389098906,0.838881080505121,1.0,Vegetarian,3,0.6899133092271752,0.18212211373467435,1,0.7598288837648652,0.5992274999247816
Medium,46.98036866207502,0.3668683942862294,0.5934807154172869,Omnivore,1,0.3144058868740103,0.6891264963302141,2,0.7625070206910779,0.5218450078091357
High,56.79610136692436,0.9608310300194505,0.4516832828243487,Omnivore,3,0.3444368777889124,0.7113397584584245,3,1.0,0.5334242578412688
Medium,37.009740436143986,0.48537289516919424,0.27701326949823346,Omnivore,1,0.12192422033280045,0.39728939074183467,2,0.5978568267627291,0.46219296275716687
Low,43.07113990354448,0.20108348840604595,0.7907374031276643,Omnivore,1,0.3304117210230277,0.5854278942892963,1,0.4886481222204959,0.5503338296225696
Medium,74.58665996877015,0.22442337690721328,1.0,Vegetarian,2,0.4902981700423467,0.9735761982285218,2,0.3476212340965994,0.6614721244903607
Low,73.09181121704415,0.44505086932205684,1.0,Vegan,1,0.5955371164072548,0.6009187725652189,1,0.1675443568646303,0.8066318163984393
Low,65.44506427209116,0.13755211147513968,0.7630649602950086,Omnivore,3,0.4532843878628783,0.5965846300929042,1,0.6718188808879203,0.5032558492581424
High,34.183837185592964,1.0,0.7075400887829234,Vegan,5,0.44427735684128006,0.35753756349662286,3,1.0,0.6250952437194327
Low,54.62394636730667,0.049188990232022056,0.5526476172483523,Omnivore,4,0.6252401978479692,0.23534880804145838,1,0.5939167039885684,0.473816351083672
Low,41.62500167009924,0.44114359936907654,0.37119087571055975,Vegetarian,1,0.3019658145707086,0.17402207266046968,1,0.570630699718484,0.5420038964223447
Low,77.64799880681647,0.5520935223903841,0.8703211522663556,Omnivore,2,0.7081473599565177,0.6643936944440533,1,0.18138611370844504,0.5842712185915104
High,51.24416799656098,0.5006319285816756,0.7197224061499901,Vegetarian,5,0.6315451965950333,0.4252422314123651,3,1.0,0.6379988738232043
Medium,43.71378433827676,0.5713515657069453,0.740498874495144,Omnivore,1,0.36615411173539564,0.44055274446036985,2,0.7407439201754024,0.4613521731988941
Medium,60.44694247682137,0.14997702415154468,1.0,Vegan,1,0.4853902501961189,0.3556654528280948,2,0.646532897932895,0.7363958774544115
Medium,50.39768314748082,0.7839123805872337,0.8558837158821764,Omnivore,5,0.23813609106518868,0.0,2,0.9368096324260146,0.4483564318969334
Low,82.2561586530556,0.4324477182476383,1.0,Omnivore,4,1.0,1.0,1,0.3490563458331483,0.7605698878685778
Medium,48.97783653698714,0.5913425897986417,0.3729139455460125,Omnivore,4,0.1655708155234874,0.0,2,0.8856468831438191,0.369760061832489
Medium,39.01157611163053,0.7156392360669593,1.0,Omnivore,5,0.32701242449933793,0.569181783815615,2,0.9284699217122075,0.49840323390630137
Low,27.706297263637268,0.8890421176901612,0.9113764305528549,Omnivore,2,0.0999978251001738,0.13964649722204997,1,0.651503086246686,0.36814346082891264
Medium,59.538202463798775,0.8357874364522001,1.0,Vegan,1,0.6244732889173484,0.5560909254492132,2,0.718330707999061,0.822500437213485
High,51.5710482921311,0.8083090281035596,0.6721556532916496,Omnivore,4,0.42623825904789164,0.6284974500945787,3,1.0,0.5178797665866912
Low,38.5664309023241,0.3883931803838869,0.6949602502972454,Omnivore,4,0.40241961890361827,0.18448070495972765,1,0.6899714053567095,0.5051658968875229
Low,77.83839691883678,0.6032046700749639,0.9112757937564604,Omnivore,4,0.6102547083725652,0.2383438010031766,1,0.2584722866406194,0.5527164286522116
Low,70.00867721143862,0.8687347933788026,0.5441379253467983,Vegetarian,4,0.6093650001153652,0.883407590624314,1,0.3582644219914767,0.7038003111441563
Low,59.57673181594156,0.877545542559473,0.987372815406665,Omnivore,2,0.3263267461709035,0.6970705332591669,1,0.6653123899130368,0.5486450664408328
High,80.464893662563,0.4037819281766719,1.0,Vegan,5,0.6029965034765183,0.692176048431122,3,0.6907295553751701,0.7645216090602575
Medium,69.9380405009792,0.3848562624930535,0.513396020643315,Omnivore,2,0.6067562708087064,0.8302921987765854,2,0.6592567610374463,0.6002128663350395
Medium,47.65716147722351,0.7761165984135006,0.32460408087228204,Omnivore,4,0.5094297497920155,0.49559078742654916,2,0.8909887591627963,0.6040277390762265
Medium,44.411697540138505,0.431651762593961,0.9602773932410347,Omnivore,1,0.4147244892321067,0.3536464114605309,2,0.6737716706789926,0.5404419682318166
Low,72.26972316680792,0.4322277640662838,0.6345504475070216,Omnivore,4,0.9954231581417898,0.54207844210132,1,0.32181754171797006,0.6785553371740799
Medium,65.94550434701027,0.4113226968232696,0.9535900633523807,Omnivore,1,0.35679026053640955,0.0,2,0.6295083734978807,0.6207874722167004
Medium,62.54621651955993,0.6028447467863508,1.0,Omnivore,1,0.5731431674987408,0.601493548467387,2,0.7750861646968388,0.5915124263107476
Medium,47.30253295696639,0.9998051441338015,0.5584234283666537,Omnivore,4,0.018431667354678383,0.08941475138150706,2,0.846293287950647,0.4148374428727378
High,69.11921350508631,0.6929924291045317,1.0,Omnivore,5,0.657948498503595,0.7079120327771384,3,1.0,0.713035014736758
Medium,48.667516752990764,0.20849447495426054,0.7933265658791707,Vegetarian,1,0.3525015317418715,0.31818884048803964,2,0.8064580765405627,0.6158933824916915
Medium,58.47020018109483,0.16284657527909474,1.0,Omnivore,2,0.4814947612928657,0.0,2,0.7209406607193085,0.49749233988506697
High,81.7041621958047,0.34234974747641433,1.0,Vegan,3,0.6806807725762465,0.6619590658476318,3,0.5887741938557571,0.9005068862457899
Low,50.087486462847814,0.5588172349183215,1.0,Omnivore,2,0.5878574621489605,0.282555342612696,1,0.6182717879597727,0.5765066951856355
Low,36.40516114390709,0.5445720914888342,0.20218718783742953,Omnivore,3,0.42003959871878527,0.7168627351601657,1,0.7178782247452149,0.4920818403906021
Low,44.21179212194834,0.20523392678030916,0.46456522134833644,Omnivore,1,0.20092556586599358,0.0,1,0.5607419526127567,0.4178318159586957
Medium,74.91448240031434,0.795329406452567,0.46458035244751034,Vegetarian,3,0.704038491185933,0.37532328718879104,2,0.3896110656308357,0.7350995445138859
Medium,63.82096706070314,0.7411070416296808,0.7611878524928648,Omnivore,3,0.33405995443488584,0.17843118515041861,2,0.7352456078646058,0.519573109084559
Medium,58.066839319668695,0.25909820538211126,1.0,Omnivore,1,0.23912687049311582,0.7208317607213586,2,0.6120930386458026,0.49287436998147927
High,52.36359292032646,0.5440997640297365,0.7293582268685015,Omnivore,4,0.60375941097608,0.5001103517775352,3,0.9791528381445483,0.590373893735222
Medium,67.28039861329785,0.9904716723472566,1.0,Vegetarian,1,0.4453556927337269,0.7847772041955063,2,0.7772849328022626,0.6839802447530028
Medium,47.26342723514665,0.3742644678507342,0.5634953741950511,Omnivore,5,0.3498456010816746,0.05945072975850296,2,0.9374998203729297,0.4941349298027452
Low,64.58498352963893,0.7608016717561018,0.6624949904534471,Omnivore,5,0.6897036749463575,0.24916908048808573,1,0.7737397317237057,0.6363659236537108
Low,49.031181467805645,0.45272542662994,1.0,Vegetarian,1,0.48678716312262094,0.4260524642899592,1,0.5535704524322972,0.597213918982944
Medium,46.53510922087419,0.7933448278609759,0.6584926926160725,Vegetarian,1,0.7461141583874782,0.9082616644252437,2,0.6135824563411714,0.7147932189190336
Medium,50.437688477624825,0.7690232387826479,1.0,Omnivore,1,0.2529888177001982,0.5834112584064628,2,0.7127042162917407,0.5191139209070539
High,54.36888830274057,0.8677560251985357,0.5084879893956042,Vegetarian,3,0.78758962992431,0.18986777923614645,3,0.9820729095085565,0.7218367895238187
Low,59.26755246099445,0.8547783462955792,1.0,Vegan,1,0.7083713709158899,0.5592703145093401,1,0.6079206138004818,0.7875644967455704
Low,63.53183692666671,0.9392184948776852,0.8922374311639047,Omnivore,4,0.7873107298391564,0.7081916804926972,1,0.7276196591756706,0.6570893247600631
Medium,4.67452062857334,0.5799833204520839,0.7826961717212686,Omnivore,5,0.0,0.0,2,0.8829567761397444,0.39002686392685226
Low,47.88524163379853,0.23746890722274572,0.3289419079638781,Vegetarian,5,0.2884719805593857,0.32251812355098136,1,0.8181618872646521,0.6268358159446684
Low,54.126450339659414,0.398628961644075,0.7632964775288258,Omnivore,1,0.5602893798104758,0.39686196261958256,1,0.4709452432811112,0.5476092230616565
Medium,82.57593057912496,0.8583057135132932,1.0,Omnivore,5,0.634423554433803,1.0,2,0.6041559279022296,0.7854489244407629
Low,43.79996087426802,0.6508834851238695,1.0,Omnivore,1,0.24026059096945754,0.3938605906901423,1,0.5962661361133578,0.49851945038431494
Medium,62.441949271498686,0.17779833856524874,0.359023703591721,Vegetarian,1,0.6545316347181274,1.0,2,0.6614748902896376,0.8429376059331019
Low,82.42545464603756,0.1512395411464247,0.7158257423591345,Vegan,5,1.0,0.46243279855113995,1,0.4252459147973847,0.9672045957104642
Low,40.30547205079091,0.6829615935420649,0.6448473667330347,Omnivore,5,0.08227789318031281,0.5002211253376613,1,0.7650726287711123,0.5899618384297327
Medium,65.90962838796604,0.25107902402934534,0.5018129562956184,Vegan,4,0.920484379911245,0.13319366167233404,2,0.7822625251264277,0.9030706172340398
High,47.965922490982194,0.6996702437290534,0.9698279234448813,Omnivore,4,0.23133155401856634,0.58439862846644,3,1.0,0.4780264397184512
Medium,52.43049386566148,0.7467467725125942,0.446664464927019,Omnivore,4,0.4630000000019313,0.32084590610054464,2,0.9184621033697568,0.5698974822369143
Medium,47.95333749070028,0.5626667806563331,0.5864063818233876,Omnivore,4,0.4213540292759079,0.30217227581009753,2,0.8838985250493622,0.4654318421409992
Low,49.022140373761715,0.08330258311179639,0.9083913387266268,Vegan,5,0.39338388438755345,0.6223583985701461,1,0.681319581134284,0.7848821581834892
Medium,100.0,0.2855802367835554,0.9820893445244799,Vegetarian,4,0.9526189457618272,1.0,2,0.4618145154724066,0.9756699781062393
Low,72.66683808107499,0.3193281840309191,1.0,Omnivore,5,0.7535276393173242,0.69704912376868,1,0.2460311714815906,0.6242188974450918
Medium,76.52606792679313,0.35786425364484487,1.0,Omnivore,2,1.0,1.0,2,0.4038483442520423,0.7900375260843951
Medium,67.37990230254744,0.5654033919505043,0.45344619922793467,Omnivore,1,0.6333922633687619,0.5820719617943111,2,0.7465458586428285,0.6517589818001297
High,35.90614817397063,0.7039657798253935,0.889098457267914,Omnivore,4,0.17655299871348906,0.3973555892216437,3,0.9119403385116739,0.4804831933494874
Medium,65.9243695548496,0.20316003836420893,0.5599660034063625,Omnivore,2,0.4454618801932205,0.6287609090648378,2,0.6837317640568564,0.5247041853703209
Low,76.0939442176102,0.16755484345568708,0.7949464484956202,Vegan,1,0.8247646025454387,0.8445083629440023,1,0.17906960651073586,0.877996509612873
Low,47.19900788941333,0.17143220447471808,0.2688577652422065,Omnivore,1,0.6354667847757423,0.4005667599098122,1,0.505632490955772,0.5776981710449546
High,74.4799000074169,1.0,0.5083068823297834,Vegetarian,4,0.6150063712480952,0.3138262278621204,3,0.6482277711535668,0.6850857882953327
Medium,70.56504314781118,0.5685469497914722,0.6726025047879556,Omnivore,4,0.888959769203889,0.7016541165460202,2,0.5271557680501247,0.6409679749669829
Medium,87.78060067220505,0.9673455047021124,0.7808888086490102,Omnivore,1,1.0,0.2708082897286119,2,0.31707967888427535,0.750855974938976
Low,53.73325481229572,0.8487524666688433,1.0,Omnivore,3,0.8012184881704686,0.7048576893574435,1,0.5776389925310658,0.606025158659191
Medium,43.535835265864094,0.5115195574628737,0.9594920855958355,Vegetarian,5,0.29046425385443614,0.7145183686146999,2,0.9702631461193162,0.6150264275840467
Low,54.575578359411814,0.7066877084605435,1.0,Omnivore,1,0.7520141880025004,0.309131202455333,1,0.5488113077210626,0.7024277532169471
High,81.53356489745435,0.4927520104127123,1.0,Vegan,2,1.0,0.5236414666289211,3,0.49795011986528376,0.9669467314381669
Medium,32.573911787370555,0.6883967049269083,0.40458329102817076,Vegetarian,4,0.33836868771426776,0.0,2,0.8591124525152722,0.5351109598477124
High,28.974364268534515,0.47238457926328953,0.47252685126431543,Omnivore,5,0.46919911337713127,0.22529105442137512,3,1.0,0.49436261485730193
Low,61.3409291839742,0.8320620967541508,0.6265405692118381,Omnivore,5,0.7655539630583943,0.6260842319687566,1,0.740049324836934,0.6528515042943107
Medium,53.36116060838766,0.08372413310890992,0.5933001307051899,Vegetarian,1,0.7830828064211495,0.5444168585445031,2,0.6493727538244409,0.645034341132227
Medium,60.11591839763527,0.7731386728852775,0.9735437650999921,Omnivore,4,0.7169257454948378,0.581722837996018,2,0.8295089578936776,0.6387986026666518
Medium,74.17967656853799,0.19993690656861954,0.9017063109331062,Omnivore,3,0.892758840117525,0.5388807155379975,2,0.43854424358734867,0.7380097002826423
High,51.711459808217214,1.0,0.6439814771277304,Omnivore,2,0.31304910232251504,0.7042034564721793,3,1.0,0.5325055513456095
High,31.90491253604069,0.5042045181350037,0.30861433140892003,Omnivore,4,0.3186239364941408,0.0,3,1.0,0.46495577816444905
High,90.66722335799916,0.9543933648305748,0.4754752797321417,Vegan,3,0.756694573528174,0.4732571077056548,3,0.6214957679216002,0.9062461816841002
Medium,45.04157568841836,0.48750227862027984,0.4440425560297844,Omnivore,5,0.689507662105985,0.0,2,0.8137772269466089,0.5606559295330936
Low,44.114443169818536,0.366303145262339,0.32804361981777397,Omnivore,4,0.1695295464627704,0.17062350412725055,1,0.7431826102970704,0.3865155995201108
Low,76.55580020583895,0.7454418331834964,1.0,Vegetarian,2,0.32787102662989137,0.29455905589873715,1,0.20208687987579008,0.6684710870539579
High,54.23266318437723,1.0,0.3836612737357715,Vegetarian,5,0.259150337052295,0.0,3,1.0,0.646336704935468
Low,59.04915221947784,0.04126974737462186,1.0,Vegetarian,2,0.5449380362855705,0.2754912472082828,1,0.6389976309578779,0.6534380133345267
Medium,67.24185186090477,0.9188528558831043,0.7218679490806066,Vegan,4,0.2677068652858884,0.8038473172573887,2,0.879801231736283,0.7553912570148172
Medium,76.25374654664994,0.7090816550210135,0.45464712247702566,Vegetarian,5,0.3839437788831035,0.7223632755141818,2,0.4087802249128521,0.742837333023156
Medium,54.998089602273424,0.8073143007690523,1.0,Omnivore,1,0.6829658806043621,0.6470043963298561,2,0.7422994971369622,0.6577641655000294
High,82.79928008871448,0.6838749534342775,0.9936269706801857,Omnivore,4,0.5493871682114597,0.8483938356256246,3,0.5605309371510753,0.7212797523549673
Medium,27.963002268977917,0.4718429748376137,0.37557652420846266,Omnivore,2,0.4806221232098332,0.1360865174827698,2,0.7172078808468011,0.45993008870630475
Medium,71.39680855429616,0.968850751801164,1.0,Vegetarian,3,0.44958458821903124,0.526418028032217,2,0.43633764502269606,0.7121508811725604
Low,47.40708662973514,0.4148479698098231,0.28229374701922716,Vegetarian,3,0.04671842871571552,0.17970094813039203,1,0.6888626980601679,0.6191317190190055
Medium,80.58406974911986,0.634659566749085,0.6047399569433622,Vegan,4,0.6000890455238984,0.7458568274537412,2,0.48595795500278655,0.8153473296017807
Low,62.130667182458176,0.020194923084332905,1.0,Vegetarian,1,0.36368259981880374,1.0,1,0.5789715723963654,0.6277897761816933
Medium,49.90642001985898,0.1585980058380423,0.958910030409184,Omnivore,4,0.24042235064103545,0.024771084326721426,2,0.7761441747027876,0.4897835250014942
High,69.94261639532449,0.8416865079747997,0.6389847757011005,Omnivore,4,0.6775205043216462,0.8821896117030881,3,1.0,0.6850909953331501
High,73.39782520810877,1.0,0.42901400139332696,Omnivore,5,0.7680253384300306,0.4517454397350826,3,0.73874553261527,0.6249823545183136
Low,69.62841184287957,0.5826009367844994,1.0,Omnivore,1,0.9727210915632896,1.0,1,0.5919334766222727,0.7015485336422281
Medium,44.554556405504094,0.14331003627561067,0.5364704200974231,Omnivore,1,0.3730170778722188,0.4816873697489825,2,0.7199100893165109,0.5080487761966643
High,52.739743145668726,0.6454054285778348,0.45941213065660885,Omnivore,4,0.5847110015102294,0.26742333487417724,3,1.0,0.5998233964964655
Low,59.93890744317847,0.3550947663631898,0.8157563595768694,Omnivore,4,0.3335475621530522,0.42873371852840525,1,0.604662378252415,0.5768812890660702
Low,59.381105210249096,0.4956613440350883,1.0,Vegetarian,5,0.41225913347980464,0.7098365322641993,1,0.7206880502481561,0.6834379243707208
Low,71.24618213157521,0.9703290345540942,0.3997774885012514,Vegetarian,2,0.9725026423325855,1.0,1,0.2957664994657817,0.8132029713784915
Medium,29.776481512400878,0.7758614386586519,0.9146864955928922,Omnivore,4,0.5786936664269546,0.49010757576240205,2,0.9017727680013621,0.3987588996700284
Low,65.01490581830255,0.08398950138915895,0.8975477570302217,Omnivore,1,0.967640023853654,0.40851880175102656,1,0.5603668877361762,0.6869436420627343
High,55.6502796834504,1.0,0.7037005149690689,Omnivore,5,0.5313550333575394,0.6100499450329997,3,1.0,0.6120804836723985
Medium,47.42249075424071,0.4717671511498236,0.9811928978762636,Vegan,2,0.20935950299848521,0.8743329264167264,2,0.7206271682892054,0.7169816152284283
Medium,48.86269833345601,0.7438621448859984,1.0,Omnivore,5,0.33236867633333333,0.5466854996969803,2,0.8833570144855878,0.6355002812073932
Low,56.78193503223055,0.14003923126435214,0.5131158863238438,Vegan,5,0.5022555654244788,0.43439532436496126,1,0.6316834269592128,0.7204622755777093
Medium,5.9837234331072295,0.6707195257070481,0.17356598223765576,Omnivore,2,0.0,0.0,2,0.7934418194466079,0.3859203119605382
Medium,49.48065643812675,0.23632601760945793,1.0,Omnivore,2,0.5174709903851897,0.781198468102843,2,0.6513025228571773,0.6187044853485005
Medium,46.8627776303056,0.43838089714093154,0.9032669656088317,Omnivore,3,0.6188840670211726,0.35178564323341005,2,0.7938676602253479,0.5435356844769776
Medium,67.99174813983936,0.01686287008210441,0.7779447622611628,Omnivore,1,0.47411584460940515,0.35413938808031303,2,0.6459396784009859,0.4861905161388482
Medium,47.91709976234219,0.15161063793047602,0.8128450690759941,Omnivore,3,0.8626700923245803,0.6190851010685864,2,0.8208824658430832,0.6998598193474866
High,56.77329299744265,0.2920804931236198,1.0,Vegetarian,5,0.5826270217183193,0.7047158853102196,3,1.0,0.703340136013079
High,83.13414941491953,0.5397441729382585,1.0,Omnivore,3,1.0,0.4158721888123822,3,0.5345946556519847,0.798064171375372
Medium,74.91527279723135,0.20001809002432228,1.0,Vegetarian,3,0.8338376266001604,0.39796646166576144,2,0.39625058343946346,0.7597908033874695
Low,73.5340709991518,0.7919100266195619,0.7945131438913816,Omnivore,1,1.0,0.7816748223340362,1,0.17910018009228182,0.797840590368443
Low,52.501913543837226,0.02903990220921937,0.5559204777385811,Omnivore,1,0.29239136639301155,0.8002063181850434,1,0.4581237177858072,0.47213260564219645
Low,68.14548418934478,0.617740500624998,0.9803916877365658,Vegan,2,0.5787111077875132,0.46899352680551043,1,0.6708574943346162,0.731699883406117
Medium,56.49153299319609,0.14070783082557425,0.6981855642455108,Vegetarian,3,0.46283039595934194,0.4086473596770789,2,0.7840653030375,0.626283369394562
Medium,57.058601839845934,0.9451614571778969,0.8798914631482075,Omnivore,5,0.6071515415644063,0.2683247138908021,2,0.9739826060098313,0.454016720521638
Medium,66.14528015619824,0.9330940731098543,0.7507121992369414,Omnivore,2,0.6866021940151569,0.9207092101536181,2,0.8381860487646378,0.6774508782944065
High,51.04509617368601,0.42550310252096263,0.40822126754660454,Omnivore,5,0.588220875145664,0.6223890906464031,3,1.0,0.543954105781141
High,82.39504656664805,0.9144212982230294,0.8814019844921986,Vegan,4,0.8519422180576783,0.35214133384763224,3,0.6332077282884188,0.9079462819973807
High,57.59804790603094,0.22800531947245845,0.9789080614711876,Omnivore,4,0.6874519997118635,0.978246952259464,3,1.0,0.5537165397252396
Medium,69.27540849389497,0.9317885430511741,1.0,Vegetarian,2,0.5959799468255791,1.0,2,0.7850563497329834,0.8153605555738859
Medium,81.83400718885947,0.6229873081917097,0.9024963127408442,Omnivore,3,0.9118551982303401,0.14206480347627326,2,0.352087406396862,0.6645235009025363
Low,75.47480661862762,0.143223151417779,0.542611923303539,Vegan,3,1.0,0.7336271508237546,1,0.23924305951821065,0.9697628894341795
Low,38.86621345964213,0.3424999930081374,0.6090187769476423,Omnivore,4,0.38956322237934304,0.0,1,0.7520194198189392,0.4470400068995048
Low,66.67343842514826,0.0768494618612342,1.0,Omnivore,4,0.37787727594070714,0.466650200185927,1,0.6242601685584447,0.4722531498662314
Medium,72.7607909169097,0.49294443937335986,0.7766632252016213,Vegetarian,5,0.6021870554668347,0.16624268737712244,2,0.4202381811494925,0.7486387065534806
Medium,73.37794533241123,0.769926342161323,1.0,Vegan,4,0.6418730573736846,1.0,2,0.4833127397329785,0.9125802017973251
High,43.30057748828053,0.6698899080414396,0.7237165691194924,Vegan,5,0.2558321503574565,0.2504286437980697,3,1.0,0.7108027467203056
Low,50.14447144474014,0.38372217471945447,0.49194548233309743,Vegetarian,4,0.5258887697819156,0.7211263276319357,1,0.6599783531786525,0.6838541120650437
Medium,74.91837353612432,0.2191570455404648,1.0,Vegetarian,5,0.9089847316220179,0.6759975633977312,2,0.4766404398175268,0.8911249959532275
Medium,48.57359443976031,0.24493904569365632,0.3270814262694886,Omnivore,4,0.22570399819713083,0.9160267315474768,2,0.6763869735779389,0.6599218030932873
Low,55.504559150035284,0.10014328773835113,0.802413078505327,Vegetarian,4,0.21618115517401598,0.09946535719370558,1,0.6371616854650681,0.6330084250394533
Medium,83.63813714252954,0.9074987316566607,0.6270817199560527,Vegetarian,2,1.0,0.038955079382090974,2,0.37156282768230564,0.7004442349569271
Low,59.283011244228156,0.13523982798472256,0.36348068476251644,Omnivore,4,0.4052927069110345,0.3204436382833377,1,0.7559893282627319,0.544342641874835
Medium,49.09838793249236,0.5953733665488935,0.7484258767457106,Omnivore,5,0.7736698920966596,0.2970333811159906,2,0.9017196517355095,0.5492105053555287
Medium,46.83573964705642,0.3427404135888459,0.7337408541702057,Omnivore,2,0.6205856109911854,0.0,2,0.8408774066635076,0.45034070920021124
Low,64.99078994377783,0.2259783846551835,1.0,Omnivore,5,0.5291944474785208,0.6703692728043744,1,0.7843744194658103,0.5967624338320172
Low,40.00277987284187,0.6394684394921037,0.9447645924161142,Vegetarian,4,0.24246743545916513,0.44789216253731884,1,0.7363586248994367,0.6308983535322636
Medium,56.289960541553725,0.45700230937694064,1.0,Omnivore,4,0.44199186501828236,0.8690770280833955,2,0.8635891000652949,0.5662446122048597
High,64.99845802485032,0.6001454672845592,0.7345510230410066,Omnivore,5,0.5615879990128994,0.8521008695580141,3,1.0,0.5986654371371475
Medium,79.48724730821502,0.6928520048922215,1.0,Omnivore,3,0.9187232961688605,0.5126733055204274,2,0.42605489482519177,0.6787661823797546
Medium,70.01322120554994,0.5912676284900007,0.92701134867171,Omnivore,2,0.42159211889814024,0.2362791671964488,2,0.2850935940301931,0.6523518960119233
Medium,49.28902323026732,0.3034842085515608,0.6680068722682562,Omnivore,2,0.7492619663861024,0.0,2,0.7477373595880605,0.5747644557018233
High,77.6762897634558,0.8590612877652516,0.9855941430032722,Vegan,5,0.6489289987503437,0.5880866529349493,3,0.6906766130103277,0.808569680546251
High,55.50727443678784,0.8694985765506946,1.0,Omnivore,3,0.26241937092725115,0.3981200404644928,3,0.997450830007333,0.5907731785902561
Medium,41.46445466925887,0.026693158586854282,0.40021601702767173,Vegetarian,5,0.4516568180410621,0.4610975345469205,2,0.9397631477483123,0.625986819212317
Medium,57.41937961101791,0.46587172890767536,1.0,Omnivore,4,1.0,0.0,2,0.8362145378455529,0.572921283995754
High,81.57253801718554,0.3576832845835438,0.46131820406912605,Vegan,3,0.6477939045255431,0.7218869843754642,3,0.4825131451108926,0.8404782101043564
Medium,62.478600750973875,0.18640541406811106,0.62078221665653,Vegetarian,1,0.6505595305530939,0.678934179182759,2,0.6406064237376589,0.6821057669392784
Medium,60.1878279649468,0.5605087340779731,0.5890843884362622,Omnivore,2,0.6301600799878825,0.3070970595829704,2,0.7978184922303049,0.5706201047266123
Low,84.5581746705428,0.9661889152655807,1.0,Vegetarian,5,1.0,0.8737906257074464,1,0.41084004097164883,0.8533600645264083
High,38.52967729418359,1.0,0.3238733382482083,Vegan,3,0.19757401235456817,0.24890436710909586,3,1.0,0.6514452843928582
High,40.71601328920842,0.2699440101386313,1.0,Omnivore,4,0.5944100952440157,0.6947958915871657,3,0.9083204465242395,0.5431446298372966
Low,35.762302935497516,0.4191050862867066,1.0,Omnivore,3,0.07296058334541161,0.7281588525507579,1,0.7018048876777921,0.48981636514389576
Medium,65.58972279720082,0.5830064830045513,0.9800144336712819,Vegan,4,0.7003614824142073,0.5548254785786423,2,0.8277168730464597,0.9069600562844765
Medium,62.49739690672687,0.1470699045503434,0.7709008163258321,Omnivore,3,0.7723491106124102,0.7786950577230558,2,0.7827323452561311,0.6280327905858876
Low,83.14104550919664,0.8654322167447717,1.0,Vegetarian,5,1.0,0.287338592960893,1,0.3815243221742084,0.8598352609118588
High,63.652126157051555,0.9442352584372389,1.0,Omnivore,2,0.3628810498677264,0.3879482181623592,3,0.8650062832674985,0.548877614158767
Low,53.93764260781046,0.9033410137067946,0.7690033611202972,Omnivore,1,0.136790241504186,0.5595842091045916,1,0.608853590635907,0.4836297577083922
Low,60.026923093171604,0.008486012083443017,1.0,Vegetarian,4,0.5607796200650387,0.36608413227609354,1,0.5909378799287021,0.7059079774340515
Medium,61.76561127691437,0.21668424398900266,0.8757580085642565,Omnivore,4,0.5036871471354938,0.4314590876340575,2,0.8384911403076161,0.5924707092222504
Medium,34.923580900077496,0.8271867142453218,0.762560142888652,Omnivore,3,0.06535107781895255,0.0,2,0.8065229373417119,0.415264420891713
Low,100.0,0.7705800508269354,0.8309760694374713,Omnivore,5,0.7388741326778694,1.0,1,0.367460029980157,0.713335876447491
Medium,67.79806527152867,0.8943898536984908,0.8010749309825401,Omnivore,3,0.5823631076912607,0.27817100825607427,2,0.8749169117974664,0.5299481916207722
Medium,63.150124620338836,0.05717965453026652,0.39387205389143837,Omnivore,5,0.9733395614020133,0.7576198100835437,2,0.7926249983661807,0.591325707789008
Low,69.2274597641787,0.5969639657164428,0.703485990485486,Omnivore,5,0.4459261696635512,0.42538620771450264,1,0.9146246357880286,0.590735739210038
Low,70.64116470879907,0.6690465748936741,1.0,Omnivore,1,0.8847110539921546,0.7750680778574819,1,0.12462582823359303,0.6504212619325199
Medium,57.89169771746352,0.03567441636053237,1.0,Vegetarian,5,0.28466408715407826,0.29386854099286847,2,0.8884731594451942,0.5735047817781341
Low,50.53138295638949,0.5135220769124835,1.0,Vegan,2,0.35458633377491056,0.314920881488925,1,0.6464413348813611,0.6985916762899789
High,68.99176029482555,0.8095203113099243,0.9006816705990195,Vegetarian,5,0.3834751627489848,0.6959645143619565,3,1.0,0.6228103088636768
High,65.78566260797179,0.39129317420210724,0.935550564849441,Omnivore,2,1.0,0.7302206113301135,3,0.8557028590051813,0.7770552417263192
High,47.85164851365888,0.47332958312466294,0.4249794280692619,Vegetarian,4,0.6698026337129606,0.6622414827227692,3,0.9599266340872846,0.6821392720413753
Low,81.28553417050895,0.740347346297737,1.0,Vegan,5,0.9531301440415906,0.6859646216252275,1,0.4288853751004752,0.9492587876648806
High,64.40028054484475,0.6683009475999584,0.39266019539860997,Omnivore,3,0.7740697939910608,0.8591003613912145,3,0.9940553913309412,0.7138584569917847
Medium,70.94729043401446,0.9580136575683268,0.6394221379695169,Omnivore,4,0.5480092473044114,0.6609617426684118,2,0.5241388428859032,0.5281358613684061
Medium,80.87881331519878,0.4423817660091883,1.0,Omnivore,3,0.8159058965554495,0.6289475230093716,2,0.46411635573500465,0.6701386997010141
Low,60.32833231747252,0.26665965838820116,0.6119517931308519,Omnivore,4,0.3942198400110568,0.7563338100718233,1,0.681441195718569,0.617556998897147
Low,64.75428010476173,0.9848659403448428,0.37361827463826297,Vegan,2,1.0,0.5718262150241464,1,0.6575296815487163,0.8371860449514875
Medium,72.15040857759175,1.0,1.0,Vegetarian,1,0.4965646480445574,0.6726514000478646,2,0.4164639243780338,0.7272195900276295
Medium,49.12708374299922,0.028992744998979858,0.5559654258495591,Omnivore,1,0.31915233305143836,0.11313445385860199,2,0.6617096948699501,0.42933546364671077
Low,60.81077494269002,0.7707286153065659,0.3671590995721285,Omnivore,3,0.9288350305940041,0.31401745021836447,1,0.6263613674896545,0.6592334132688649
Medium,61.883228799767224,0.11033477382520296,0.3842043085017013,Omnivore,5,0.5978799702423079,0.6379759198671353,2,0.8161093991636175,0.5800459666113531
Low,45.659121724749085,0.02748519482937095,0.48005440741249905,Omnivore,5,0.5773815620563015,0.11566553247254374,1,0.6893747660175227,0.52283861579789
Medium,94.76455183010818,0.37369551596634887,0.6518387063720672,Vegan,4,0.9313392892690633,0.79825322641785,2,0.4551860042358328,1.0
Medium,38.89059834761396,0.2693458790611043,0.9687531095182207,Omnivore,1,0.25103485303000417,0.0,2,0.7248513684335253,0.46383374214362827
High,40.52844144469263,1.0,0.5243262538904976,Vegetarian,5,0.26759178236932935,0.9093188757805855,3,1.0,0.5895761560470087
High,79.71339863555369,1.0,1.0,Omnivore,5,0.9696547268630253,0.8665726424289468,3,0.6876792403973793,0.7668133600517058
Medium,70.69899376194813,1.0,0.5273409666328934,Vegetarian,1,0.7524641161294235,0.4543441293420092,2,0.27994060848516544,0.7574086002083112
Medium,44.61052773778833,0.7115129003118185,0.7159318182330254,Omnivore,1,0.6867074311161445,0.8240579330599489,2,0.6414083370444038,0.6681589008027732
Medium,69.10933522652539,0.4182555532560479,1.0,Vegetarian,2,0.929173282770159,0.3083312085777441,2,0.7311100002115423,0.7598641993868748
High,82.01775667495964,0.9989276609452168,1.0,Omnivore,5,0.93557498978004,0.5151498134498964,3,0.6994006530323148,0.7058130847084335
Medium,59.546054136045214,0.9994590671864021,0.8988596806104948,Omnivore,1,0.8049975817623759,0.648473792546487,2,0.780673777222712,0.6850874151455094
Low,98.98234350111873,0.8101418825625281,1.0,Omnivore,2,1.0,1.0,1,0.3533814169708972,0.8388646170948465
Low,34.139072836979466,0.7616813559803183,0.3992205118916417,Vegan,1,0.4174821278057595,0.11276270267880756,1,0.6070667215450541,0.8314499954060015
Medium,70.40735180788653,1.0,0.845755963501538,Omnivore,3,0.6392857666733129,0.7243518849193502,2,0.4543106151982547,0.7185162750798006
Medium,77.49792504331505,0.21365126131168335,1.0,Omnivore,3,0.4365498585569261,0.7467803018436181,2,0.4214407453409401,0.6182911364190478
High,73.3701585240787,1.0,0.44474455821555053,Vegetarian,4,0.6067881096077653,0.6038948587038332,3,0.570828835943006,0.724423323774165
Low,56.934664100315274,0.850805957967449,0.3405615887546516,Omnivore,1,0.8587872762758724,0.3116690880327161,1,0.5975641372266827,0.5797817491488082
Medium,55.64337776983276,0.954378600220893,0.5115191764074551,Vegetarian,5,0.6141012155170857,0.7164038978150891,2,0.8640759776392615,0.6313972461085042
High,66.66217756630886,0.4109692897116994,0.9663321073695628,Vegan,5,0.5862296841989945,0.0,3,1.0,0.7568159411789234
High,72.23631729978104,0.8039290077242441,0.6210612129487121,Vegetarian,4,0.9627037083629446,0.6437049313120573,3,0.5628737578506054,0.6950459637393878
Medium,69.03710154423545,0.6805548476444818,0.5354253915299763,Vegan,4,0.6008149827762314,0.37025234260813544,2,0.9177939017068942,0.894251954723288
Medium,75.60086836190084,0.3474677295013374,0.8368066571677963,Vegetarian,2,0.8975619749433985,0.5934814539696417,2,0.37536146065560655,0.7499601874028581
Medium,44.71695064399897,0.600472863250274,0.8371828219894063,Omnivore,3,0.7131158645398641,0.16444544395796634,2,0.8837355553277013,0.6134449482774
High,56.58343531314548,0.4575787824979994,0.5314748835824679,Vegan,3,0.6872988405067476,0.10949176830424223,3,0.8997129712949532,0.755994114453335
Low,45.89976101814369,0.3334570205316473,0.5301899918144606,Omnivore,2,0.6713505743619218,0.18886793544139951,1,0.5804327270691875,0.5740570384952285
High,54.208308358707875,0.641518696510865,0.8846008466050532,Omnivore,4,0.6366064550828185,0.2853180770190684,3,1.0,0.5011889954127212
Medium,75.22831337721458,0.629190098746567,1.0,Vegetarian,5,0.3713306588983478,0.5574658246549048,2,0.5302860650520798,0.7101358282557205
Medium,61.61975881087843,0.4493658716251506,0.9828405214924805,Omnivore,4,0.8783598226072453,0.509939020291069,2,0.8694816936661981,0.6571253328873212
Low,99.10288744724654,0.5931955197879292,1.0,Omnivore,3,1.0,1.0,1,0.2962069560943822,0.8965305406433163
Medium,62.90109550784575,0.2985887562882926,0.6813155722946975,Vegetarian,2,0.5681441271670283,0.9687508606689719,2,0.7132452117358943,0.6732698706648439
Medium,60.895378208696044,0.1589650940226306,0.5767312504279463,Vegetarian,1,0.4914481382934349,0.5277875288148681,2,0.6177522506304063,0.6074711489967924
Low,61.59274379160325,0.04734997732683943,0.7622314621606388,Vegetarian,1,0.6406474418576723,0.20009664247837883,1,0.46520019818506797,0.6206003961575287
Medium,50.43286960710096,0.1959787224916677,1.0,Omnivore,2,0.26447281201979916,0.6529830547649023,2,0.7151334308326552,0.4180542071413174
High,59.132450814336096,0.781943641505783,0.7519618958622363,Vegan,4,0.7799024549097426,0.5722742951508847,3,0.9909144363121106,0.7898439516360456
Medium,76.91682040667469,0.8861154478031323,1.0,Omnivore,5,0.7389624574171256,0.3417246282314393,2,0.5243290151387316,0.5886056664180015
Medium,61.70956002191659,0.16924759744289453,1.0,Omnivore,3,0.4372590269429034,0.5368998059427669,2,0.7657432961390784,0.5634260282986208
Low,48.09810405174793,0.10855535777264846,0.31251718598907596,Omnivore,4,0.6138788657477572,0.6036176740456215,1,0.7367852893252933,0.5819511897742494
Medium,46.12373069282047,0.7492903605492502,0.27602880954780606,Omnivore,1,0.5561875001957317,0.13076443833944945,2,0.6700390301477263,0.44257504222624755
Low,53.24697162501235,0.3051583305372897,0.4158245610384236,Omnivore,2,0.6958400407640667,0.2744253316550935,1,0.5425833976153813,0.6338150127741675
Medium,61.107951516163205,0.9514994392273525,0.6899094333151623,Vegetarian,5,0.35418269951328035,0.5319589072946825,2,0.9430288075701518,0.6758449995350387
High,77.90379803214392,1.0,0.5205611993061521,Vegan,4,0.9263955202944445,0.5619693748867303,3,0.5984879664088146,0.9442343757655346
Medium,39.89267037950345,0.32675604724303087,1.0,Vegan,4,0.7562346683057761,0.0,2,0.6805342961016678,0.7913472255021233
Low,55.202605831668656,0.2895427477937049,0.2991592801854071,Vegetarian,3,0.543454768109911,1.0,1,0.5981701183247627,0.6712692023188132
Medium,62.164650291526186,0.523698386271309,0.6266159677934535,Omnivore,4,0.6003751879717812,0.337294814599323,2,0.8392797763326338,0.549913632587253
Medium,32.49441348555848,0.07914466827820943,0.34716669692199775,Omnivore,3,0.046883300914783876,0.060628636224158095,2,0.7670155766617144,0.40045933328951333
Medium,47.49602575550391,0.11767651264529899,1.0,Vegetarian,5,0.49137554701421204,0.2825106285426218,2,0.8133382635562811,0.6868287963166939
High,49.80167190395721,0.3758578813161925,0.918489364409814,Omnivore,5,0.2933682982429197,0.38146699024258246,3,1.0,0.513007392216241
High,48.06044439224252,0.9747235933045602,1.0,Vegetarian,3,0.7141192282402552,0.49368162700981993,3,1.0,0.6888823444941131
Medium,62.87834317532471,0.5138573592691225,1.0,Omnivore,5,1.0,0.20000035229283347,2,0.8459861095571007,0.6132066482570949
Medium,57.59160585747304,0.010567122774442939,0.7850562729647343,Omnivore,4,1.0,0.8538602333955825,2,0.7704884938298493,0.6356875740428141
Low,51.67070846098446,0.673516527472109,0.49267265035294855,Omnivore,2,0.3454965859675715,0.00043016552234986793,1,0.5830074250972999,0.5312578309025157
Low,66.41943939828953,0.4236901786604971,0.525825983188037,Vegetarian,5,0.5166567079879357,0.4164690070911069,1,0.6887436127263838,0.6602813299840333
Medium,85.84612076469375,0.6108523649637979,0.6521494655093093,Vegetarian,1,0.9794933188007785,0.9414399821784778,2,0.36846595372392377,0.8656248311398821
Medium,84.58884775112628,0.31411624341293554,1.0,Omnivore,4,0.7998959344550011,0.9124336642228129,2,0.37807895122775514,0.8065252128021371
Medium,31.158423419064956,0.5517822283941036,0.19623784521832552,Omnivore,2,0.3143880268049143,0.0,2,0.7604229216916508,0.40847227147932275
Medium,68.65608275752709,0.9791532397514886,0.39464148682035033,Vegan,4,1.0,0.5505514685541436,2,0.8719758642819035,0.8972735333846922
Low,57.32965064904242,0.07344469100576145,0.8947911956283621,Vegan,2,0.3565400325241086,0.4907538184691928,1,0.5473747604650703,0.7130007054479759
Medium,62.327330142980344,0.28391739966443064,0.9536937974523083,Omnivore,4,0.6766065193753856,0.5866630211589109,2,0.8798494622430869,0.5549859968591675
Low,54.02575449686177,0.24299759286082978,0.9353916968067689,Omnivore,1,0.6164048747227293,0.2660053929360404,1,0.5401789136320982,0.576050173672708
Low,61.76382944830803,0.2485493107511796,0.6806996518301314,Vegetarian,5,0.8276505114025372,0.4356607834382315,1,0.7430314065149746,0.6360208340571663
High,62.27111094108028,0.5787063575653772,1.0,Omnivore,4,0.45018539184397244,0.6711660074815173,3,1.0,0.6555461779625165
Low,51.315723639766155,0.8181097847441675,0.7902032059254483,Omnivore,3,0.8098373806687187,0.6488090913233306,1,0.7059840366215698,0.5280052621763257
Medium,46.55448678262229,0.9128586899643873,0.33823806392253086,Omnivore,3,0.5180317439462296,0.0,2,0.7888759660226291,0.48441064842255305
Low,53.26956476070774,0.20221508745897332,1.0,Vegetarian,2,0.3669411806575743,0.5808955695937263,1,0.5362000709805821,0.6131742802971106
High,63.51388896685148,0.7429499379481128,1.0,Vegetarian,5,0.5990112602764818,0.6318565013838042,3,1.0,0.7674026139729306
Medium,68.98494512526396,0.6368989721654803,0.4049610386286785,Omnivore,2,0.8903552554805002,0.8260583506614844,2,0.7275448454927669,0.6643542881635459
Low,72.8002346601022,0.6218274743638449,0.7553525120010909,Omnivore,2,1.0,0.34492849907293577,1,0.19458888342619185,0.6020794988468318
Medium,52.587149653996306,0.43407639419691957,0.7504517931047292,Omnivore,2,0.45559518226964596,0.5689968223352364,2,0.7571196110036078,0.4891058550668653
Medium,64.25766850954105,0.19197550585923784,0.46775910262602216,Omnivore,2,1.0,0.0,2,0.774398161144072,0.524347236527394
High,74.43753887929948,0.7882193591992385,1.0,Vegetarian,5,0.9928447988914059,0.5078701031805342,3,0.721540505006741,0.8436992568438727
Low,77.48392342716193,0.5012148277113289,0.6715692620258537,Omnivore,3,0.6727096395468454,0.5475027855694837,1,0.3300586284812614,0.7378244453746139
High,59.11750718802717,0.9955633625022697,1.0,Omnivore,5,0.7116623440168033,0.5162085892248194,3,1.0,0.6745647341725668
High,56.68602412590581,0.9636043591629952,0.9544246026578451,Omnivore,3,0.7412745051740882,0.6896947231790649,3,1.0,0.6344844416366759
High,62.86686350754588,0.3339986812056707,0.9123801400047529,Vegetarian,5,0.5807302353481671,0.1953168025821293,3,1.0,0.6800099872544246
Medium,42.75438790653891,0.08851905256306758,0.405914788229249,Omnivore,1,0.29866809806325906,0.7164744866445765,2,0.6865829905459908,0.5012034447604079
Medium,57.09585733446738,0.908153943227503,0.5061828072232426,Omnivore,4,0.544240454985512,0.0,2,0.9535518651095598,0.49704969675478383
Medium,71.16879597709695,0.6355083889644977,0.40319238463205403,Omnivore,2,0.6342181908644385,0.08649216486973976,2,0.33543084379452304,0.6044290548794733
Medium,69.62920694165553,0.8578009372825907,0.588858464490544,Omnivore,2,0.7514983866161316,0.8624378465771808,2,0.8080768896148268,0.6112780534387051
Medium,55.94598593454167,0.05815112056640115,0.6251735391332225,Vegetarian,4,0.9959860465602572,0.49738888243832985,2,0.8617597671182797,0.7897561222774904
Medium,63.2657730163075,0.5265156165216303,1.0,Omnivore,4,0.7243955190068374,1.0,2,0.8109293556495017,0.670856165183771
Medium,47.63024489563969,0.5394265145762364,0.6045438911930038,Omnivore,2,0.8380655226520655,0.6267092596488246,2,0.7813914120749078,0.6603706316956965
Medium,70.55238222337537,0.9607020325421499,1.0,Vegetarian,5,0.8192099313795482,0.5916454378247353,2,0.5763640889255972,0.7914081449827759
High,58.8326784579529,0.2976099982297075,0.7336056735852521,Vegetarian,2,1.0,0.3426324493451889,3,0.7683908610250139,0.6925100513105957
Low,55.86072822455793,0.2404455636759093,1.0,Omnivore,5,0.3958934848325304,0.27728258302585695,1,0.6972640222319606,0.5581972552000101
High,54.5741424585992,0.6065383138870131,1.0,Omnivore,4,0.13260233270981514,0.5649284406807993,3,0.9548803115314614,0.5702700748679823
Medium,59.05659199650213,0.8658414754199422,0.5351245180400908,Vegan,3,0.645203962701439,0.31765291951818275,2,0.8109922812477569,0.8192320324283517
High,53.28183532602063,1.0,1.0,Vegan,4,0.6126835170744099,0.5188601688512651,3,1.0,0.7367148219044666
Medium,69.87214554003845,0.9927246195936279,0.9711848140059669,Omnivore,2,1.0,0.37953250173500425,2,0.7974045150011281,0.7229874115246472
Medium,54.070746779757286,0.9591934864585215,1.0,Vegetarian,1,0.9215995302097688,0.5113420847001524,2,0.7912512886790617,0.7674860551526498
High,83.89446144041072,0.30594175584435446,1.0,Vegetarian,2,0.5271223569814449,1.0,3,0.5415783008593081,0.6805989247108504
Low,81.97815755222072,0.14770834145387204,0.8338402950352537,Vegan,2,0.7853366084058163,0.8495005558130966,1,0.17351346009438348,0.8957575452947744
High,46.62684765218243,0.3476068191575887,0.46120917770270253,Omnivore,3,0.4940725569632425,0.24798891095586967,3,0.9996567793587581,0.5592036405374204
Medium,61.04556404143921,0.34886209677027313,0.37526304553836104,Vegetarian,2,0.37973002199582206,0.6139396650725792,2,0.776402220890891,0.6568708246974961
Medium,50.240150679957075,0.8299180309869587,0.7867191178605024,Vegetarian,1,0.47442608800237385,0.5016232473159087,2,0.728719052230203,0.6733406282266404
Medium,55.10028655217083,0.8926561953354805,1.0,Omnivore,2,0.7691747693079118,0.521183588908273,2,0.8625647114434515,0.5883394239981944
Medium,90.03641201467195,0.286834406294583,1.0,Vegetarian,4,1.0,0.8654985424703436,2,0.43203145584416125,0.8823968189231669
Medium,55.38642874326301,0.6196641516197087,0.6042776851153316,Omnivore,4,0.6287646796716692,0.7337622983152919,2,0.8743499634633496,0.6730263709381111
Low,65.40339055616143,0.9173619850652766,1.0,Omnivore,4,0.9932384049219051,0.8674586109636698,1,0.6933364299140734,0.7421109474682731
Low,68.11981941012418,0.4637317359313208,1.0,Omnivore,2,0.7508965787980918,0.5683241866409401,1,0.6143716908077624,0.6569873695790299
Low,44.99055941275139,0.10354357195278396,0.5065885904172137,Vegan,4,0.7057370361565414,0.0,1,0.6814483819488557,0.7368970370044932
High,47.17356788386193,0.657813650084625,0.25017532921354435,Omnivore,3,0.3040591378840893,0.41855423954103343,3,1.0,0.4937909970965227
High,41.909664428878216,0.5757949022880573,0.3277109606783407,Omnivore,5,0.2646439428532168,0.30196250223605237,3,1.0,0.43104714568048647
Medium,46.710438991533344,0.577657996066007,1.0,Omnivore,2,0.8825335002934658,0.5545076769900428,2,0.7213747605813373,0.6097928420839895
Medium,17.249548360242265,0.43865868440710365,0.9228107771060831,Omnivore,5,0.07492770828941904,0.0,2,0.9143284063402515,0.3592424345828049
Medium,68.16873601190443,0.01734592685371794,0.6360526809378846,Omnivore,3,0.8844158529416498,0.7182077084199997,2,0.7887077294532076,0.5865264218736609
Medium,90.81290761884105,1.0,0.7392599643786257,Vegetarian,5,0.8027328115757115,0.7950739224869287,2,0.5331311789603479,0.8859849728433395
High,62.217311085547905,0.7435402377305709,1.0,Vegan,4,0.7002106897910458,0.2262231831590314,3,0.9823356899892807,0.76169205055403
High,38.75596710989089,0.6736307554846095,1.0,Omnivore,4,0.36040225514519914,0.0,3,0.9967512028839702,0.3906762311125796
Medium,50.35835425650078,0.954617371504054,1.0,Omnivore,4,0.6468103051571931,0.6804235619654045,2,0.9748398133951165,0.6986165423302095
Medium,53.11684732462505,0.1558603675870771,0.8711629136538868,Omnivore,3,0.6733356895665724,0.14590413939253677,2,0.7168994619231681,0.5655770683923387
Low,44.73622834179936,0.18923760254524824,0.4663524920408013,Omnivore,3,0.31505496472582717,0.0,1,0.5688903233075925,0.5068102562658915
High,72.90273957592734,1.0,0.8902616119748974,Omnivore,5,0.8790060666104528,0.4381455974468478,3,0.7934202962044681,0.6321649486108605
Low,72.15390066563,0.36083108002500874,0.5942813619214147,Vegetarian,3,0.49304010168397905,0.9526751300842542,1,0.22824982303687721,0.7949076316536038
Medium,42.668223092735104,0.7992271062915269,1.0,Omnivore,2,0.7718366506039513,0.4141599128625234,2,0.7187758573347743,0.617459023214774
Medium,70.87621566671262,0.3715334829085025,0.7413421578513004,Omnivore,2,0.7806099740620479,0.7240401414709634,2,0.2664671160625996,0.654507351185177
Medium,82.90218995365898,0.1331876302250015,1.0,Vegetarian,4,0.2234618583228658,0.6764889428809856,2,0.44201397699228173,0.5931256262306677
Low,88.5383730784434,0.617014723886716,0.8243010833749422,Vegan,5,0.6236849590996536,0.8282841912617699,1,0.37846325242541584,0.9372769252888344
High,100.0,0.4966864341268614,1.0,Omnivore,2,1.0,0.7720816364779142,3,0.5287697231533286,0.7674104731014288
Low,46.47011025835204,0.7578462929324711,0.5656683664570021,Omnivore,5,0.6568273232027262,0.24600061383945557,1,0.7327147135390849,0.6078022474846678
Medium,100.0,0.7411996332321481,0.9401327046176698,Omnivore,1,0.9218558455128918,0.6411925321550263,2,0.2647426231296938,0.7309978091781781
Low,54.68690417236817,0.9236026679779178,0.8889229402044985,Vegan,3,0.578274488423845,0.3637852174309851,1,0.7193060765415278,0.7577145808146799
Medium,51.11301816929229,0.7829883572657359,0.32585270487638013,Vegetarian,1,0.6562579440031165,1.0,2,0.6760082916434145,0.751514601122807
Medium,64.90608562316768,0.18077595484072684,1.0,Vegetarian,3,0.9112871666850377,0.7120042322310459,2,0.7598304212078443,0.8821800023341064
Medium,51.269079988604815,0.8001582366647964,0.8299511860668273,Omnivore,5,0.6942615136476236,0.1699177525079314,2,0.8857537008507484,0.5181212663389756
Low,65.9856621096979,0.6417370448140233,0.8377483252392918,Vegetarian,5,0.5477787165482169,0.1507286813764026,1,0.8465808686394599,0.6355964077714695
Low,40.19884218394047,0.6689516417606249,1.0,Omnivore,4,0.674845411371468,0.30792475445401385,1,0.7630133889454069,0.5188537050602557
Medium,56.41871096904848,0.8322628859701487,1.0,Omnivore,4,0.12952184821484264,0.0,2,1.0,0.4072237446438093
Medium,79.28373351542518,0.6738240691889402,0.918679072106142,Omnivore,3,0.7368748307745479,0.9325378066953294,2,0.44931776134331514,0.696235153459817
High,59.14408062853266,0.666003514353013,1.0,Omnivore,4,0.7154494860961823,0.0,3,1.0,0.617223623357887
Low,62.12393680109824,0.636641035358728,0.3753574500819718,Vegetarian,2,0.3800276502813884,0.42408586820662936,1,0.6476518143326239,0.624046009011397
Medium,67.12887907075967,0.2979574289583591,0.44887018760501585,Omnivore,2,0.6822822510572426,0.01940042985744983,2,0.6511358036991586,0.6667396200556661
Low,77.5599244397649,0.2825971310870993,0.9845878522132646,Vegetarian,2,0.8862607694310553,0.7807023275125693,1,0.08911831247175395,0.8762754946196257
Low,35.171629317158505,0.6165878380712464,0.5299240083793761,Omnivore,5,0.19656065851089963,0.0656984736862617,1,0.7972307167978799,0.4108569131491188
Medium,68.76786077756152,0.23384836908547768,0.8080644700770064,Omnivore,1,0.725768222203236,0.7844515943944194,2,0.6443388766551681,0.62452203058705
Medium,55.97791291137355,0.07991510934660673,0.6079687824540343,Omnivore,3,0.3152048721171091,0.0,2,0.7579653535711838,0.5120596569324211
Low,62.49956842967758,0.000554184585253914,0.7172231535933236,Omnivore,4,0.8261215753113542,0.8597105485747512,1,0.5686128458146341,0.7505624829662587
Low,75.89925254643565,0.7083194014000671,1.0,Omnivore,3,0.8656602544031211,0.7378270218022405,1,0.24489967074062227,0.7506008235124264
Low,42.08720022882234,0.3621487834802368,0.8039122009984163,Omnivore,1,0.5686201145750183,0.34029781114581503,1,0.5181472452114666,0.49765105356208006
High,44.81033337835366,0.952310970673456,1.0,Omnivore,4,0.43422890804909225,0.12070741200941576,3,1.0,0.4809779893608833
High,30.968550604292908,0.5751763983131024,0.9417219508424275,Omnivore,5,0.0,0.16515139722974356,3,1.0,0.30587821110801067
Low,51.76261587354335,0.4860034482382267,0.5324793334695435,Vegan,4,0.4910804745152267,0.6464937096233483,1,0.6295974781180864,0.7005261147959926
Low,79.95648516568224,0.5070849728153849,0.6641275435551074,Omnivore,1,1.0,0.41564271768801,1,0.12467638341597204,0.7495527008557274
High,58.191192172897956,0.8505747911093462,0.6268542309814968,Vegetarian,5,0.7851864834756361,0.45141422490147365,3,1.0,0.7481703994101879
High,39.89812656517822,0.5561391620149683,1.0,Omnivore,5,0.7480419703359784,0.24228892148168346,3,1.0,0.6361303801068372
Medium,52.714818831374295,0.9637676499423089,0.2908617448074371,Omnivore,4,0.5382123191955314,0.49377395212337244,2,0.9414019590403218,0.5035791144456447
Low,37.68207444764066,0.9361469865985301,0.418591651109461,Omnivore,1,0.23843956635856195,0.0,1,0.5662708776006876,0.4908819535470222
Low,43.122208474032576,0.8480279026572813,1.0,Omnivore,1,0.5485461178432366,0.7949486798822656,1,0.601546572393983,0.6408424812167025
Medium,65.8322836539557,0.9203002705727481,0.9690578543530305,Omnivore,3,0.6199015711051536,0.8295700244746458,2,0.8449674869074467,0.7425660545039838
Medium,42.39190010540957,0.449139688459391,0.43880659602810423,Omnivore,4,0.31232788632912245,0.0,2,0.839500884980989,0.49094507201788645
Low,76.68951457804953,0.6364303967894921,0.6025925411228279,Omnivore,4,0.41994294410833005,0.04979745901992361,1,0.2480482588062029,0.41404817785236814
Medium,58.93319563754496,0.7420925925582444,1.0,Omnivore,1,0.6561841229507592,0.9128710121486205,2,0.6435362773050005,0.6682254960327807
Low,61.28392055916788,0.6961459249385411,1.0,Vegetarian,3,0.8002440973513151,0.530621092136923,1,0.6817806868777548,0.6428629566745463
Medium,55.82440548588159,0.8906785956054708,0.5352531183915232,Vegetarian,3,0.3252813006089964,0.0,2,0.8409208137509673,0.46748058589943775
Medium,71.59271757815584,0.8163310272566953,0.7784739459673115,Omnivore,5,1.0,0.44826919663680304,2,0.5049877017095005,0.7018285736735508
Low,71.74739831665516,1.0,1.0,Omnivore,5,0.7674058132022261,0.5109527504742228,1,0.35626814177009325,0.6880341216128012
Medium,65.02581527868257,0.348505799831591,1.0,Omnivore,1,0.6723257401117263,0.733601051984663,2,0.7517766481486554,0.5523621414597399
Medium,68.47183658861472,0.8329977422394179,1.0,Omnivore,3,0.44083989034094173,0.8540908551276256,2,0.88282200264769,0.501474538225798
High,56.818654951193615,0.8976348228326643,0.8024914655439368,Vegetarian,4,0.6736870023022826,0.5111124472589305,3,1.0,0.6779876735922453
Medium,68.13304510363572,0.6913864452150186,1.0,Vegetarian,5,0.45078604117079674,0.516029031898449,2,0.9997492466570137,0.7042017716152827
Low,54.9318333678929,0.3258355948449989,0.6006107107938998,Omnivore,5,0.3583316959019744,0.3154167208178795,1,0.6776502677146657,0.5123072464698843
Medium,60.03347433243603,0.7856017924230225,0.4568395060096982,Omnivore,1,0.2658530713181718,0.922641952040156,2,0.7423419895816231,0.5485114411017189
Low,55.880343759505536,0.9003760223475992,0.9881340513623924,Vegetarian,3,1.0,0.33897643925108756,1,0.6205547118038877,0.6853331488611476
High,53.14172191021206,0.41854846152056296,0.8050630255579567,Omnivore,2,0.5217785736558873,0.5979101556921462,3,0.871731317186681,0.5534216811299217
Medium,49.663323034173146,0.6254968371167041,1.0,Omnivore,5,0.37469708697730136,0.09179900465176566,2,0.8970463818651454,0.5334373400293292
Medium,67.01535155788328,0.3921348291027752,0.4162360069141313,Vegetarian,4,0.6617841348167015,0.17841676826424446,2,0.8052316253377502,0.6934631139619484
Low,79.65908869220195,1.0,1.0,Vegetarian,5,0.6961847597150568,0.721072392362385,1,0.39800416857310195,0.7871031572705077
Medium,77.56652957504339,0.5788328158316816,0.6811273010840391,Omnivore,3,0.7398310724539234,0.532539202170218,2,0.51542859996943,0.7452121235394249
High,41.15151996081847,0.4283201737969427,0.8606132669722754,Vegetarian,2,0.48588452116847275,0.0,3,0.9059094849456357,0.6787424044319748
High,79.3380457711031,0.6818576252218326,0.43681901793377126,Omnivore,4,0.7121227573288237,0.5645789052610433,3,0.6671876190551689,0.7520604583354924
Low,55.22762247573107,0.6538383898166262,0.885719408682256,Vegetarian,5,0.5770771298908479,1.0,1,0.7705468289764844,0.8593878512692332
Low,69.01099522718387,0.07608937134957627,1.0,Omnivore,5,1.0,0.563867754197101,1,0.6238712665925592,0.6515218592972057
High,46.406770019291834,0.8036019202212377,0.6007840646020794,Omnivore,3,0.09738606872281508,0.29676132494607016,3,0.9488250334077666,0.3823035558364795
High,62.12969870811008,1.0,0.5260591988026906,Vegetarian,5,0.393621790472945,0.42828989585104704,3,1.0,0.6730824808454607
Low,64.7058477434536,0.8503627876578504,0.861159915320813,Omnivore,3,0.7457657434100194,0.8988184164816284,1,0.6829128662277777,0.6553069523508412
Medium,37.73092812120521,0.06767353665798337,1.0,Omnivore,1,0.6509961273857192,0.2708680256585745,2,0.6869919985025376,0.534585103405958
Medium,69.12400749516284,0.9933898787390681,0.6691673957724651,Vegetarian,1,1.0,0.6505296336165469,2,0.7924132407378154,0.7006563118026212
High,80.18902511757473,0.998726923703879,0.6534144231091532,Omnivore,3,0.8847925149684918,0.8832667477736544,3,0.6173140758106489,0.7420723720314389
Low,57.38028081477558,0.1622808243140237,0.5658367127115655,Vegetarian,3,0.32999416056703385,0.8694180971274073,1,0.6692524174896791,0.6471212520871082
Low,80.4025219624202,0.1124160891694235,1.0,Vegan,5,1.0,0.4517691929310952,1,0.27861846584629146,0.886789502377178
Medium,57.15459759821389,0.17128263629215135,0.6450499037556291,Omnivore,4,0.5964663553087326,0.18758050384514552,2,0.8452014959988937,0.5451161472602282
Low,72.74376796569926,0.9381759206857385,0.36732307971678346,Omnivore,1,0.7446286194788256,0.3920098261061882,1,0.21884230747641456,0.5538233466089273
Medium,26.721450510733504,0.02163932494516374,0.9152884605132872,Omnivore,3,0.0,0.4185964466568111,2,0.797211697701709,0.3644730207876765
Medium,96.28166668970195,0.33314730361808653,1.0,Omnivore,2,1.0,1.0,2,0.2966635096704252,0.8665082701517103
Medium,82.43187367864435,0.8573055953348754,0.5407276329961906,Omnivore,4,0.6400745902904128,0.7457275622993375,2,0.5777947218531759,0.6840704025563601
Medium,55.73061743619482,0.5861105358981351,1.0,Omnivore,3,0.6706864579389751,0.7581567102451117,2,0.7692234089883788,0.6937228060766262
Medium,30.41866460034273,0.7827357103601918,0.7601556083068248,Omnivore,5,0.3176396357261304,0.48409008158927247,2,0.905094490390394,0.4135366208694434
Low,64.32042552458233,0.7461505038267879,0.8223816185635131,Omnivore,1,0.6831043031642028,0.3494619884400937,1,0.6119157007010405,0.612839154171012
Medium,38.34111679389365,0.05060138712180473,0.5739248515923593,Omnivore,5,0.39378658960269497,0.0,2,0.7765675228619727,0.40178264549079284
High,66.67280306336232,1.0,1.0,Omnivore,3,0.5159163986080205,0.42382439941944683,3,0.953309274145231,0.6851200502282027
Medium,66.17348578746423,0.2270318342822687,0.5748309103558844,Vegetarian,1,0.49353021389817364,0.712651758781391,2,0.677028433427153,0.6464182528276905
Low,45.87895246496963,0.5533924402297637,0.51516366254475,Vegetarian,4,0.6483357961584104,0.5304604715936534,1,0.6141735025501665,0.7254177717323597
Low,76.81450535421567,0.7442881565277788,0.5064833334576453,Omnivore,1,0.7649838733626845,0.09917578597604282,1,0.134577197385422,0.5962859923385403
Low,72.0836205420926,0.26862821088509536,1.0,Omnivore,5,0.5898655173193987,0.0,1,0.3312649094995016,0.6207754476183411
Medium,74.63735005932845,1.0,0.9687360307024956,Omnivore,3,0.6438972046437235,0.829134061437416,2,0.40886871647719564,0.5941035660357924
Medium,60.13286555503343,0.488155956087309,0.9097304970296655,Omnivore,3,0.738927556185444,0.7155968011059464,2,0.8879140290240737,0.614062218952167
Medium,38.767138996294406,0.057642695597393434,0.41230612600093564,Omnivore,3,0.2520525888724181,0.43089995008138315,2,0.7920222527126353,0.5031217512824321
Low,74.66808408316706,1.0,1.0,Vegetarian,2,1.0,0.8938599156075613,1,0.27255652812860437,0.8346776495501725
Low,55.944429012963134,0.5862678431932681,1.0,Omnivore,2,0.5283232319131845,0.5292959312648245,1,0.6156436170189707,0.579210636184161
Medium,39.153297852109965,0.6991931979813764,0.5536550199862391,Vegan,3,0.3216241356113826,0.0,2,0.8582583081871731,0.6219370855371735
Medium,80.2805904896149,0.6251757899342241,1.0,Vegetarian,4,0.926379204663907,0.575854639250856,2,0.46540839209111107,0.7936631139883892
Low,91.49111280753763,0.9347379547769675,0.8062461525697091,Vegetarian,5,0.8580820618394609,0.7392614413583379,1,0.3439130617150441,0.8161837011442368
Medium,59.38127806531195,0.033133462193210894,1.0,Vegetarian,4,0.6701561429354799,0.32380484586445357,2,0.8204033022068479,0.6476409523184529
Low,92.38681731904938,0.36837836527714773,0.4956641940529659,Vegetarian,3,0.9127399069130409,0.5935788758436416,1,0.20105547350279473,0.928129067411109
High,61.36972092917024,0.6696483564026923,0.8580132061195038,Vegetarian,5,0.26650887412816715,0.4836367484602762,3,1.0,0.7065229902296181
High,54.293161437504736,0.27660361631371005,1.0,Vegan,3,0.32947509041863376,0.2039085801656633,3,0.9424299137170913,0.7669878097534273
Low,50.54312318721784,0.7059066693266582,1.0,Omnivore,1,0.5639965337695171,0.0,1,0.5390245974718993,0.5499294660730472
Low,84.55623611989114,0.49366341405564074,0.7045337589411963,Vegetarian,1,0.7553578406504657,0.7367442198259878,1,0.25228955763368294,0.8447584220418679
Medium,48.29784177918342,0.27266799026814403,0.6828882999762725,Omnivore,5,0.8947305750636705,0.776021478156236,2,0.9409961022732728,0.6193490765394992
Low,71.0290396496248,0.10337884680841228,0.41812310623475707,Vegetarian,4,0.5529262612814226,0.0,1,0.2575911698388283,0.5991101374890306
Medium,51.612542474111876,0.7198303117499537,1.0,Omnivore,5,0.2542832378586122,0.4798791721027533,2,0.9473543866945119,0.5666988605033135
High,53.095398561384556,1.0,0.8340491459471369,Omnivore,5,0.5388839807408898,0.1391555260224549,3,1.0,0.5527161004649996
Medium,75.4537454095435,0.4950405356814984,0.7623694059882345,Vegetarian,4,0.8047272239611527,0.8327762662722855,2,0.4224563855999441,0.8603970568621091
High,54.2994473056597,0.7642179770333655,0.38426779501745156,Omnivore,2,0.7197021345611736,0.5667643445107519,3,0.9549807274975575,0.6322752819021145
Medium,53.928069308695605,0.22768662592959843,1.0,Omnivore,2,0.03828307149695187,0.7652051474529014,2,0.7129359786958885,0.45669199614025674
Low,76.9920704576221,0.722197646280133,0.9151794001091043,Omnivore,3,1.0,0.3883203392132145,1,0.20204003165848572,0.6360263590853423
Medium,83.96095939832435,0.11213745831520053,0.7027327260745256,Vegetarian,2,0.5778455867236478,0.7193929761767566,2,0.28564337546152074,0.7858720329239549
Medium,69.6703470492635,0.48864389709875844,0.698566865377827,Vegan,3,0.9145479171705581,1.0,2,0.7735952309099916,0.9658402185946275
Medium,50.17845336564076,0.6442054818406923,0.5215894477503515,Vegetarian,1,0.8932855968432769,0.47902435577584296,2,0.6176834502961247,0.7576350184453093
Low,52.34087251053631,0.918191773229734,0.8635141714096621,Vegetarian,3,0.6727527945913877,0.6489835755867236,1,0.7585690293132196,0.6569455502179755
Low,61.19872895610056,0.38133581712228426,1.0,Omnivore,4,0.38263577081111266,0.9309436922182571,1,0.661844256952323,0.6060909033983014
High,64.81395092888486,0.9651902029810298,1.0,Omnivore,5,0.6095395875304211,0.2753443827564728,3,1.0,0.5955028739074353
Low,45.182011347903426,0.5976870299435008,0.6862909321654946,Omnivore,3,0.6029384919967384,0.0,1,0.7723129321700188,0.4799695788552762
High,70.84556909369796,1.0,1.0,Vegetarian,3,0.7151007315084764,0.08150252215015852,3,0.5512664176258116,0.762787863638137
High,61.282699944593986,0.5983776756594306,0.7295189809992998,Omnivore,2,0.402987345763468,0.16274630189718714,3,0.9051157075528408,0.5148735368416189
Medium,34.26437522042806,0.319095339872988,0.4236290168607783,Omnivore,1,0.3626116116178607,0.15979526931421026,2,0.6024409038756754,0.5360080333568105
Medium,46.06610276308904,0.8871419986941438,1.0,Omnivore,5,0.3573195071360931,0.5328688147991177,2,0.9067084289562793,0.5393002225879179
Medium,52.43806989522504,0.04924440140828912,0.566077917446947,Vegetarian,4,0.6447720172490141,0.7229378593350808,2,0.7788598420172179,0.7015194359795902
High,58.90713466738417,0.3363853929336768,0.6182599043238293,Omnivore,5,0.3767256940810023,0.16826153578394704,3,1.0,0.5193053269577632
Low,88.33918193255994,0.18240443458404446,1.0,Vegetarian,1,0.4965621004665552,1.0,1,0.0765421756798739,0.6749727409299995
Medium,63.572569592094425,0.8431099565764026,0.45179034112612704,Vegetarian,4,0.43240957427419535,0.9197755827844138,2,0.9268322019620263,0.7082574994440953
Medium,47.38842165152062,0.010607423370319391,0.9974760962672982,Vegetarian,5,0.13278196705068412,0.24313173445899539,2,0.9860637050234686,0.43192815256837513
Medium,63.309462064607445,0.8616571554970481,1.0,Vegan,1,0.5074321858988248,1.0,2,0.8236787258162509,0.8050332278049217
Medium,54.71868378819178,0.4512677953712668,0.7853884132163775,Omnivore,4,0.6814070598006398,0.6340592386347543,2,0.7025170819805954,0.6322998850309112
Medium,64.87137359300313,0.0040252788539707485,0.32687862966783565,Vegetarian,3,0.5699259130641289,0.5205542591942737,2,0.77511020353878,0.6790078485462661
Medium,68.70851530553422,0.40164517721204185,0.7186015206407774,Vegetarian,3,0.6822295304048853,0.29146526163189546,2,0.8687337078682835,0.7820004359885597
High,78.13845970835908,0.4868008410450356,0.5022612909266224,Vegetarian,5,0.5803841480978911,0.3166582033779903,3,0.6072732074476064,0.7079449749741614
Low,59.63570256494961,0.624400487472163,0.7143661737584438,Vegetarian,3,0.6003251125986003,0.7781463247419436,1,0.658180366537591,0.7534875683533134
High,84.5844079139975,0.9793587899216466,1.0,Omnivore,5,0.6546394451964417,0.7337585993324998,3,0.6822870666283845,0.6709329296673676
Medium,73.62033993804286,0.5875275704049998,0.8068132485740147,Vegetarian,2,0.49844685297665375,0.7408475205289684,2,0.40648679690819134,0.7431620090572603
High,49.38840682781718,0.24051952543966998,0.6788671554850084,Omnivore,5,0.448719085144641,0.07055452643217647,3,1.0,0.48405592908997114
Medium,93.14783498622697,0.7561288043672019,1.0,Vegan,5,0.7961952860064222,0.9395111318793851,2,0.6211673809346653,0.9746102495924731
Medium,64.90491769905147,0.8420387836055212,0.9062151732429375,Vegetarian,4,0.08621143317589375,0.5631621421174426,2,0.9456653000819671,0.6656140933269898
Low,47.47313244041647,0.7203242773264015,1.0,Vegetarian,5,0.45886347475006806,0.07007290438857416,1,0.6936162550168736,0.6038604704103269
High,84.79369576845633,1.0,0.7323239180712331,Vegetarian,5,0.6530796102204278,0.27989752003934526,3,0.6222058737686014,0.8011384201871188
Low,91.16666377797667,0.30050952355088745,1.0,Omnivore,1,0.7031032676222256,0.7712958102417714,1,0.14054873746037294,0.6903561351957975
High,59.504621044206594,1.0,0.8634568539130802,Omnivore,5,0.8742280967536015,0.7012836443640517,3,1.0,0.7324638705464315
High,52.445246094366055,0.5221934506479629,0.5627557801889773,Vegetarian,5,0.6952155887212733,0.7553908299408632,3,1.0,0.7623155289990806
Low,57.41437563819507,0.013404814251991026,0.5821979221970525,Omnivore,1,0.649123217489238,0.5483240376855365,1,0.4728681449461746,0.5917468916127743
Low,70.7209759127655,0.9433916463290707,0.714742396669552,Omnivore,2,0.7192600975369784,0.34742791030692766,1,0.19119577691837625,0.6590041548336776
Medium,79.16784982545771,1.0,1.0,Vegetarian,1,0.912853685209146,0.6659335543301983,2,0.351352272965379,0.8451871364944036
Low,68.55730996295361,0.6555581974173488,0.5735982811747171,Omnivore,4,0.6070824286820647,0.6778896695802215,1,0.7391239994758272,0.6743365957865117
High,61.52584812707655,0.4314366304634247,1.0,Vegetarian,4,0.6310850708349899,0.28341637184928514,3,1.0,0.5754059552261416
Low,82.47017655456642,0.35174446428253037,0.9872634669507325,Vegetarian,4,0.7439636822548705,0.5458276444708245,1,0.3453719213709939,0.7158392184864856
Low,55.30745290422717,0.4665928734356195,1.0,Vegetarian,1,0.5755257933339389,0.46956892539431433,1,0.548726462173427,0.6610535135148483
High,75.46379007550361,1.0,0.42372330895667276,Vegetarian,5,0.8117340402326615,0.6954142861332073,3,0.7178581592423364,0.7978285070198776
Medium,55.67905802473082,0.14959765614755838,0.6210066605851274,Omnivore,1,0.601422138971754,0.08659355464025398,2,0.5810580908166308,0.5726130825947985
High,66.4653443701634,1.0,0.35513438253844004,Omnivore,5,0.5911613159134085,0.38835052021367844,3,1.0,0.5706851719137163
Medium,58.29656152814323,0.29130280870515035,0.5637346227386859,Omnivore,2,0.7211147464132155,0.5278581951356647,2,0.7960689325298966,0.6555348421934735
Medium,59.16221726020784,0.8085861694290979,1.0,Vegan,2,0.551142514889759,0.6420592730918916,2,0.8136151474486714,0.6874653087040862
Medium,54.339202238066854,0.9202711976015386,0.3083057270325351,Omnivore,1,0.4977607143926269,0.49470556749780725,2,0.7396273293129993,0.48982449941880324
Medium,80.17281046771042,0.5274938719943202,0.8370111522542969,Omnivore,2,0.4374618179664082,0.7557000608263398,2,0.3048451967268378,0.5986493748066732
Medium,49.00610942837197,0.36505065410553084,0.36259761761508763,Omnivore,3,0.3197920756999969,0.4853242197917766,2,0.73871928218795,0.6155092910812492
Medium,48.896516211769374,0.8022213189713018,0.6613232403192146,Omnivore,3,0.6621465440956136,0.16092624372477415,2,0.8205639791412641,0.5926575014901249
Medium,91.81490348767664,0.629482882379394,1.0,Vegan,2,1.0,1.0,2,0.38588587102699945,0.9646673880591238
Low,74.66771346981497,0.7844490484631971,0.9964096007515939,Vegan,1,0.7422751922036991,0.5068608721147511,1,0.07495953722197188,0.933076280824831
Medium,24.22329451960445,0.6228292369611795,0.8578728179294455,Omnivore,3,0.1305848546167487,0.0,2,0.7461296280847852,0.32622772637358527
Low,51.52111891184394,0.15288884564479632,0.6067097100088007,Omnivore,2,0.5455063924653245,0.0,1,0.6122528327763962,0.47600290630632036
Medium,32.82015993656918,0.8447903602895617,1.0,Omnivore,4,0.0,0.11847963141652271,2,0.9708618002014394,0.39161448117534503
Low,45.73963959877118,0.1957751114131362,0.937960291773356,Vegetarian,3,0.48533776724171473,0.17284243123668577,1,0.6108313070820127,0.611923637896704
Medium,12.922280006489402,0.9322821440707808,0.4864102193169779,Omnivore,5,0.0,0.0,2,0.976002314944489,0.34672506726423774
Medium,57.94515633459086,0.25057129142214785,0.7161905819000092,Omnivore,3,0.5612832289934807,0.5784012173448636,2,0.7692757871700459,0.5686749235382117
Low,42.87087271258032,0.7338809732737419,1.0,Omnivore,2,0.47119467705081786,0.7141368327522502,1,0.6295591024715147,0.5861841721162266
Low,60.898578851946574,0.28465539349359203,0.8808975876951246,Vegan,2,0.5390608879035371,0.7514115263086876,1,0.5236748459402717,0.8114542801265441
Low,35.623181116762126,0.3177854085868639,0.8844951154868523,Omnivore,2,0.5055469508887427,0.0,1,0.6096003335623672,0.5338027513998355
Medium,61.2436777975806,0.3100018527823053,0.7232536135010738,Vegetarian,1,0.48602946300065586,0.8128318585594649,2,0.6438846065636166,0.7418362279001708
High,53.77625582819509,0.9478922540260832,0.49257404390568954,Omnivore,2,0.3920408053800549,0.6044889118985782,3,0.9569792960967959,0.5136335321615673
Low,82.52929447782893,0.6568151179693931,1.0,Omnivore,4,0.9501561831754695,1.0,1,0.3533154725134481,0.6963603072531627
Medium,81.17035292618438,0.9829524558474971,1.0,Vegetarian,4,0.7396719914164211,0.4850895365566176,2,0.5296932681617043,0.8126169578179209
Medium,71.78018404515424,0.40737271920404483,0.8602438006505506,Omnivore,3,0.9871470951601262,0.2958771435579769,2,0.3504082791595369,0.6157606973257972
Medium,55.10079329008181,0.6919925220567443,0.8995249064448729,Omnivore,2,0.5537147144834226,0.7186467967986386,2,0.7827041448829799,0.6458988144674715
High,89.7807059289044,1.0,0.6571891157087556,Omnivore,5,1.0,0.9742960572892152,3,0.6712450786884281,0.7638908617228568
Medium,36.70447083240269,0.15148211302995818,0.9774610606939698,Omnivore,2,0.5532965772760552,0.1028193804581699,2,0.7521269716761166,0.5258303062811905
Medium,38.94662055654506,0.40058935731981116,1.0,Vegetarian,3,0.37514308690345693,0.24833899189146766,2,0.8318608792954769,0.5471539351025081
Low,58.74325350166403,0.4828174943504111,1.0,Omnivore,1,0.28201328274851023,0.6331508022009258,1,0.5872989282790773,0.5608246150573969
Low,93.81057163381678,0.4556873898943743,0.790488603476101,Vegan,4,1.0,0.8863748131736272,1,0.37046162830034246,1.0
Low,56.96491639694869,0.3221125959691381,0.6908303552668194,Vegetarian,5,0.8082148359344474,0.4638373641424071,1,0.7590389989498915,0.7001608913424808
Low,57.251321351860774,0.6864198939976419,1.0,Vegan,5,0.5194002767401964,0.5047998611869194,1,0.8463911055679927,0.7246263972528011
Medium,38.37134465832286,0.21586639765948856,0.7869738541162181,Vegetarian,5,0.582249559657078,0.07426639027411325,2,0.9090992982938867,0.5609854128737823
Medium,74.18894377905568,0.8093907452511288,0.9188591625719276,Omnivore,5,0.5082844563841603,0.5577023068422021,2,0.497416731346566,0.4885032944346432
Medium,74.2976438149403,1.0,1.0,Vegan,5,0.7728998759421897,0.2035786712997224,2,0.5636233475923004,0.7814828638224095
Low,71.83612802099864,0.6651975211777511,0.895205601082044,Omnivore,5,0.6611893514663314,0.5969974512590799,1,0.4217950142820599,0.6972087829786822
Low,50.56168990728956,0.6114342367394741,0.7677471291237576,Omnivore,5,0.19024006478896238,0.010400423635109457,1,0.8201639436856983,0.3554727319487704
Medium,49.39939847440492,0.06893270212408908,0.28901558363838425,Omnivore,4,0.5736463325031758,0.08061305062131852,2,0.7877422851817368,0.4951767443578582
High,40.60316624392544,1.0,0.2724327898097648,Omnivore,5,0.2284146398674215,1.0,3,1.0,0.5342558346118524
Low,61.258087526414,0.2854477871998655,0.3137107455127202,Vegetarian,5,0.6878657243328526,0.0,1,0.7621981841746301,0.6662958260037745
High,43.79389006082248,0.8150511655285648,1.0,Omnivore,4,0.2383504736760521,0.6574249068543412,3,0.9957754992384761,0.4595256477135504
Medium,42.33875242126067,0.9791121697448023,0.6200804221240039,Omnivore,4,0.08862574664271272,0.43449444756962263,2,0.8910730402309563,0.5116264334766406
Medium,53.644639246339864,0.5955026005728078,0.7367845723651119,Omnivore,3,0.39360284080128605,0.5371234975603412,2,0.8183769015365272,0.5778278067929781
Medium,52.66265737223676,0.7247094874643776,1.0,Omnivore,2,0.7336559030214027,0.1187646002419322,2,0.7684303613861019,0.5157786640771752
Low,51.93032206767067,0.4453196182237519,0.8688979207141313,Vegetarian,5,0.48731754724773396,0.6517112182234579,1,0.7890405559792303,0.6592188365364389
Low,66.99666895260393,0.06036584351505736,0.9444849411536007,Omnivore,1,0.6770990965334248,0.013020333366967618,1,0.5469123804010099,0.5411583795083927
Medium,61.18571703225419,0.7975993494897885,0.6024630145160834,Omnivore,5,0.6397834961007857,0.36176751464080137,2,0.9411059746208897,0.6108387484770623
Medium,55.67765954233324,0.03499884126398567,1.0,Omnivore,5,0.5771220582376986,0.46956735564443586,2,0.8007949930287572,0.6477646249162669
High,62.74519392467223,0.9006578288878542,0.4795559456628549,Omnivore,4,1.0,1.0,3,1.0,0.750634683973515
Medium,45.12709438343052,0.022921573149636942,0.2787850640901005,Omnivore,2,0.442962068672068,0.5727362240583241,2,0.6675352382306498,0.6167615149455555
Low,61.57917935864517,0.8623052365766706,0.4994992543117582,Omnivore,3,0.23467232947547112,0.38365160794689424,1,0.6617971322974452,0.5032675809973229
Medium,62.259037392669505,0.15763603583298058,0.5790324057379121,Omnivore,4,0.5482082015159686,0.43515065253435437,2,0.7773437250661156,0.49717903127452834
Low,37.45429710963779,0.5142714954425511,0.4695825434023957,Omnivore,2,0.3882092767174246,0.48413041707241167,1,0.5292630546988275,0.4648186380128015
Medium,74.93540631555543,0.6971507044831473,1.0,Omnivore,2,0.497181066834467,0.26085667488865044,2,0.4214082815180574,0.6120004703856619
Medium,46.77849442159507,0.4575454073734121,0.4517170594366189,Vegan,2,0.420188794921943,0.7228033781344364,2,0.8384650706188084,0.7464289737501224
High,61.354646988096526,0.5407634893488873,0.9834315394354671,Omnivore,4,0.5684861769440482,0.4828427100731547,3,0.9426023000248517,0.5905178442851252
Medium,77.46617610802906,0.5678142961809717,0.47846305377394505,Vegetarian,5,1.0,0.38299048216026943,2,0.4168768424157166,0.7712532967178023
Medium,73.88515136570804,0.4114157538811587,0.5166282179264492,Vegetarian,5,0.6033209145647153,0.19723085498504223,2,0.49950663745394563,0.660696530004337
Medium,60.515000828532536,0.4381223470808632,0.8113964526336577,Omnivore,5,0.7950728266819412,0.0,2,0.9121139426963717,0.6376788672991882
High,54.56251495676897,0.5589129909980306,1.0,Vegan,5,0.5164334251090714,0.9802300965158689,3,0.9499830602298838,0.9036938275515901
Low,74.21267862863351,0.6662048235071453,1.0,Vegetarian,5,0.9141458539291724,0.05244787890459002,1,0.3153582233702702,0.7129528331459464
Low,70.1204246671293,0.33792416224498345,1.0,Vegetarian,4,0.9803422299488502,0.7281941803166321,1,0.35049312540149713,0.7776725456686437
Low,50.72452469933805,0.9886565549140125,0.9041016887748612,Omnivore,1,0.583488120187392,0.5528430731111909,1,0.6298787856472683,0.6165899153433386
Low,48.076595294974645,0.5008699533821656,0.9161978428909652,Omnivore,2,0.46926709835692837,0.25762228707280654,1,0.6663883768714471,0.593986967434937
Medium,28.914672274560026,0.19416207741450964,0.7695963603042921,Omnivore,1,0.5188558660494433,0.2069479111690057,2,0.617700207876601,0.53780602487821
Medium,62.31047762525381,0.47706674956727246,0.9343713109844664,Omnivore,4,0.3304507994891399,0.399007232158725,2,0.8479768602949102,0.6278741831465081
Medium,58.759533824724016,0.8664151295248242,0.44091801419120474,Vegetarian,5,0.6222459451185155,0.556523661539618,2,0.9338455657415771,0.7558960174153346
Low,77.04287061963814,0.1218067931243956,0.9289533092621194,Vegan,4,0.5211437558774326,0.5252936849313692,1,0.31631210067962345,0.8521344931026232
Medium,65.3858264022055,0.6795541191072888,0.7129970654627532,Omnivore,4,0.8138304860225655,0.45811666964114833,2,0.8364767474236311,0.7028624956108027
Medium,80.01343791259036,0.647967796793928,0.8426044053402453,Vegetarian,1,0.8198103309834841,0.6419488294570477,2,0.28960246848927607,0.8112697283335021
Medium,49.53953658125744,0.16955799437013552,0.7712982559655246,Vegetarian,2,0.4809212520675804,0.6003296517375283,2,0.7426337757605662,0.6623623860618988
Medium,77.07225496451427,0.9174764393049206,0.5137574466248229,Omnivore,3,0.6967176165512127,0.8220776110699621,2,0.4811643497810335,0.7054776362361915
Medium,52.06625431343017,0.36888462237400566,0.6198190054192707,Omnivore,3,0.6560061189993568,0.39644070073374854,2,0.7643027092824539,0.602320081202731
Low,71.66394092688408,0.3938020288155074,0.421769265511024,Omnivore,2,0.35919443973048615,0.5213043248848253,1,0.2012512746007836,0.535025337773596
Low,38.1186241120396,0.828125191856901,1.0,Vegetarian,5,0.7617119307381772,0.4866095211527519,1,0.8300725444173922,0.7048354289646824
High,63.52702949049283,0.8385250461916647,0.43616317627259027,Vegetarian,5,0.6068094289407634,0.2714648953251123,3,1.0,0.6851615395547007
High,30.22968087831135,1.0,0.40967314293651125,Omnivore,5,0.04231935852435603,0.0,3,1.0,0.3949395147641233
Medium,55.992937710873676,0.6298837036711994,1.0,Omnivore,4,0.03413715834883824,0.06412782735964084,2,0.8783134095886779,0.42813197045643425
Low,66.6053099081687,0.7408176579321153,0.8157365957799854,Vegetarian,3,0.632399990447957,0.6267974023024727,1,0.7067395057478292,0.7441959039948126
Medium,52.18547173153357,0.8364458962596129,0.39656456017829816,Vegetarian,2,0.5678989674836711,0.7631657577332491,2,0.7878205780254995,0.7112071885191744
Medium,44.24343556866049,0.05473963590993691,0.6054477158826513,Omnivore,1,0.5035033241886899,0.3899547627046483,2,0.6823836470505541,0.4738467557449112
Medium,72.691777039439,0.8760489588693803,0.4793268793885808,Vegetarian,1,0.43684279987288516,0.685006023755044,2,0.3855608477180759,0.6671366990031004
Low,58.44805815229615,0.6137064818495768,0.4924562878459825,Vegetarian,2,0.338501012105377,0.33123375086121254,1,0.6324609288777164,0.5451283206966752
Low,52.65644029453993,0.06950779651519323,0.3153120484225447,Omnivore,3,0.7977874360801517,0.5168970546734658,1,0.6503218026686529,0.6882357445376599
Medium,60.62843881731415,0.5085779218687151,0.7413696886356707,Omnivore,4,0.29577067843288013,0.5463071616742823,2,0.8428696362690258,0.5348850867386838
Medium,99.55003712918383,0.1824580779839539,1.0,Vegetarian,1,1.0,0.9744461920738849,2,0.24440630778934583,0.9134474398575324
Low,77.30254274672316,0.8359472017232223,0.9724818924335112,Omnivore,3,0.6959725637161555,0.0,1,0.3547354311800865,0.5936460098935238
Low,77.4386050228176,0.646501713897883,0.9935383305986998,Vegetarian,2,0.6672017709517329,0.7738774987651851,1,0.10285928443125003,0.7157381585299746
Medium,66.53319478488547,0.9535735374122973,0.5332500040076676,Omnivore,5,0.6105347070063786,0.7436399224393558,2,0.9665639687796855,0.6211917170917144
High,62.49727908865721,0.38313537157176986,0.6563802386956525,Omnivore,4,0.517054682268072,0.7029074097553923,3,0.973272020945745,0.5992874042064539
High,24.05876567504376,0.8060334525203785,0.9655359322160508,Omnivore,4,0.12600073311325288,0.16411885542639512,3,1.0,0.30197500023893187
Medium,49.81529480305302,0.21158213457049135,0.33693265834177966,Omnivore,5,0.6978874153198437,0.9416532942563601,2,0.8121295127426053,0.6591262263623897
Medium,52.79138380196288,0.6140649847273983,1.0,Omnivore,3,0.44715435487152105,0.7211605303891289,2,0.8297413764938926,0.5848528527473401
Low,31.876619039287004,0.7226497023608565,0.6430731214612206,Omnivore,1,0.07503934804890616,0.7011249700269582,1,0.6019241801796286,0.43176764982139004
Medium,42.6387631467685,0.7223043293295386,1.0,Omnivore,1,0.4096113217152374,0.49134404117364916,2,0.7423431216849151,0.5895992403647342
Medium,30.287452936160488,0.8150739906826099,0.46944368407520276,Vegetarian,1,0.09111077139615506,0.2527463675143976,2,0.6880379562332339,0.5237669373092022
Medium,59.42514246453941,0.8535502279583167,0.6359686639057178,Omnivore,3,0.3768168879067041,0.6727012016604669,2,0.8053886991479213,0.6066975926879997
Medium,72.28148956273225,0.17727172626717705,1.0,Omnivore,3,1.0,0.4145355450765039,2,0.4028894151707402,0.7057296940866346
Low,76.60161777936493,0.44326715707240405,1.0,Omnivore,3,0.7293808399329718,0.8868288586890631,1,0.23907740576122755,0.708146941931561
Low,66.22176693118861,0.6871225203598057,0.5607535126460899,Vegetarian,2,0.4067324164298639,0.41564797359848193,1,0.5189716157093534,0.5471935734263025
Medium,45.549054882021466,0.49858628739121214,1.0,Omnivore,5,0.4349024313829917,0.2028158554255772,2,0.8761600255352224,0.47224063369686625
Low,31.01902262220061,0.1906759467547915,0.239585217355832,Omnivore,3,0.3229537731629394,0.0,1,0.67835324611918,0.42162410854062327
Low,33.64696950897747,0.552709570166698,0.23673781064701824,Vegetarian,5,0.2950551226745898,0.5821941572971998,1,0.7480481868864269,0.5296565808481567
High,40.965261341182526,0.6074356527661438,0.8003305219920154,Omnivore,5,0.31195879919091113,0.9456351224406061,3,0.994805507362096,0.5265528554286387
Medium,46.66710452946488,0.3900382776543051,0.9560762904189458,Omnivore,1,0.1892176478674666,0.7993145121852276,2,0.6712011238528244,0.5570673404160196
Medium,57.6037725301262,0.8097537174356638,1.0,Omnivore,2,0.4929105594434609,0.7503416071554978,2,0.7801104442854394,0.589399988558297
High,44.787536728095475,0.6075983338321813,0.628883464439339,Omnivore,5,0.2890804496968471,0.6520174692534375,3,1.0,0.4469360877520691
High,65.08463840502392,0.22645450548042417,0.3507146010147527,Omnivore,2,0.62644409414031,0.8108472034320042,3,0.9400410792432886,0.6606969788631023
Medium,56.515897458007906,0.058063338891091276,0.8854758267364464,Vegetarian,2,0.6496923375814512,0.4330245477984978,2,0.6908551704095889,0.5899510205249358
High,60.15818567611539,1.0,0.5904869489793487,Vegetarian,2,0.9518652835727032,0.3868920114869475,3,0.9388435465798023,0.7789804854492312
Medium,77.10375829006807,1.0,0.8184659126457425,Vegetarian,3,0.9260017324305461,0.35043828285164774,2,0.4423702451656623,0.7483434849942494
Medium,42.296523986994444,0.6884093364557076,0.6999521021849074,Omnivore,3,0.0,0.9110550858013264,2,0.7286204991034514,0.5706524968727995
Medium,66.28056867438552,0.3643682941000802,0.39591545410996143,Vegan,1,0.7072816728300015,0.4921832154174095,2,0.7053010084545981,0.7507236348749209
Medium,59.7904015728589,0.9386003157947275,0.7849337924283972,Omnivore,2,0.9010579539195271,0.5409923607647962,2,0.7643173782472986,0.6522194698555139
Medium,54.99770578545457,0.6628030863757358,0.7013081957315876,Omnivore,1,0.5214846336411385,0.12134813665953448,2,0.5942834207468778,0.47095750270803444
Medium,73.2788448129894,0.9443335491993377,1.0,Omnivore,4,1.0,0.3784580197228356,2,0.41947620208794967,0.6656411343650362
Low,73.18521231835511,0.8658523040370093,1.0,Vegetarian,2,0.5109212271553166,0.3145198296477093,1,0.23399770273366932,0.7884674872830219
Medium,45.80263806017358,0.3791393157725924,0.4142289084514289,Omnivore,2,0.2825250615137699,0.27391320389516777,2,0.7994076003517909,0.4557759367166249
Low,57.26759124213114,0.4787022008507855,0.4924768744210527,Omnivore,1,0.5388727721862155,0.6685342877022371,1,0.5837743672222862,0.529219613155251
Medium,64.21817523876098,0.1861321543680995,0.5720970549681781,Vegetarian,5,0.6129424494850766,0.6750455803610145,2,0.8963800665291893,0.7499575770934168
Medium,55.90489877966123,0.29201410044073406,0.45847493419548346,Omnivore,1,0.7263913095561504,0.6464229892907771,2,0.684292169269717,0.6038730129463148
Medium,68.77531998431698,0.7781256612865217,1.0,Omnivore,5,0.6881410467066753,0.5683630991957801,2,0.9469335261029284,0.6139971042197361
Medium,64.21788026865413,0.8939783918831082,1.0,Vegetarian,2,0.6203873645119669,0.7597883896754457,2,0.7943175995378323,0.7114377000444344
High,87.48841860534019,1.0,1.0,Vegetarian,4,1.0,0.6848409081099402,3,0.6131819261389263,0.826629070669835
Medium,37.04581296105319,0.4651736966566383,0.7919106109965571,Omnivore,3,0.21493971483322494,0.4455424020267721,2,0.761585475417859,0.5195814164851096
Medium,58.16346015378904,0.08650926893974753,0.7007452341200177,Omnivore,1,0.8393670584816453,0.366889003003429,2,0.659402772673491,0.5426453805819933
Medium,46.37246232731714,0.056947948698448214,0.5444425704963464,Vegan,5,0.5468463282062452,0.7177136962132058,2,0.8175159407921094,0.777156683978043
Low,69.06161183158567,0.3743255646128538,1.0,Vegetarian,1,0.6173069797664039,0.307012529893229,1,0.4532262597661118,0.705517137540674
Low,35.74242164931683,0.4638217187676631,1.0,Omnivore,4,0.40918778631441804,0.635818229519822,1,0.7263801704624384,0.5246706672501712
Low,65.1946906533733,0.6091206222132969,0.8227496288545944,Vegetarian,1,0.4884402244240508,0.6518674584534077,1,0.5828349245814357,0.6374054527032255
Medium,50.54927352977488,0.00648952138699721,0.5429468631554318,Omnivore,1,0.522740482051387,0.8763900686375731,2,0.5653543700282171,0.54195191302264
Medium,48.987572008184785,0.9897228904663063,1.0,Omnivore,1,0.48908163949920597,0.2100312335909063,2,0.6873907324165015,0.5008345816002996
High,38.30252694688969,0.5639388834040429,0.3239694256013269,Omnivore,2,0.47829052673130174,0.2499630887394519,3,0.9232570897380937,0.447213438792877
Low,53.023860806984906,0.8480946638011214,1.0,Omnivore,5,0.5068894570562774,0.3643630965155248,1,0.7275116682946959,0.5594493973332041
Low,76.26750795436388,0.6349667056654044,1.0,Vegetarian,5,1.0,0.3765786124366624,1,0.36487652550259636,0.8491916117750349
High,59.62216974705781,0.3304394545333465,0.4230147933624564,Omnivore,5,0.41975761254239485,1.0,3,1.0,0.6062225608646411
Low,69.41520626811712,0.7975655525345219,1.0,Omnivore,4,0.556421900903401,0.3647447121035911,1,0.706677771204304,0.570996848753283
Medium,84.96962732949413,0.809827074919876,1.0,Vegan,4,0.8975419586761467,0.4307572641312498,2,0.514069000641877,0.7857032098333709
Medium,63.95633377233864,0.527436084929228,1.0,Omnivore,1,0.478442050093926,0.9686410898395994,2,0.6774762559181009,0.63526644254564
Medium,51.61800641906489,0.51455309133378,0.7541248415015888,Omnivore,5,0.6507734546335391,0.6600355725179353,2,0.8849682183248418,0.5597796049037393
Low,67.00878322774184,0.08747960575092806,0.5811180584155377,Omnivore,4,0.9329619221987964,0.5012742045663328,1,0.6795550632973263,0.6542808662221011
Low,51.83555780528562,0.6558489485738741,0.841187069908341,Omnivore,3,0.41443670068577876,0.0,1,0.6992034498028561,0.44966914678227754
Low,52.43365975054246,0.9112451557542998,0.682102137224148,Omnivore,1,0.5419608943728049,0.9511545284803242,1,0.528426663423359,0.5976144136149792
Medium,37.20160800571523,0.09324491922135836,0.3919566847457733,Omnivore,2,0.5029565076657254,0.8938039538623286,2,0.6433956428413831,0.5748619342273839
Medium,73.89386236626588,0.3635114506489049,0.793145721449177,Vegetarian,5,0.9156031663534944,0.7988994864465947,2,0.41010567646833107,0.8309566543778936
Low,54.20996136525841,0.9023079734420988,0.9349396425038825,Vegetarian,1,1.0,0.6079770100140032,1,0.6740592372910693,0.8217348044503973
Medium,62.73147368723793,0.2843439098197933,0.3845706792221807,Vegetarian,1,0.35579976292098797,0.5840935623435229,2,0.6566644534503618,0.6447367055236293
High,44.46057107090041,0.8539436721799263,0.5557208568005185,Omnivore,3,0.7434415476815923,0.24160879051910594,3,0.9504554174883649,0.5506223078552595
Low,66.53921444573209,0.5348181649431442,0.3504909622414856,Omnivore,3,0.5368936372064855,0.9175401649233166,1,0.6680890675254262,0.69397712664754
Medium,48.570881427973745,0.5963276050038621,0.9923499126015444,Omnivore,4,0.365676407921006,0.2897288488137177,2,0.7768678171149993,0.5432390145666212
Medium,57.87436917447263,0.4157889015772531,0.930063113489064,Vegetarian,4,0.6073426170228508,0.6496529337949573,2,0.8228662225782996,0.7666691572948804
Low,73.16739046858689,0.3999914705537111,0.4285090870449003,Vegetarian,2,0.7440959191722785,0.6751734328090908,1,0.19035436484043838,0.809588534754674
Medium,71.86138968348794,0.14853345072966898,1.0,Vegetarian,2,0.9687812248595552,0.5953063788100308,2,0.26625583124829433,0.9187686638658004
Medium,59.669548912245894,0.7442809392941642,0.32096930168833016,Omnivore,4,0.3025918956806282,0.24154220390991843,2,0.8166244167331003,0.5412415645216854
High,33.47803450939922,0.9460934621942267,0.7573508190230847,Omnivore,4,0.0,0.0,3,1.0,0.31367145589015666
High,100.0,0.9707257400787231,1.0,Omnivore,4,1.0,0.9816763692982342,3,0.6225381133301469,0.8353823210339364
Medium,86.18788455409704,0.7436337881196206,1.0,Omnivore,1,0.5738759565268088,0.5887166912428868,2,0.2984011260020008,0.6645889932269922
Medium,70.84012237332448,0.3437171321675262,0.38848574745982617,Vegan,2,0.9094122505294417,0.6336858679768861,2,0.25970644853808544,0.8683951134856017
Medium,48.70194327613544,0.02234493376629121,1.0,Vegetarian,2,0.7659690898825329,0.46598153668845865,2,0.6272004826757556,0.6734941187650589
Medium,58.29611757447053,0.8087153968854397,1.0,Omnivore,2,0.8098858870381442,0.5786772471040021,2,0.8437961868868717,0.6278246514921519
Medium,51.84869355335225,0.4911385356958269,0.8206338409211339,Omnivore,4,0.6207730942736195,0.3960950630963922,2,0.7835922101350171,0.46052383540517794
Low,78.95783908644583,0.4068381307026183,0.8768723943193752,Omnivore,4,0.9387433082890576,0.8524919179190136,1,0.2803567393611507,0.6035843477030536
Medium,63.937543362777504,0.10193190678057007,0.36455517987648733,Vegan,4,0.5348554213779748,0.5082915964584679,2,0.8019838854461097,0.7896855804944627
Medium,48.237542124602506,0.0627215909013884,0.8031418531328811,Vegetarian,3,0.0995057533877578,0.3299014865433413,2,0.7322754449396168,0.5246049360750675
Medium,52.93867351312827,0.3488667217951773,0.6740724493358721,Omnivore,4,0.4598752522286282,0.662773424063601,2,0.8267317842933999,0.5365681119368858
High,76.81782213854856,1.0,1.0,Vegetarian,2,0.6594536356836926,0.6481573483601638,3,0.5321857623465454,0.7330340028361799
Low,84.00146770230717,1.0,0.8238909053976237,Vegetarian,4,0.6510981348680867,0.7696916947513509,1,0.3292384745349721,0.6983666247409175
Medium,82.92497345229368,0.9967513646130647,1.0,Omnivore,3,0.8391607555593282,0.9747807787477228,2,0.5023474912836258,0.7681835194508876
Low,71.35548097580966,1.0,0.4581855511165791,Vegetarian,2,0.3236797070507599,0.7212741541457045,1,0.20233230855164253,0.6645651760148485
Medium,56.21062696796045,0.9077253431293427,0.4140054056057692,Omnivore,1,0.8129942025773061,0.7479892792999923,2,0.7089949276943899,0.6517253484056872
Medium,11.377292620063194,0.5272247516003958,0.19659665374947433,Omnivore,3,0.09984977979589976,0.0,2,0.8483607169271987,0.3897393138933828
Medium,64.45740035712332,0.21941563855690382,0.3678125015853601,Omnivore,5,0.545759237266784,1.0,2,0.8424315616504248,0.6208546205741273
Medium,59.972568617338496,0.7980465828368204,0.8411917023564963,Omnivore,2,0.5378206719049481,0.7159341976257414,2,0.7573893960550409,0.6435678961433245
Medium,62.09973144482031,0.213712974852579,1.0,Omnivore,4,0.5897090636913428,0.6971426043630276,2,0.7912035688962933,0.6300182695879644
Medium,60.80846020549809,0.2672072767565691,0.9144535047211566,Omnivore,3,0.40082353640823243,0.4653413988098491,2,0.8291307431952093,0.5924713487252397
Medium,40.10606757076265,0.23325432182254846,0.7754852234066695,Omnivore,5,0.1930695708002459,0.0,2,0.9177269756893156,0.46715351769302693
Medium,68.36112835276778,0.5149824036958058,1.0,Omnivore,3,0.422080437457185,0.7852790383595899,2,0.7422001870772889,0.625284114630992
High,69.48324471047775,0.52182750816908,0.6870615466244036,Omnivore,5,0.4109702730193295,0.911746618231414,3,1.0,0.6078838372969345
Low,70.23508173089489,0.25415604962534144,0.7131294803027033,Omnivore,3,0.531136285413602,0.07373731532344008,1,0.1171538965379603,0.5789649120233896
Low,74.1986550536008,0.5531734118938824,0.6852633734889266,Vegetarian,5,0.7125186460135069,0.8840829499527396,1,0.27156013920789335,0.7270306869334308
Medium,69.06077467382434,0.873907238785167,1.0,Vegetarian,3,0.91082070745207,1.0,2,0.7582095411970838,0.8392088115868201
High,53.849558826916336,0.7705528549499723,0.43088812980535596,Vegetarian,2,0.22322527585617435,0.8998643961018098,3,0.8719252590441757,0.6821738539549581
Medium,58.93744728125865,0.8783356058875871,0.3077125167192176,Omnivore,1,0.772452767238692,0.6505140779904802,2,0.7162332202039028,0.5896150024460924
Low,61.36687300880065,0.1958721850791374,0.9030308117664956,Omnivore,4,0.2919787635980119,0.48799707326758124,1,0.615990279020808,0.594236147933428
Medium,61.615491736599274,0.166973873672554,1.0,Omnivore,5,0.6354439475336982,0.7978270721043461,2,0.8062241554929912,0.6270625227689549
Medium,74.97326483957595,0.6755771256984202,0.9842742411941845,Omnivore,5,0.4463190865160397,0.7489365265635439,2,0.5406542589182499,0.6332784232313636
Low,69.65503129533737,0.46332890154627304,1.0,Omnivore,5,0.4436310377645037,0.6898434987131072,1,0.7281146648828722,0.5368809282753813
Medium,91.1601515935493,0.7601726416469569,1.0,Omnivore,5,0.9748606926413036,0.6016087385669376,2,0.5626858066199063,0.6263774321250827
High,93.09703469827008,1.0,0.9629218270143667,Vegetarian,5,0.9919393998002888,0.2918653501523486,3,0.7430894870403892,0.8744568973843602
Medium,61.194743739208874,0.7513072956521765,1.0,Vegan,2,0.7617417999102067,0.7670931367739351,2,0.7799142537312649,0.8446033297689743
Medium,2.4501667731094585,0.9422611736585611,0.8363549577207691,Omnivore,3,0.0,0.0,2,0.8758691891407792,0.35430527951185503
Medium,78.55248699190899,0.4982564091570115,0.6174940791312429,Vegetarian,5,0.9848598706734348,0.36056215920998763,2,0.4871704944059628,0.7811779575002704
Low,51.894354915194185,0.20638674224818077,0.5956022550591165,Omnivore,1,0.8316075888045401,0.09879214654817303,1,0.45516790204474206,0.5364260679979297
High,47.9777411725349,0.7509126399478858,0.4636144383659584,Omnivore,4,0.5264067612144973,0.3453654338252445,3,0.951300435706581,0.6223609808856585
Medium,54.0233208751595,0.1107431201911856,0.7222895599662384,Vegetarian,4,0.1828844458370824,0.08330695786243192,2,0.7107368753238315,0.5492781164292438
Medium,53.300354297780906,0.28885112333163143,1.0,Vegetarian,4,0.14718587564172775,0.7677597266076304,2,0.8636537359412056,0.6185004111613207
Medium,69.18404715158088,0.20788805526314447,0.6911273365932368,Omnivore,5,0.7224429246646676,0.7390020959662121,2,0.874803445739364,0.6480724102744356
Medium,36.60846331310662,0.3965637167970809,0.5575092056960864,Omnivore,2,0.2516401118804352,0.6402383087097345,2,0.5879899137256018,0.4162057958301013
Medium,43.83418881312598,0.11121657500221538,1.0,Omnivore,2,0.23921371594893256,0.05603369395488206,2,0.739538625498659,0.4681697478028335
Low,65.14737831296125,0.03184174454809785,0.8411112223094814,Omnivore,3,0.6180480388801943,0.12424789669087416,1,0.6026307327554064,0.5873818190300115
High,69.34416045619962,0.8567940046300317,0.8821698019284325,Vegan,3,0.6218349754688567,1.0,3,0.9365535165370817,0.9077694427124114
High,69.62312467404018,0.8102489782898048,1.0,Vegetarian,5,0.664168545039093,0.3400463598895279,3,1.0,0.6654688687142911
Medium,48.19445581600051,0.7083589360386612,0.7314990161054757,Vegetarian,5,0.30586258796356824,0.43026317617473514,2,0.9030033863782493,0.5217123419435832
High,45.3260152610064,0.8603864402713439,0.9081876109344272,Omnivore,2,0.8491616594318872,0.14864327746546283,3,0.9918394251325945,0.6039510476141872
Low,52.400477493181214,0.1142946811423835,0.3476470533399668,Vegetarian,4,0.3065348302586941,0.19007273991649812,1,0.6596890309582601,0.6504431106932379
Medium,63.59809128427088,0.2910788813756463,0.4966221695482397,Omnivore,4,0.5821368849654062,0.7084487712434129,2,0.7894822228924272,0.5340920879240877
Medium,82.28216053908824,0.22952660990035237,0.8157870034116868,Omnivore,3,0.4144755112770991,0.647064157792898,2,0.48032491567015906,0.5423736019220149
Medium,29.288442213438746,0.8429724020485632,0.6412812788870685,Vegetarian,2,0.0615938211761681,0.6381701570850543,2,0.8301215794062377,0.5071651041152708
Medium,56.6890686456245,0.7469036553555233,1.0,Omnivore,1,0.3066043254689624,0.0,2,0.7695991387779275,0.400027953029389
Medium,40.009823384621946,0.20152700291824244,1.0,Omnivore,1,0.292483937428776,0.3280839875787804,2,0.7185045037211376,0.4516824685195996
Low,35.21635983969765,0.3413092404898934,1.0,Omnivore,2,0.3023847337949544,0.14010250748276873,1,0.6432214213368943,0.4637989715127348
Medium,74.50434968017225,1.0,0.6881205836864358,Vegetarian,5,0.6606760996145511,0.5471591064553982,2,0.5710347834854638,0.7723497532698401
Low,68.16936861749008,0.5941593578796515,1.0,Vegetarian,2,0.5722868351262084,0.5152550491303942,1,0.6104337876241278,0.7293277250770845
Medium,66.74150273920893,0.8011555973011573,1.0,Omnivore,5,0.7102656625956509,0.7491306629684764,2,0.9354515770679229,0.6429639422568643
Low,73.81538759596489,0.3645910347687291,0.7620170657972248,Vegetarian,1,0.7963471502027428,0.5594975606091658,1,0.06742931244833192,0.82681294776291
Low,52.80421654850796,0.2100529201793052,0.9656959997273061,Vegetarian,3,0.05170547908393325,0.38749601510357046,1,0.5089491293674869,0.45931486920741904
Medium,53.51043725499708,0.7839169288465484,0.284074916061512,Vegan,4,0.7466318994663675,0.9684992018299816,2,0.9138590732009844,0.8004027127216696
Medium,92.78595925083862,0.7858724552314401,0.6100844785284066,Vegetarian,1,0.9801070310404287,0.40721989797126684,2,0.4195835098256867,0.8239731022694673
High,56.301434186106384,0.8809779292117637,1.0,Vegetarian,2,0.1711681610138056,0.14342227605733338,3,0.9191877357908301,0.522745908961544
Medium,71.02698169581137,0.6526345818291939,1.0,Vegetarian,1,0.8899998961097453,1.0,2,0.3846585630846036,0.8131209128717821
Medium,60.095723114449726,0.5635783427765488,0.6646733168641327,Omnivore,4,0.8048982653619137,1.0,2,0.9331247049301792,0.7052454797233861
High,32.27612204882377,0.9356975053062537,0.6620472504668377,Omnivore,5,0.0,0.0,3,1.0,0.3369679193054074
Medium,29.330564942980978,0.2700024811211953,1.0,Omnivore,3,0.23085170420878703,0.8873323143025313,2,0.8374603714486526,0.4661909795317385
Low,51.31523670090143,0.35276846585695576,0.8881542929835937,Omnivore,3,0.5659048361143663,0.6013085857211979,1,0.6669134486658084,0.5628004548412271
Medium,75.84151877504983,0.971636770520055,0.7773568778095794,Omnivore,3,0.9723722726431759,0.4194524858476232,2,0.4309149814270751,0.7318787110709799
High,71.82437484954005,0.6088652010121577,0.47944853164523527,Omnivore,5,0.8165237236754966,0.6001802355974536,3,0.6874759576209065,0.6986687339159778
Medium,73.71115746336051,0.646309571379299,0.6623025889423635,Omnivore,2,0.6244905752113465,0.4854169455085441,2,0.3789332605019428,0.6610870825399502
Low,45.19430731595527,0.7026394640066841,1.0,Omnivore,2,0.2354367923735124,0.37681577077824474,1,0.5221066074995353,0.4827142699198117
Low,84.23808735183471,1.0,0.8585534996109511,Vegetarian,3,0.5466627389458404,0.5774855314305123,1,0.4244471249101511,0.7443440883047463
Low,45.526600497204235,0.43529133149533195,0.699472466330882,Vegetarian,1,0.26961927911796313,0.026159094954006146,1,0.48982427470569273,0.6058422321667701
Medium,63.19236598004953,0.4280928766249438,0.814559862297263,Vegetarian,1,0.7394767646994462,0.13005560928870696,2,0.7026074770915495,0.644431239419658
Medium,59.84471565138395,0.8425883794336675,1.0,Omnivore,4,0.7826421986982086,0.5632597361430419,2,0.9759804867467035,0.6920252745330615
Low,57.39189269528121,0.8055031112598633,0.8908877478617159,Omnivore,2,0.49846936024427335,0.23810066723468487,1,0.6169432839371325,0.546885307190578
High,80.0788820744341,1.0,1.0,Omnivore,2,1.0,0.24022169924514053,3,0.5128969171806835,0.6866367424471688
Medium,49.42334219751059,0.4632296374090289,0.6365302535366569,Omnivore,3,0.5757963454321696,0.5713139116320433,2,0.8028161820286739,0.5458101453656449
Medium,39.75592116432108,0.3239391201607158,0.22786722441057974,Omnivore,4,0.9031780920962085,0.487560656104578,2,0.8151010848027774,0.6694385800556619
High,60.29993229309629,0.8087304825848487,1.0,Vegetarian,3,0.23650168646111236,0.6589285937088918,3,1.0,0.6759790295960432
Low,54.0025989857021,0.8762232931316409,1.0,Omnivore,4,0.4963129149637922,0.4733724932398722,1,0.6958108739744077,0.4869399053279829
Medium,100.0,0.9837774582085865,1.0,Vegetarian,1,1.0,0.5703601659844009,2,0.3197728186431389,0.8732609815460941
Medium,70.14761214659963,0.20849834507043843,1.0,Vegetarian,3,1.0,0.9456209624518352,2,0.3664251338279791,0.7987051629716988
High,53.859891371720636,0.6283502838131507,1.0,Omnivore,4,0.24764746965291284,0.7132639930939182,3,0.9484093684564249,0.5151897260795167
Medium,44.1583264621937,0.46472195619874945,0.9053876824272953,Omnivore,3,0.24837979017907424,1.0,2,0.7689013946990636,0.46248044593242926
Low,31.79567384146823,0.9776153675237532,1.0,Omnivore,1,0.328964445459267,0.6430633016643543,1,0.570611887959266,0.5015225981873953
High,44.621713713938504,0.8779980152425846,0.8236548075707287,Omnivore,5,0.20157306444607465,0.46739248003875844,3,1.0,0.48664113911957885
Low,61.72412657638698,0.40724641726207056,0.44299024677395854,Omnivore,3,0.5675411353086449,1.0,1,0.6097029204987564,0.6504784323280228
High,81.40992977392153,0.32605788598559304,0.7982678139110286,Vegan,5,0.48701155683759556,0.7005801193929658,3,0.6695899193236823,0.8100008052660973
High,76.82533713581878,0.8653851600991959,1.0,Vegetarian,4,1.0,0.6648382284980594,3,0.5364838827674545,0.8063215796839982
Low,63.43642247469569,0.09607597563835613,0.6683199259691348,Vegan,5,0.9701961825631362,0.5144211274099301,1,0.7603381340133365,0.7782675086166325
Medium,55.15248501446273,0.8344499573477631,1.0,Omnivore,2,0.8945861884740607,0.3083921418332046,2,0.7572229872237499,0.6681813903911091
Low,64.03218534618232,0.7525186605703621,0.41337239750578114,Omnivore,2,0.6709734652203052,1.0,1,0.6416022185725482,0.5735912169218721
Medium,52.22043003773136,0.46050915990817876,0.5952859925641264,Omnivore,3,0.557255782661795,0.18586560065724045,2,0.8461681547249075,0.5544028523063667
Medium,85.77545993645813,0.5292107795416997,0.7798306244096702,Omnivore,4,0.8553121502773754,0.21749598095695627,2,0.4059514673100408,0.6530584709503988
Medium,57.1621472808738,0.8973389655687687,0.33741327951334915,Omnivore,4,0.74382674037809,0.3364518273986733,2,0.9122333806363186,0.6254058120195636
High,58.7049321262991,0.4884583504181284,0.4126189908182505,Vegetarian,2,0.8393231921466611,0.598787529802079,3,0.8333810280428013,0.7527297616473608
Medium,26.762663624689978,0.2490199621067708,0.32697852924522086,Omnivore,2,0.41029116269363247,0.060742709430399666,2,0.6550157553659688,0.39245359142095176
Medium,57.06847730215854,0.9391974328257621,1.0,Vegetarian,2,0.6192011338574626,0.3689082772670874,2,0.781630851748081,0.7031405026603059
High,72.54726206947412,1.0,0.426138300287177,Vegan,5,0.8665570626460087,0.028249083909644868,3,0.691993680855246,0.8190573143040546
High,43.98416134442182,1.0,0.5186217080664963,Omnivore,4,0.43773991669843443,0.0,3,1.0,0.46412029148655176
Low,48.739194982607806,0.19519381427592553,0.2538709775023066,Vegetarian,1,0.21911784689282499,0.010694452764065832,1,0.4457660474618148,0.5538093331722596
High,71.89066526600497,0.44329599143093446,1.0,Omnivore,3,0.6006002608382827,0.8502860934516681,3,0.5738473669273344,0.7066825637318276
Low,37.8501416472292,0.0260295498171349,0.8095537982795258,Omnivore,1,0.421092226822134,0.0,1,0.48174810171199817,0.4420927403108795
High,75.86701511312877,0.5370415089186801,1.0,Vegetarian,3,0.5845934149408086,0.43727217455074585,3,0.5466204575396859,0.7310908647928104
Low,52.01784164740347,0.7741904917143247,0.634471992951636,Omnivore,5,0.3322319630185493,0.37675689820709984,1,0.6701389735657638,0.5187334300719926
Low,54.171476692631956,0.24003841876414977,0.47912520473072884,Vegetarian,5,0.6653485955346261,0.12783502748833775,1,0.7123975118884901,0.6328537050983386
Medium,43.14182392311609,0.7291032835948762,0.9360293329016138,Omnivore,1,0.567516972071955,0.44230758255537017,2,0.7596760478889836,0.5147274211303823
Medium,65.67069390641825,0.2519082653674215,1.0,Vegetarian,4,0.7158430557418094,0.682232512459532,2,0.8091061976878099,0.6922772603410551
Medium,96.89807977544069,0.49529249795067165,0.6230918969754052,Vegan,4,0.869433788050102,1.0,2,0.43034172121467806,0.9928034383908388
Low,71.72245859190949,1.0,0.8454417208969688,Omnivore,2,0.6496957724140083,0.5985013735970568,1,0.34158782794827003,0.6034771080766066
Medium,47.03572107089197,0.24481173128413558,0.48389428733332235,Omnivore,5,0.6103658270741837,0.0,2,0.8709830206801871,0.45281311241698297
High,77.03430878237214,0.6763706272982676,0.5532784051179944,Omnivore,5,0.5900120467758819,0.4688106284749851,3,0.577418593688136,0.6160662326365217
Medium,55.24980681098626,0.30108718046521366,1.0,Omnivore,1,0.26151863223659627,0.3751135957585015,2,0.6002831567197512,0.5492897219338135
Low,80.6172747214134,0.2096249863300023,0.941183309079904,Omnivore,1,0.907611912388712,1.0,1,0.19345369032170115,0.8010981581985718
Medium,72.10014603246545,0.5898941421308249,0.5766860625409951,Vegetarian,4,0.6971214857926181,0.5323156677998612,2,0.4326720598046234,0.5941930537646194
Low,15.852876517924003,0.3786906633330023,0.38926439380116507,Omnivore,4,0.4199719807195381,0.2542844887419574,1,0.7271462009476763,0.44729231030457023
High,44.93880550567459,0.8948870858072802,1.0,Vegan,5,0.23633558529169948,0.2837232947939812,3,1.0,0.6918321478716298
High,74.16577834253084,1.0,1.0,Vegetarian,4,0.9565950128391828,0.7804791173878115,3,0.6688319012460326,0.8415446209756371
Medium,62.27485908217526,0.5442497144956385,1.0,Omnivore,5,0.505990956560214,0.32961001854159394,2,0.8807925528415265,0.5544760372934092
Medium,44.64366078438224,0.03219642208733686,0.6832304010026192,Omnivore,5,0.6028545808467418,0.0,2,0.8450668999245494,0.5901578153764806
Medium,50.49615726759281,0.6189223562347216,0.876288050258839,Omnivore,1,0.24728283821003866,0.0,2,0.7337128494948134,0.513425594403776
Medium,31.40645069865929,0.055390730020939194,0.533799993697708,Omnivore,5,0.0,0.4142124172698851,2,0.7917753042637803,0.39978066433727555
High,58.67440068710406,0.816356323599025,0.3710839791244108,Omnivore,2,0.6569270330272409,0.5873779227898422,3,0.9451544031723482,0.5867073648017386
Medium,93.16034589023647,0.7850299492691885,0.8668710401079649,Omnivore,3,0.8765673057773411,0.8969319563844531,2,0.43709967786686793,0.7682034661697705
Medium,72.07400086098488,0.2977676276175184,0.9543507575120691,Vegetarian,4,0.7526079766082979,0.6362625590147885,2,0.351753355565668,0.7822024528315459
Medium,92.85625501782636,0.919346148721771,0.7514255458572632,Vegetarian,3,0.7334486660697362,0.18546420463433388,2,0.5751943079600493,0.7534544205560256
Medium,73.2359563468497,1.0,1.0,Vegetarian,4,0.7979753640642272,0.4163462007077613,2,0.4811769836394008,0.7545391613924195
High,75.41219015029037,1.0,0.5281611099260505,Vegetarian,5,1.0,0.5983017868705048,3,0.6466206273867591,0.8871767757336789
Medium,89.61118031617536,0.40510919021208214,0.8151849910177967,Omnivore,1,1.0,0.5277890151258209,2,0.3640190326052339,0.809861841911455
Medium,65.6589488901334,0.5866430124456344,0.45319864977486995,Omnivore,4,0.5216449989997272,0.7178498506262785,2,0.7955378824234385,0.6464350355496995
Low,57.1915901773968,0.9148151491912277,0.6907900848722093,Vegetarian,3,0.3206605041106048,0.43011409047503424,1,0.6602348833408306,0.6676316474897342
Medium,75.48986274933019,0.4206647262228499,0.41711061872092137,Vegan,2,0.7542852940651852,0.8264963394798,2,0.3490856055138367,0.9271027394789922
Medium,81.80760355682827,0.920027822265425,0.6815874128457868,Omnivore,1,0.9875724995307843,1.0,2,0.3119518481286185,0.7511631734578517
Low,52.800530359316866,0.009475131261696523,0.664737906910268,Omnivore,4,0.19038197695195702,0.5731117405160892,1,0.6771294616395678,0.5234593114344874
Low,49.17646376489956,0.00364670278467627,0.7240476821011894,Omnivore,4,0.6136455247420458,0.4605378288340046,1,0.6774477306328469,0.5801442680565809
Medium,62.082840486463205,0.7597116603389674,0.854110560907458,Omnivore,5,1.0,0.12306306740524325,2,0.8867044378838826,0.6979792104210767
Medium,72.47248300397493,0.8614475821271211,0.6373535448097936,Omnivore,1,0.8526538657760546,0.621650143673634,2,0.4094865822879218,0.6922502435263478
Medium,71.97136572992342,0.8889771878522937,0.8828981632644894,Omnivore,1,0.4086118792279921,0.11882395063515006,2,0.3233424213072894,0.5804898259638382
Low,38.63748599718601,0.9300268378881623,0.7021920515479899,Omnivore,3,0.15982639216232014,0.0,1,0.7029660740605966,0.40318660026818476
Medium,88.67409100594983,0.21790631182028422,0.7595485059059576,Omnivore,2,0.7487519731559599,0.8258522276981225,2,0.30224832441322463,0.7443601293586021
Low,50.382526059047244,0.23198498498368836,1.0,Omnivore,3,0.4748209166356101,0.04016148980457335,1,0.6008953114342092,0.5133430564544196
Medium,56.02402504667131,0.9037249203738076,0.8257612518269217,Omnivore,3,0.630042573227956,1.0,2,0.836763009014797,0.6004439739996078
Low,46.4601846001827,0.17723619777235344,0.5645706417474585,Vegetarian,3,0.608692631446319,0.661278992116939,1,0.7100361181900356,0.7170145199241723
Low,100.0,0.782229267576584,1.0,Vegetarian,2,0.9403049815461879,0.8482242724282194,1,0.24916711216350368,0.9248477502194214
Low,63.63106005431951,0.5304630000408154,1.0,Vegan,3,0.6875162758979341,0.0,1,0.6003498519854472,0.6822921549461717
Medium,47.235373789776524,0.08319367685150725,1.0,Omnivore,1,0.2560741112015772,0.0,2,0.6622653887346822,0.35860160502745997
Low,72.95885324943669,0.38526366194153283,1.0,Omnivore,2,0.5883902898077304,1.0,1,0.1604216245718646,0.6754232933702159
Medium,71.53703668965049,0.6203722164409678,0.7359080889542993,Omnivore,4,0.892362526180528,0.4317466118829102,2,0.5105763572288924,0.6844543013125541
Medium,57.184094646301745,0.8523501166838341,0.566781139910521,Vegetarian,5,0.662269507723212,0.8316327698731776,2,0.9296253594404086,0.684590657925191
Medium,72.60910069175074,0.8075384896146737,1.0,Vegetarian,5,0.8414808571374204,0.4489688337631194,2,0.45963518016735994,0.7727700453636788
Medium,47.62062058753703,0.621883161454933,1.0,Omnivore,1,0.2683451021817163,0.09711519320367695,2,0.732527509653838,0.4538749236023443
High,52.60622587576122,0.6960328899414148,0.8897462094826549,Vegetarian,5,0.518481294731639,0.11848223140366682,3,1.0,0.5188966143456427
Low,29.846750181509055,0.2986839838141343,1.0,Omnivore,5,0.3155363599171107,0.0,1,0.750033072590266,0.431799118480233
Medium,40.14073373670656,0.11924491131926118,0.5298070997313014,Omnivore,5,0.4659986432362896,0.504710171417214,2,0.9097517675355049,0.4753564407693294
Low,87.11446208506028,0.5090760345660955,0.842526092899557,Vegetarian,4,1.0,0.8401102100728114,1,0.28661665963728267,0.8868666808367951
Low,84.62142941583471,0.12851849391129258,1.0,Vegetarian,5,0.8552393725324259,0.5430224281209224,1,0.30477264333808485,0.7693918744725491
Medium,60.98682972973444,0.2110558892668506,1.0,Omnivore,3,0.9279348727246617,0.0,2,0.7796360083237479,0.6252102613442969
Medium,84.94397170784757,0.5324833758726598,1.0,Vegetarian,1,0.4563939903909749,0.6329497857944055,2,0.2701242741496358,0.7831367146540192
High,57.59888270087543,0.618605185671915,1.0,Omnivore,2,0.5143316509947109,0.6481635990089569,3,0.9163510837943621,0.5619708988910967
Medium,56.34884546148138,0.0442954309969924,0.7302599345256386,Omnivore,1,0.7699649887209786,1.0,2,0.6648541675301298,0.6602403831057538
High,60.847659726983345,0.7890601535252912,0.8353063184572798,Omnivore,5,0.45919478644354667,0.8144785711805433,3,1.0,0.6574342568645384
Low,58.12617607014652,0.5496842558532362,1.0,Omnivore,4,0.7480079960982264,0.5420498177659125,1,0.764869399847411,0.6483653332506953
Low,56.772055146597296,0.07810430402091284,0.8355070118310344,Omnivore,5,0.5872967412761293,0.21939649253278903,1,0.621757788672495,0.5490117745350204
Low,77.15097160724329,1.0,0.6411522322006616,Omnivore,3,1.0,1.0,1,0.3403699264451789,0.8278123796868266
Low,62.252034809343044,0.09938277895086012,0.7468799868166647,Omnivore,5,0.5922869784649377,0.5531416838107281,1,0.7789131311451036,0.5877180265675327
Medium,70.68722646650707,0.9548341512373361,0.8697521211816532,Omnivore,1,0.6790392857196637,0.6365417464936665,2,0.38493142931428187,0.6294058341504148
Medium,75.47070787915996,0.10030973191500595,0.47407337294692936,Omnivore,3,1.0,0.9831832835125451,2,0.30714745791610715,0.7041678428765662
Low,65.822786934821,0.8822810950453831,1.0,Vegan,1,0.5859369912036712,0.4754728348998652,1,0.6314814081646826,0.8243776560077333
High,45.44593011137642,0.21971973220431257,0.3365835839118551,Omnivore,4,0.6657096789038501,0.647823874164484,3,1.0,0.5369171628606486
High,39.70701166553942,0.957812031892116,0.6034527716965028,Omnivore,3,0.4585862624665548,0.0,3,0.9867840618835937,0.5383997548033099
Low,62.231709522109576,0.36169081130025293,1.0,Omnivore,4,0.839750844824217,0.30436770610663455,1,0.6861386629541706,0.5944933550037056
Low,57.43115542762598,0.7382168001363199,0.7547261387514268,Vegetarian,4,0.5044968295547205,0.6200632561898274,1,0.7623744434684346,0.7006217757405427
Low,61.31087143380183,0.4017452054249785,1.0,Omnivore,1,0.5918028085446406,0.49296763880945854,1,0.49654377551160844,0.5923763178413785
Low,59.75918941127121,0.07090792233184173,0.640677269112471,Omnivore,1,0.5240869205525319,0.41995012609386584,1,0.43038987253511424,0.5920916629942891
Low,98.75360490249851,0.8675066953953641,1.0,Omnivore,2,0.59276579896628,0.46634100713886767,1,0.25781135493245816,0.6828291693864618
Medium,40.04660616537993,0.07125268532136497,0.4097014626321352,Vegan,5,0.34745349802604847,0.6219507123921243,2,0.8589520575852232,0.7163935566004701
Low,30.15080595268313,0.922120435961218,0.18901817475271696,Omnivore,3,0.9419083309456007,0.0,1,0.6403949998150844,0.53047601000331
Medium,64.98565250279414,0.050974035791661376,1.0,Omnivore,2,0.5033892393710728,0.8045487950279379,2,0.7243573541677758,0.62407768678282
High,54.35366168117707,0.6793252777715155,1.0,Omnivore,3,0.5727299791066448,0.4682313058997113,3,0.950495701949614,0.632531002256378
Medium,64.74101804594926,0.7230344308507957,0.555688927297119,Omnivore,1,0.8856432534399807,0.5594663447491397,2,0.7410863376276494,0.64735581742229
High,68.75824533426001,0.5932464647920377,1.0,Omnivore,2,0.7918874814923071,0.5581461351306419,3,0.9187570870250386,0.5956887725965955
Low,79.26157042768347,0.31723347459243467,0.8985879814069452,Vegetarian,5,0.7771021167381237,0.4011427362793983,1,0.3384385890742798,0.7865739920323742
Medium,37.39161269424092,0.759090961396027,1.0,Omnivore,5,0.19506850899305184,0.3010899682881071,2,0.9251941471091013,0.45691438187439115
Medium,51.64923153214256,0.7842947047887264,0.7632749290477121,Omnivore,1,0.804961692139724,0.5400983355817421,2,0.6407560514624322,0.6858929834118763
Low,66.43141888321146,0.9226949839543672,0.8040316811873484,Omnivore,4,0.8860382243688507,0.6772309042509997,1,0.6671124625961115,0.7051131775421711
Low,71.5569539353084,0.4761651104310777,0.8069233068210071,Vegetarian,5,0.9992775338624484,0.5663301873621974,1,0.43748283835341983,0.8618862031337534
Medium,92.9017432543258,0.6062517344973268,0.7993839924045791,Omnivore,2,1.0,0.7402312500694639,2,0.42984118350697703,0.846440327637141
Medium,74.33555956670801,0.463128442846072,0.9053792950100917,Omnivore,1,0.457851448139805,0.5832976488713272,2,0.28245172508871796,0.5844990652434203
Medium,59.148171061705845,0.2570818218513682,0.7482955172570971,Vegetarian,3,0.5211211865795264,0.41603569723882994,2,0.7971573077094914,0.6589162495307869
Medium,46.64346370586007,0.7510329615376086,0.2699641951528545,Omnivore,3,0.5286288649068293,0.0,2,0.7415820662984606,0.5543130619153479
Medium,51.53565220921471,0.33965184501695544,0.518113494469576,Omnivore,4,0.32511972700201464,0.2733169852768136,2,0.7596204554144635,0.4994194654715504
Low,51.1094576556434,0.42814944199235205,0.46867008838377544,Vegetarian,1,0.385062045944202,0.11427255529964936,1,0.3954428298207626,0.5705209231971803
Medium,69.8285044277064,0.40367365762402785,1.0,Omnivore,2,0.8264002571031974,0.533302771711239,2,0.6864040128035688,0.6449123864043561
Low,63.85496168378746,0.7126612256467458,0.9181447856457787,Vegan,4,0.7584191919093453,0.2569066893373664,1,0.6887602179376388,0.7739061737196253
Low,40.145256437367316,0.9177956261106798,0.9644093826365641,Omnivore,2,0.7536282713890623,0.43801625126502075,1,0.6771322192326317,0.4739077543730721
High,53.4614779636435,0.8667560613073773,1.0,Omnivore,4,0.390367487651172,0.8019956304857163,3,1.0,0.5976627653050277
Medium,73.16321330177131,0.5715825960942326,1.0,Vegetarian,2,0.5456277796459594,0.5137785969178226,2,0.37044645874048143,0.6704822799231186
Medium,65.27493532461088,0.7792051147388834,1.0,Omnivore,3,1.0,0.625620991077459,2,0.8094235370269549,0.620313805061438
Medium,68.52966924019155,0.6409713241221375,0.6544123978530874,Omnivore,5,0.6361512599182474,0.42913533420268907,2,0.9073526649334016,0.6511867933236966
Medium,65.74382565085895,0.060610357117813485,0.5149863105671886,Vegetarian,3,0.2774049173293426,0.5168790397985147,2,0.737805304531526,0.5668180027994457
Low,84.39646101913289,0.19566358641884166,0.8252921930885759,Vegan,3,0.9238945891752551,1.0,1,0.2325215753788105,1.0
Low,63.54064595736555,0.03791694407363333,0.7885026447226358,Omnivore,4,0.4204057797117756,0.06592800824141865,1,0.5168975626895367,0.5511676589273657
Low,54.20965803193953,0.45681632620631984,1.0,Vegetarian,4,0.4648412197481387,0.24946690661673396,1,0.6954742516317082,0.6486714271307445
Medium,46.26367438299659,0.8258534343389649,0.7912588109516593,Omnivore,1,0.17910813697102101,0.41721494755668526,2,0.7248007133369652,0.41107636336617703
Medium,63.74414187314568,0.31308316935135205,0.6109017087837454,Vegan,1,0.8597361889687845,0.4811114595912753,2,0.7646566427580929,0.7561616599800233
Medium,23.38943977837374,0.3841601830924817,0.8595814817593895,Omnivore,3,0.31553652865071846,0.08237910511824242,2,0.799782795391554,0.382037727131729
Medium,57.23566497250932,0.9094771083678906,0.7920102620016175,Vegetarian,5,0.31441924231479174,0.12294594875829562,2,1.0,0.46269030956157997
High,56.91240210117984,1.0,0.4466939557810694,Omnivore,2,0.6087936573241852,0.6040219956839641,3,0.9106553708399933,0.47907261707300547
Low,39.532937195740786,0.66504811238256,0.7744844735699561,Vegetarian,3,0.5295485815648872,0.299147684675076,1,0.6287973532600976,0.6576305322622008
Low,46.07601242016006,0.2668037820922513,1.0,Omnivore,4,0.41842893432780653,0.5768441616399567,1,0.7606032023104845,0.6341112287360505
Medium,72.14486295222362,0.2170414826884435,1.0,Omnivore,1,1.0,0.9129324057000786,2,0.25983920306657887,0.7415285328570898
Medium,63.46067623612444,0.016058822680113716,0.9041133538159534,Omnivore,1,0.8429049011162799,0.5162547136889966,2,0.6112027318070931,0.6487521746623932
High,61.526825005609915,0.3070106726044209,0.6847172989130377,Vegetarian,4,0.5189059482259379,0.9104269726598241,3,0.98176620804886,0.687845891947914
Low,64.59521300898034,0.29259644362394277,0.40995481610911283,Vegetarian,3,0.6006114388175103,0.8519210664718297,1,0.6387887351180584,0.7793432246744599
High,61.38941381923385,0.7517900635794956,0.776595992427793,Omnivore,3,0.3665702162128678,0.3806445153073782,3,1.0,0.4568860790186485
High,78.64293844287472,0.36400008275238693,1.0,Omnivore,3,0.447103703508758,1.0,3,0.4962638966079229,0.65626750241125
Low,61.85143772555473,0.136227778318449,0.6695309083607843,Vegetarian,5,0.4444440352269248,0.7122485671457977,1,0.7506744517697798,0.775847265691155
Medium,38.12680329271875,0.18108070230794104,0.42608084201525814,Omnivore,1,0.2407171885529257,0.7011281849122688,2,0.7557183518813713,0.5027060725222927
Medium,84.45194947311616,0.7319820929833062,1.0,Omnivore,2,1.0,0.15515949643514404,2,0.42907724642592115,0.6699418863100451
High,65.55510400993269,0.8157897989801244,1.0,Vegan,4,0.38060011311224834,0.7474089264573527,3,1.0,0.8586324245047745
Low,51.16119403807399,0.5507657263721529,0.8940815896105145,Omnivore,1,0.531081899602,0.5198349598696244,1,0.5556813502328184,0.6559298872669753
Medium,41.19897422557472,0.2505014246959396,0.342778215048393,Omnivore,2,0.45489216940812827,0.09823607086440656,2,0.7552612404417381,0.5583439016404375
Medium,65.93871331437069,0.371119691218732,0.47460240697802647,Omnivore,5,0.5179621459417726,0.0998991105231205,2,0.8484179280777575,0.5412511743166797
Medium,58.24241992538437,0.09668971633774304,0.3944316910827008,Vegetarian,5,0.7863237753871424,0.4402135478345992,2,0.9827892562519099,0.7600938027007442
Medium,83.61220179048613,0.32646060375805486,1.0,Omnivore,5,0.7736081289114173,0.7117502528348651,2,0.5275085567777493,0.769173584166222
Medium,54.81139078999758,0.8977052264725804,0.3896197504233239,Vegetarian,5,0.42958241716777945,0.2802826246137084,2,0.9512748993035929,0.5989059714127154
High,47.439288154763,1.0,1.0,Vegetarian,4,0.8028575504821347,0.17027681390292362,3,1.0,0.628440566969822
High,73.43694327353893,0.9476595856402946,1.0,Omnivore,5,0.5659766293463904,0.447223146746433,3,0.5881436537063525,0.6259292374041159
High,73.87922839075247,1.0,0.7357443266624276,Vegetarian,5,0.8944880815083143,0.4136365765939493,3,0.5914834127596311,0.7171897617898926
Low,62.52977051415293,0.6427419004014251,0.7663186995378621,Omnivore,5,0.5117466077828492,0.8003833297007372,1,0.7096141709985091,0.5477256747966515
Medium,70.14535571512363,0.13319648610546989,1.0,Vegetarian,2,0.4584154463639754,0.3435643932749308,2,0.28623573536268376,0.6384885808953059
Low,59.43469318886643,0.996762584986409,1.0,Omnivore,1,0.5282610958602657,0.0017593599943290794,1,0.6321134447173609,0.48243445436027566
Medium,63.50797651513871,0.0989523016865349,1.0,Vegetarian,2,1.0,0.7649625046738823,2,0.7503154575958667,0.7548238793898756
Medium,77.47486323845885,0.7826418014450607,0.4449661449421428,Omnivore,1,0.48599050824852236,0.9198775865371308,2,0.3282563747575631,0.651937702052113
Medium,69.37977501032255,0.25283620307479004,0.5159706776083777,Omnivore,3,0.5537164610362433,0.5420593242312219,2,0.791449493500936,0.6179773799044773
Medium,57.46088342501063,0.39198111290696014,1.0,Vegan,1,0.8204267214241762,0.14053203008608106,2,0.6802109837302495,0.7242701740171057
High,80.28543818889226,0.9459341848009383,1.0,Omnivore,5,0.6148910158864482,0.08727050519774204,3,0.7493999730734924,0.611758509189773
Low,24.527169408127314,0.43648734930770705,0.25585444108075983,Omnivore,5,0.12488715095275416,0.21483881323497261,1,0.7071399167677201,0.40475258536702163
Medium,90.78109967132903,0.3505460589311282,0.9559700803582128,Omnivore,2,0.9347445846986949,0.910303769994592,2,0.31934643106016924,0.7089252853679113
Medium,34.41061357663897,0.3344461868783247,0.9528676989684904,Omnivore,1,0.29913476246672044,0.042906525162293485,2,0.6930035386726314,0.4343200106704501
Low,50.59360762841556,0.3415481169231763,0.47174872040477145,Vegetarian,2,0.6077081370000661,0.662220486230376,1,0.545544619897163,0.7024346141739137
Low,59.38623697207397,0.9593239045082137,1.0,Omnivore,5,0.5413137009202275,0.06540882439911172,1,0.7213639349794824,0.5520123013365854
High,57.80278993907758,0.998613015923451,0.3419857245157559,Vegetarian,4,0.5791832346538681,0.5031392570845277,3,1.0,0.7262959916451959
High,75.09616560039832,0.7585487714794,1.0,Omnivore,5,0.7248153956219117,0.015613541244698492,3,0.7884979928785074,0.6376036501012464
High,44.132450720846485,0.3998209203413641,0.8364811533941027,Omnivore,4,0.2778030949618866,0.0831137310138344,3,0.9956159349287694,0.45433339701639663
High,63.911502262245946,1.0,0.6347568579655789,Vegetarian,3,0.26908308569377043,0.0069474859029697855,3,1.0,0.5377827786450129
Low,51.32681852670369,0.1571824716083735,0.9775666409754298,Omnivore,3,0.8976460751550539,0.5969581723752506,1,0.5987896136688461,0.6181618828078774
Medium,64.42711469006125,0.21046221714200342,1.0,Omnivore,3,0.4785730784622364,0.6392145498159675,2,0.7909774027533202,0.5990132581460851
Medium,59.02841610303185,0.36601339184015114,1.0,Vegetarian,3,0.4365503235889364,1.0,2,0.715872396687506,0.7699658755193975
Medium,61.39403479024467,0.8803481958519901,0.674744846105487,Omnivore,3,0.6536194802387209,0.5698950726195958,2,0.784061251260976,0.49564781952591164
Medium,51.75112751303482,0.13178666863411026,0.944772373545129,Omnivore,3,0.3106282205997959,0.30233006805408724,2,0.7936911076697756,0.5010232645179663
Medium,52.349040748558764,0.12223419285452608,0.8643614806774846,Vegetarian,1,0.706638562820996,0.1268384501892183,2,0.6503649003990275,0.651394200156769
Medium,64.3090877104114,0.493974988305266,0.8467515080091454,Vegetarian,3,0.6940129465506882,0.8316511290007174,2,0.7161448371305997,0.764443473198155
Medium,74.15573258634066,0.37641054109367467,1.0,Omnivore,3,0.6873103023469082,1.0,2,0.3666849666518409,0.6170546185587178
Low,51.02580998703228,0.5687279416481599,0.2582963640735617,Omnivore,5,0.4103229282694786,0.7279154300379672,1,0.8030174446204276,0.6026038671390026
Medium,46.96848683140635,0.4516366846832235,0.5169540402606294,Vegetarian,5,0.229593233420788,0.45491966845809184,2,0.8638873494658471,0.5843475652382621
Medium,69.20190248507755,0.4349591063512168,0.8842867519702178,Omnivore,5,0.7546853130994287,0.5976154052761662,2,0.7800877958720058,0.6358939911565551
Medium,59.51244160413466,0.11197297048699328,0.47585546965722564,Omnivore,3,0.6223639701824868,0.006455079798691199,2,0.8490314798660574,0.5640023476441529
Low,72.45747200978929,0.24104969024984016,1.0,Vegan,5,0.5953727875011663,0.8677445532152603,1,0.3298305514453997,0.8669953819156662
Medium,46.41304179943279,0.8210785774468501,0.8796603266101793,Omnivore,1,0.5689480335744016,0.17132519859282216,2,0.8135465034387455,0.5250331171088185
Low,33.30841611864854,0.8858827375717444,0.6444250752252326,Omnivore,2,0.6491900135625095,0.0,1,0.6562107590976041,0.4690008352389203
Medium,52.00493877260499,0.23468353288525023,1.0,Vegetarian,5,0.5229892574244613,0.37721679249471596,2,0.8409785186396838,0.6355010413279922
Medium,48.50471086102476,0.11346050152476905,0.6934097457702276,Vegetarian,5,0.4355997109358463,0.1705036917825586,2,0.8790775810143284,0.6025140029260688
Medium,58.8181739987955,0.05341667193451061,0.852743881923987,Vegetarian,1,0.39605471800166125,0.21299474402054197,2,0.6712131521424575,0.7092334781117938
Low,50.447321785944155,0.6082976137418968,0.25498760448364177,Omnivore,4,0.4726540625167055,0.2737248720282224,1,0.8025443527677023,0.5284968284518132
Medium,71.11525427004673,0.8153532125002055,0.7212768015453073,Omnivore,4,0.6272727698458902,0.02544582733540457,2,0.5457966929263663,0.6035464523813767
Medium,55.677746063662255,0.3728099892032055,0.41717920266928105,Vegetarian,1,0.3474699901476417,0.3858334412952298,2,0.7215561293352023,0.6625804647790617
Medium,62.25711748160852,0.6796758674906396,1.0,Omnivore,5,0.7128202542227615,0.5911147561048926,2,0.9371516476826109,0.6273854888592202
Medium,62.36451837661416,0.7129588155595261,0.7908495508588045,Vegetarian,2,0.6783248121846455,0.2228197947156343,2,0.7753276855718854,0.7511631648794879
Medium,62.92432638618281,0.9353422813969053,0.6163791891811449,Omnivore,5,0.6445223960726838,0.9285341665995497,2,0.9145449002322732,0.5635377470750844
Medium,59.638063343175396,0.06487363783510725,0.7660226560876193,Vegetarian,1,0.5239381471896101,0.32531642878837147,2,0.7102933998877182,0.6722176695670431
Low,67.65901035615471,0.1922917232310798,0.5479249397321198,Vegetarian,1,0.8608776100007902,0.24045154497725535,1,0.49808788570713197,0.7868813228836005
Low,48.06517299261289,0.06852598759698814,1.0,Omnivore,3,0.1305908711621182,0.6456224730781424,1,0.5947090986581067,0.5125913353424479
Medium,80.99126889980825,0.9679939333361105,0.4589289770499542,Vegetarian,1,0.46929150698605454,0.6942793412239677,2,0.3502304864437367,0.6358870161912253
Medium,56.45193924947197,0.7925871600335685,1.0,Vegetarian,3,0.609615824789269,0.8729944638505076,2,0.7979614648823544,0.736583679872122
Medium,40.326762931519774,0.574642070621839,0.7129926033909498,Omnivore,1,0.6561443200643698,0.8182704267400525,2,0.6850965914331608,0.5916820148605275
Low,62.8211003548766,0.08366341005118316,0.9330519979132003,Vegetarian,3,0.6523151235196072,0.10907379974209397,1,0.6084846409977762,0.6704479958375208
Low,47.232292763287724,0.2733123586537196,0.5387670847251425,Omnivore,3,0.497742703236248,1.0,1,0.623380221920847,0.578277192890754
Medium,69.98001801763313,0.2977198480585169,1.0,Omnivore,5,0.4903577958455094,0.0,2,0.9525598061023811,0.5802641977529562
Low,93.14408364063567,0.6607431960154171,0.7475713767226682,Vegetarian,3,0.5025460904006787,0.39571727322802797,1,0.1896804717052127,0.719262835073785
Medium,48.20141862663225,0.25804389403671546,0.8298850902734656,Omnivore,4,0.2870873546611357,0.0006543361054751062,2,0.853922495762266,0.5179582218076663
Low,64.98558499835977,0.07295986391295484,1.0,Omnivore,1,0.7787120360381804,0.9461284933003791,1,0.48320528600726903,0.688026949082363
Medium,33.66741616943059,0.7307623018532994,1.0,Omnivore,2,0.02217199651413565,0.43628325095817044,2,0.7556835632209621,0.38569341389418516
High,66.80857844162021,0.49908021165541133,0.8703727174942071,Vegetarian,2,0.4977153321554515,0.6396451834002567,3,0.7810388627524857,0.7937099772701275
Low,46.714293003004656,0.4523741770233006,1.0,Vegan,5,0.15390738826155442,0.0,1,0.707968671903238,0.5847052412097451
Medium,50.62748072348276,0.12766663498230535,0.9545072653500284,Omnivore,5,0.3252324892048854,0.4150869385132005,2,0.8887209898846573,0.4910691577590036
Low,43.480702652402584,0.8025483033945796,0.42610392940382225,Omnivore,3,0.6627979780130575,1.0,1,0.6456583254253321,0.6360024669888834
Medium,70.98226839082103,0.6655318769240576,0.7605075523899116,Omnivore,5,0.5886375457883897,0.7461904243213224,2,0.492738166923676,0.5601585940179279
Medium,75.10956536209893,1.0,0.7100411608220456,Vegetarian,5,0.9339678959965838,0.5274695333770276,2,0.5347948863403179,0.7998027316906432
Medium,60.35077821987762,0.49547156306533335,0.6457675993705773,Omnivore,1,0.48730183337986377,0.827306087366243,2,0.709674938482671,0.571199351019354
Medium,47.033599419964204,0.9414256718178797,0.9956244364596873,Vegetarian,4,0.7585777540544175,0.43565558288364103,2,0.9772811886017225,0.8025048709918426
High,83.84284554155794,1.0,1.0,Omnivore,5,0.9082390216636578,0.5487181235823614,3,0.6963415634980306,0.6921534508050039
Low,48.743848083680156,0.5764598564592339,0.2818119520079293,Vegetarian,3,0.3952900979100368,0.2024087112983782,1,0.8021676204247721,0.5465139988909827
Low,27.569515501088418,0.9338934381498634,1.0,Omnivore,5,0.24332817660315761,0.39243627272417625,1,0.9226698231737134,0.46044216484590894
High,66.87583514935602,0.5230887472945522,0.6311753162269447,Vegan,5,0.3804494833929336,0.4729191619639788,3,1.0,0.7624068703391755
Medium,43.42837989537725,0.36564216270421135,1.0,Omnivore,4,0.3320790693252166,0.41202785760023164,2,0.8874473117880287,0.5350311096760415
High,74.82913190248762,0.345477951306037,1.0,Vegetarian,4,1.0,0.0,3,0.6018641398715668,0.70649910310407
Medium,54.28293454989872,0.5892009067638531,1.0,Vegetarian,5,0.6146909948126315,0.41951608138261254,2,0.9848495547568732,0.7501878260303542
High,69.05569860816294,0.9219239699289334,1.0,Vegetarian,4,0.27300501519634085,0.25742090246835536,3,1.0,0.6368741992938186
Medium,81.02250519828237,0.8735191902421031,0.6257258576749545,Omnivore,1,0.7760081967870988,0.9863415641569407,2,0.34293319160594976,0.6794418402554314
Medium,41.86711703068917,0.1498162860461033,0.7419683291822279,Vegan,5,0.45228310896627744,0.03116351860109995,2,0.878332518297957,0.6831695009070892
High,51.51094303661392,0.6441590723125004,0.4818573420080442,Omnivore,5,0.6652229596877044,0.1996884051513544,3,1.0,0.5880076948371065
Medium,58.864933910144046,0.17686321209391564,0.5540001251396695,Omnivore,5,0.5136790749433487,0.0848429024287981,2,0.8626319796787861,0.5537444530446063
Low,83.06326978551516,0.7621273488542488,1.0,Vegetarian,4,0.8066230598647804,0.9408736021663128,1,0.40008024651304436,0.7609157796003404
Low,50.124259230893315,0.15794637242176812,0.29145484150753,Omnivore,4,0.7077915038343549,0.5728034236301538,1,0.6042104574793354,0.502379562634151
Low,51.08244456076489,0.9041636839560749,1.0,Vegetarian,5,0.4621740753651844,0.09673070078165968,1,0.8076626036504035,0.5361991042120778
Low,67.17210863333713,0.23063464566141334,1.0,Omnivore,5,0.5259813902470699,0.281987450071855,1,0.6636836021705517,0.5786170776544971
Medium,51.34156911434144,0.29140226628824484,0.6374754177294271,Omnivore,1,0.6805636175145097,0.6656678388622487,2,0.677198394463224,0.624335156887657
Medium,62.28788824346425,0.8509063221509997,0.8268618892242343,Omnivore,1,0.7937636151769691,1.0,2,0.6982793011803469,0.5500574940674263
Medium,36.7269386854781,0.4584676101457238,0.6497541126951496,Omnivore,3,0.0,0.4404187671125333,2,0.7930563020781282,0.43166882769454157
Medium,93.21494913834894,0.12399594580007303,1.0,Vegan,3,0.9839368206694991,1.0,2,0.27859559679256374,0.9461646381372393
Medium,39.78436154535895,0.49458625120264577,0.8875236840429057,Vegetarian,4,0.19636847282743003,0.25233756452761363,2,0.8794049184730329,0.4832263406622179
Low,55.17370944014687,0.08454333538012304,0.5539797946250908,Omnivore,2,0.6317193593517747,0.1410669021744541,1,0.5392146479886353,0.519673635918508
Low,59.51278446236858,0.9853447186873107,0.7444051767771398,Omnivore,1,0.7856450424074256,0.4456985020124049,1,0.6516564872785918,0.6235233711072553
Low,88.69032201535194,0.6881115704556023,0.8724175857635235,Vegan,3,1.0,1.0,1,0.26608220263177124,0.9727364666719939
Medium,40.1273132860089,0.25653261761097845,1.0,Omnivore,1,0.5448620679596134,0.16452327076147424,2,0.7177036062291239,0.3937698145426276
Low,89.75556203218127,0.6637176795476177,0.624088720675546,Omnivore,1,0.7654839671160663,0.6440364635454885,1,0.1431058478860955,0.7695510157957135
Low,71.35765231653033,0.17686710338175485,0.4463645988770807,Omnivore,2,0.6220614071378738,1.0,1,0.2077247431264798,0.6994419775546128
Medium,66.2564298663487,0.799891304268817,1.0,Omnivore,1,0.7811019351813822,1.0,2,0.8354356687320206,0.6963299624641159
High,45.230494694730666,1.0,1.0,Vegetarian,3,0.4664918674236743,0.41990392611730953,3,0.9618197034176684,0.5404123614687865
Low,68.5671186305711,0.8744443882061596,1.0,Vegetarian,2,0.37698418120029625,0.9252109101808086,1,0.6779913629632919,0.6638521486186512
Medium,49.147700663703,0.3417576022985628,0.7567154189440713,Vegan,1,0.6697602741193005,0.05290768332811879,2,0.6219748567209895,0.7342050488000871
Medium,78.99991879797619,0.42576811964336847,1.0,Omnivore,1,0.4973177962375575,0.8578159788199,2,0.2857127814875068,0.6819486631527142
Medium,45.434069563384,0.035087611216299996,0.7905333953779039,Omnivore,3,0.5192934362960269,0.41066609529054143,2,0.6611289538588625,0.5898074391848138
High,58.30262258315874,0.8514003587009167,0.3609609389701946,Vegan,2,0.6244799698043431,0.6123094736894398,3,0.9683329218591906,0.9278496988029554
Low,51.67090367980243,0.5349047841897949,0.8541894152997346,Vegetarian,1,0.7530245196142088,0.027248132402894976,1,0.523935810092186,0.6641894635470761
Low,45.187155563595084,0.45934637132734135,0.2395499250740763,Vegetarian,1,0.4047168019109923,0.0,1,0.5832977277684,0.5386529192284263
High,71.11979725361871,1.0,0.6805863958251797,Omnivore,4,0.30540540492037155,0.42454416373949233,3,0.6652305952024048,0.5832928634720758
Medium,68.03188121114451,0.1678789010828463,1.0,Vegetarian,2,0.7089776569928671,0.15684583807603508,2,0.7047482605746432,0.644070207672782
Medium,78.13515298351496,0.10966626669018234,0.6947210345533823,Omnivore,3,0.8478719756677076,0.36629678422447726,2,0.3998449802915075,0.6803358215635518
Medium,33.30187337687749,0.07331645212076543,1.0,Omnivore,1,0.5477435961387016,1.0,2,0.7104369708322964,0.6835412699930659
Medium,75.96256053511566,0.3233714378273689,0.6299467598248225,Vegetarian,5,0.6540446635205565,1.0,2,0.4613841728408922,0.767411179776486
High,97.58173358035341,0.333285549263457,0.8024709083632995,Vegetarian,2,1.0,0.9171101892588581,3,0.5383473616516781,0.8552686642680825
High,53.2253836623458,0.7028437106431356,0.8945344147502825,Vegetarian,4,0.7116605699303684,0.5785944782253709,3,1.0,0.6371752458622323
Medium,88.42722918163454,0.414090455233578,1.0,Vegetarian,3,0.7378411893468675,0.8619960700782524,2,0.2543486157981176,0.8179407363384655
Low,56.0525809191026,0.18048300806813267,0.7816506726003971,Omnivore,4,0.6239261390163227,0.4098259421155014,1,0.6788436201209972,0.5029981702065979
High,39.413853936580395,0.9500840749486621,1.0,Omnivore,5,0.09974424313397778,0.4255186058528775,3,1.0,0.386180640576111
Low,55.415513363898064,0.20445132623253004,0.31731798843010955,Vegetarian,3,0.6669757793418205,0.7458822053541175,1,0.6012841603751845,0.65145669653967
Low,75.72305951512914,0.7876051009937932,1.0,Omnivore,2,0.8017079669164847,0.5617997592502344,1,0.12787003885306805,0.7204987155503463
High,47.42735276502703,0.5492649058476389,0.4334445637205432,Omnivore,2,0.22653429545687812,0.8283742196509637,3,0.9198788449357004,0.5149295621524044
Low,50.9949201149027,0.5118277606625545,1.0,Omnivore,2,0.4305623490619028,0.3519397951719788,1,0.5667049089698643,0.5914847360907234
Low,68.90309148439786,0.9338670398513198,0.7453786369083698,Omnivore,3,0.9060188221313594,0.2764793331672688,1,0.6672355534292377,0.6574710919490869
Low,60.045901751078596,0.03735163481581283,1.0,Vegan,3,0.640428693834592,0.579082186233464,1,0.6565894421199838,0.7834673329730004
High,68.76934428730111,0.7002645074774618,1.0,Omnivore,3,0.5511342079540962,0.5153218512805519,3,0.8646656760325009,0.6302662085795527
Medium,63.56744311137504,0.8544229603276182,0.49377884803513733,Omnivore,2,0.4821176648434239,0.45312256431013065,2,0.8040314723205032,0.6009545841197748
Medium,67.1943797932736,0.5879742483703485,1.0,Vegetarian,4,0.8725767542984089,0.8239885413419226,2,0.8783640415065245,0.8512332226095995
Low,53.51548221285688,0.27687051696515663,0.5130948015527441,Omnivore,1,0.4369470493805056,0.3369662724965863,1,0.5395578203697693,0.48396050362172205
Medium,63.475964130455885,0.39768113514503434,0.5615199393472785,Vegan,2,0.6788826033504481,0.24899872501428388,2,0.7950570526830008,0.7884232861825876
Medium,46.089404914560994,0.6802656287285745,1.0,Omnivore,1,0.3782992036928299,0.26697462128487415,2,0.7622375441291286,0.4365867441346323
Medium,79.32650433755083,0.990811894313803,0.5025057772602752,Vegan,5,0.3508252831945153,0.4391860996056758,2,0.5555795600279693,0.7849007238305281
Medium,50.48587924774029,0.041066373746611595,0.4744653026091618,Omnivore,3,0.37421145040285597,0.19546239512747887,2,0.7165123456165436,0.3604876349308768
Low,76.93271231324084,0.17153882189037642,0.8883411349872665,Omnivore,2,0.9969200455517597,0.9347059400398178,1,0.1447326681222974,0.6970724971049264
High,56.49589558525702,0.5250515236095876,1.0,Omnivore,5,0.9937485187057093,0.16410491774067176,3,1.0,0.5902232894932651
Medium,63.02998516135982,0.23277968443747898,0.46263390054406656,Omnivore,3,0.47562572370024614,0.5608193657585498,2,0.6566321772394423,0.5762840214539958
High,52.57553173663949,0.464930886222406,0.8105458931955438,Vegetarian,5,0.5924204121912989,0.3384632414462108,3,1.0,0.7088434532790651
Medium,44.760068532479565,0.22126999862588093,0.9350409344653373,Omnivore,3,0.913349992586233,0.34001222582714247,2,0.8319087898344976,0.5190910536773339
Medium,33.82859418592048,0.19582504885515772,1.0,Omnivore,2,0.5784766412268667,0.0,2,0.7000228022380076,0.5258968819517618
Medium,44.170137621113106,0.13062396686929179,1.0,Omnivore,5,0.19924814549436157,0.5612295615623766,2,0.9034269481205643,0.5011365105435008
Medium,55.14136720176117,0.933954131795238,1.0,Vegetarian,5,0.49849659914945355,0.37533028914807987,2,0.987024019545558,0.6682254782598256
High,63.17818768243326,0.34418946390615307,0.9687193366341682,Vegetarian,5,0.6833184083020564,0.817936345066144,3,1.0,0.7309146613986052
Medium,75.15568969924895,0.30440377476553615,0.8093985338090106,Vegetarian,3,1.0,0.7462345544008939,2,0.3645419780452207,0.8609387541852216
Low,53.31363810304727,0.24626572398078572,0.37867834470365597,Omnivore,1,0.29248663418444726,0.45881817125139335,1,0.5119818555960859,0.5017579135640323
Medium,46.77058853599239,0.9330148731304205,0.9435901352054832,Omnivore,1,0.6225491937235954,0.3919769912832301,2,0.7587578805136117,0.5126764012371733
Medium,38.359278209959314,0.7557141336010847,1.0,Omnivore,3,0.5243061096056876,0.9915006752283305,2,0.785787362567735,0.5707491253923538
Medium,67.20095426856156,0.7896994303155147,1.0,Omnivore,2,0.6112132131888784,0.319082030420787,2,0.7439214225110148,0.5941936329068229
Low,80.74791772994016,0.20475825953849805,0.42045068238742705,Vegetarian,3,1.0,0.7605263075218339,1,0.270516306822698,0.78569334603687
Medium,78.99495401934433,0.9363098750156716,0.8912347481385604,Vegan,1,0.6076734180961597,0.7299445568780681,2,0.3088673514514451,0.7310045985421245
Medium,70.64899122220856,0.508193081817418,0.9678915885939468,Vegan,3,0.779309169769353,0.10468138936484783,2,0.42634558638834913,0.8408630192214301
Medium,69.57814975901398,0.26282302621238873,1.0,Vegetarian,5,0.7356619672960721,0.5621555698510678,2,0.8961499457399784,0.7047539943778
Medium,85.4643566956401,0.6757500835203105,1.0,Vegetarian,2,0.9298449670420977,0.24494666775715085,2,0.36709392420292536,0.6539681288791913
Medium,64.98122192125216,0.8221829058167339,0.8830145508227848,Vegan,2,0.8809079069133559,0.5211363046756806,2,0.7955731588005015,0.8641648074705067
Low,69.69194514036258,0.7786521510749094,0.5718200584360531,Vegetarian,4,0.4283851664282935,0.09397455652714554,1,0.7619621557186997,0.6263265261002338
Medium,55.188242072220014,0.8899974825811321,1.0,Omnivore,3,0.5835870878085933,0.5742957771421398,2,0.9109009214212873,0.5166487425598307
Low,39.56934943717864,0.9281321860154439,0.8945132148495551,Vegetarian,5,0.7895998998945571,0.0,1,0.7458080093883077,0.6043950545792237
Low,49.74226649250636,0.23812207142774955,0.48555136933194126,Omnivore,3,0.6570704850902355,0.41095446713971084,1,0.5750365414661699,0.6203644901126215
Medium,59.86261442198017,0.42385789416927167,0.6216349043801737,Omnivore,4,0.46645168527400216,0.011512273916507276,2,0.8374321040692648,0.4355889700930258
High,60.911780587519544,0.21462853920507002,1.0,Vegetarian,5,0.44911518780341697,0.650273982441138,3,1.0,0.6492961077747277
Medium,88.8942878228309,0.97932165926506,1.0,Omnivore,3,0.9924979599675527,0.7172171924977349,2,0.4620198679287309,0.769741636657277
Medium,61.21915751386603,0.15457215147476755,0.7112422259274198,Omnivore,3,0.5143289791866031,0.4549673564578339,2,0.8514337932841975,0.4942378567264926
High,77.68265166038465,1.0,0.4267204802933742,Omnivore,4,0.7482631297005083,0.6893672144523126,3,0.6020677210150466,0.7653008687966391
High,53.47384137635526,0.5293873219865963,0.3158665757757145,Omnivore,2,0.3860466478180074,0.6027442172585311,3,0.8203388099291182,0.5874614902701655
Low,55.324861713521486,0.3681335899811382,0.5605425994859965,Vegan,4,0.9680400140010589,0.20325502959030706,1,0.7125032577278128,0.9101316572938785
High,40.06488544164827,0.23913225448385939,0.8294466465472409,Omnivore,3,0.46993973271534634,0.3287679502617145,3,0.9350676666187955,0.5058568997832444
Medium,48.865079806851426,0.3268787897653196,0.8285200343688189,Omnivore,1,0.49920472804131993,0.26732757490734066,2,0.6758548044578498,0.6003504587068246
Medium,67.9047208704563,0.8883636828012641,0.9733513912962242,Omnivore,5,0.3525660614905814,0.9564803593377141,2,0.9792083124873903,0.6083965589043905
Low,60.113402705912,0.02554740112160414,1.0,Vegetarian,2,0.43603102477372657,0.37846856104026527,1,0.4708758704530092,0.6310721193095629
Medium,74.14407929845851,0.5063274730467253,0.38975265008503096,Vegetarian,2,0.7292516424117721,0.3765544972680285,2,0.264049442636042,0.6754050198243435
Low,62.718809225175754,0.03139962981274114,0.41867964129832164,Omnivore,2,0.6152381747175335,0.07130136221677441,1,0.45306664164944915,0.5686196658220797
Low,54.71319402543387,0.37092342510906495,0.6330494219543821,Omnivore,4,0.8793102238241998,0.37570869655005296,1,0.6516161622706415,0.5893892226058893
Medium,92.22445295680438,0.27264064078029115,0.6159822623056037,Vegetarian,5,0.9470000293339337,0.5612770638196791,2,0.5383493444017421,0.7943056887775699
High,58.591446469304294,0.45221839326837204,0.36827727489107565,Omnivore,2,0.7935741877833434,0.5966759236613289,3,0.8210640494945806,0.6424488155418873
High,77.44501454557957,1.0,1.0,Omnivore,5,0.8103100980472788,0.7119942968005517,3,0.7019365751540672,0.7752292318357803
Medium,53.98186190182984,0.436049220621891,1.0,Omnivore,1,0.71201992150829,0.6091873912017685,2,0.708851707179758,0.6770397946607487
High,70.6439921907535,0.5737979914019122,1.0,Omnivore,5,0.3728455453579843,0.2109525451440309,3,0.7347334607131091,0.5778359889211118
High,73.9202348872753,0.8893383779505478,1.0,Vegan,5,0.487902671775289,0.0,3,0.6458314996175136,0.7431334761672459
Medium,63.12737955863371,0.14210695983258237,0.9814934418510457,Vegetarian,2,0.8160352796097757,0.5257671150436686,2,0.6691064072812785,0.7462108112125049
Low,24.68275615955097,0.2593916074208559,0.8587591026119571,Omnivore,5,0.546135703241743,0.4526448810001174,1,0.7776911635193107,0.576928698469338
Medium,60.27378691284169,0.5462479676028885,0.5731477087725099,Vegetarian,4,0.2614461580965226,0.38419373799346557,2,0.8010105633724125,0.6364257491431243
High,78.45690071639963,0.5375230418480689,1.0,Vegetarian,5,0.7870085598741886,1.0,3,0.7142255851983216,0.6810241833738752
Medium,67.91221249541596,0.6791277374008733,0.5227267169709668,Vegan,4,0.37920948144350414,0.5288969725794388,2,0.8857579336981287,0.8869542374842408
Medium,66.6875831284387,0.49149130225952253,0.547931790031576,Omnivore,1,0.5340420481783708,0.33496406289150576,2,0.6108699800640094,0.5721289227102726
Medium,34.16614599063721,0.7719890702546909,0.4597525617690329,Omnivore,5,0.0,0.4096509999864747,2,0.9598583893501679,0.41189093606502997
Medium,49.193173939874114,0.9482445357224686,1.0,Vegetarian,2,0.4682437644126939,0.8242509419685107,2,0.8174090954273004,0.6844486454071672
Medium,66.17036446727158,0.11580488934740774,1.0,Vegetarian,2,0.6248061301306553,0.538486226941437,2,0.699476479580305,0.7143976941557799
Low,66.15574915180338,0.33466500998454485,1.0,Omnivore,3,0.6222361316568668,0.7774021062855285,1,0.6021631410718298,0.6244468997764476
Medium,78.22000170199354,0.41954906287840654,1.0,Omnivore,4,0.723669087935135,0.5250220019226483,2,0.5227301689761914,0.5787935331484525
High,57.826998672808585,0.35118291933725426,0.8091975685486563,Omnivore,3,0.7052521668031848,0.36186066475270995,3,0.8126837237802262,0.5298677786671394
High,66.08736130010722,1.0,1.0,Omnivore,5,1.0,0.8863080808840311,3,1.0,0.8065368222213133
Low,60.24561362896941,0.75987870403879,0.9968508710030946,Omnivore,2,0.3607027432147739,0.0,1,0.5995614002814081,0.4566080228687387
High,45.19585895247665,0.6844254708343991,1.0,Omnivore,5,0.2838569314243963,0.0619167033410542,3,1.0,0.508603645225459
Medium,26.16313003357879,0.5377707777946096,0.44736644964551786,Vegetarian,3,0.2875102703125094,0.39220054294977413,2,0.8036536377811649,0.5632969816808746
Medium,66.46514538195115,0.05954413800249625,0.6661005191793213,Vegetarian,4,0.6110453182361268,0.45079608444871155,2,0.7706269742766889,0.584387556937867
Medium,62.60920812619217,0.5555073523270456,1.0,Vegetarian,1,0.5627679334532938,0.6112974082787678,2,0.7320480300563419,0.6358966201254198
High,50.727374368497465,0.9913415240196364,0.4034917924277817,Vegetarian,2,0.24478755043810957,0.5826115004452579,3,0.862256732380382,0.568285812122531
High,35.712404152262025,0.7738275735838571,1.0,Omnivore,3,0.26597789777557473,0.0,3,0.9955570742712044,0.46041467656574514
Medium,69.44609271613108,0.2653063701204189,0.8547048182440629,Omnivore,5,0.6053172485099223,0.18080880277093914,2,0.8615303887133289,0.5653432632576599
High,56.01119888706672,0.8675482723343373,1.0,Omnivore,5,0.603873780832866,0.8126421600605922,3,1.0,0.6503905249002853
Low,68.35312083552219,0.36148842996524766,0.678558392903424,Vegan,3,0.5020388141934089,0.45376983119096614,1,0.6608296842756107,0.7681820029411068
Medium,87.96072795617638,0.6448732842857352,1.0,Omnivore,5,1.0,0.5302584775215297,2,0.5525777193065817,0.7600676213083098
Medium,27.878536795204425,0.48756536327892475,0.6222678059487118,Omnivore,2,0.02584484581624369,0.34338122395647414,2,0.7182220065516458,0.3419488002618918
Medium,49.50598786946454,0.3811750009651801,0.8743335695927957,Omnivore,5,0.8058963551514831,0.706360465190311,2,0.85127958227729,0.6062068834551675
Low,56.8593658003213,0.7188779803941351,0.7886693221407588,Vegan,3,0.40504853302169375,0.7074113485524864,1,0.6816100589898195,0.7809882151556875
High,81.82239261219976,1.0,1.0,Omnivore,5,1.0,0.8203998030721836,3,0.6271092419145669,0.7307595402291763
Low,35.453954711902725,0.005212518476924943,0.8693751713734308,Vegetarian,4,0.20455746077164064,0.6427442783627407,1,0.7612845644526793,0.5774421236932129
Low,89.03791538520906,1.0,0.6965085455523607,Omnivore,2,1.0,0.894860547865623,1,0.3303896396621399,0.7697770576240782
Medium,62.03783852349436,0.511515136083225,1.0,Omnivore,3,0.5474084870915815,0.35074688546772204,2,0.7233317711193601,0.6077298434601911
Medium,58.559990073992125,0.7007318803632652,0.586829688525065,Omnivore,2,0.6017176141885927,0.5666469453920806,2,0.781478495284093,0.5963657367528319
High,57.0291035517164,1.0,0.6567506170594383,Vegan,5,0.69065828112749,0.7102443662136799,3,1.0,0.8175572331632083
Medium,53.45605451729957,0.46710369231426996,0.3694039706067112,Omnivore,3,0.4678481151459596,0.2026869570598843,2,0.7770854875726214,0.5372298256727944
Low,75.72175138903732,0.9349740733648902,1.0,Vegan,3,0.37655147929790905,0.4607393881165981,1,0.2560005872073597,0.7995884196836329
High,43.97218868876342,0.37761981945520223,0.5059729666716801,Vegetarian,3,0.31252603735076834,0.4255768576254123,3,0.996794533119701,0.5989901199548454
Medium,65.1812127246578,0.15916753447981447,0.5848236815546713,Vegetarian,5,0.5507081372638319,0.7493515654694812,2,0.9335622767225717,0.6605033974808053
Low,54.237275014395365,0.6574713688561535,1.0,Omnivore,5,0.8880783104590644,0.4450003640761083,1,0.6851445851515373,0.6719146362872772
Medium,48.567998272288534,0.8701430055517372,1.0,Omnivore,1,0.47623747292700014,0.4821097247901601,2,0.7428836951878283,0.572642414135248
Medium,98.78962763525843,0.9924261775360393,0.6350270596956665,Omnivore,1,1.0,0.07716695018287023,2,0.3432063954222582,0.688813074422147
Medium,66.2857610213019,0.6437404583772466,1.0,Vegan,3,0.6397339073487043,1.0,2,0.7264503426350324,0.8867636323873421
Medium,69.19898316991716,0.5254892302093175,1.0,Vegan,2,0.7355742635404977,0.8093414117429162,2,0.6722196944559304,0.9616192467181042
High,77.06665171002993,0.6313930876965163,0.4638444767608936,Vegetarian,4,0.5231109683373519,0.8605538301998293,3,0.567095124942195,0.731518340423565
High,38.67975082022179,1.0,1.0,Omnivore,3,0.2493875200921434,0.51500292715692,3,1.0,0.4767291003389511
Medium,86.28437863683047,0.41969568666625046,0.9788419450572083,Omnivore,4,0.9953500464990995,0.9382520182198363,2,0.5065468405383169,0.7786172373442408
Low,22.365642322573862,0.7441861072315932,0.7810256609916699,Vegan,1,0.17901488356019912,0.6036972485738663,1,0.4353398273767536,0.7869529411277713
High,48.46850384942219,0.7319817999050007,0.7351968581520478,Omnivore,4,0.46442480622547005,0.7395926302993192,3,1.0,0.5729348860125727
Medium,53.1145249023165,0.6085123425253467,0.9633757094168611,Vegetarian,4,0.5271067968808125,0.5710553464321393,2,0.8132269269079728,0.636739400757225
Medium,68.72585047455759,0.3934805505886262,0.3777271140395412,Omnivore,5,0.8248767858824381,0.8144187627636401,2,0.915909987909126,0.6190577972294895
Medium,63.28077399212231,0.9648231254722478,1.0,Omnivore,1,0.5046415494545533,0.6106530568827532,2,0.7973900202258625,0.5713349033724422
High,57.4977788895241,0.7716823260992711,0.3208325923065789,Vegetarian,3,0.5949626579721786,0.2508865193014374,3,1.0,0.6567289932027756
Medium,59.82003983058414,0.93778763045879,0.7544000469002642,Omnivore,5,0.16755104123567993,0.346037279714874,2,0.9389001953425138,0.5181457481257793
Low,45.329654647161476,0.007591416173914123,0.37761326636610226,Omnivore,5,0.13092854123673958,0.2516486198891098,1,0.6839689509471643,0.4428251042279079
Medium,37.5415140827374,0.572670583191121,1.0,Vegan,4,0.32568173668089123,0.2618211012150595,2,0.9239119228890887,0.6693844825891877
High,70.8976743350409,1.0,0.6681492808508731,Vegetarian,4,0.48792712469748445,0.5195786435734965,3,0.6334426214716978,0.7009169360972434
Low,70.40559168804278,0.845080171162218,0.8061215030445463,Vegetarian,3,0.900709823264944,0.2402538141734804,1,0.2873104744964237,0.7528575403010065
High,83.76741562735589,1.0,0.847587819435091,Vegetarian,5,0.6240528503700452,0.7612534473923878,3,0.6768912121277534,0.8296063762819185
Medium,48.14974354777188,0.004401609003786278,1.0,Omnivore,5,0.4559413067718765,0.6226142456085898,2,0.8671981951855696,0.5026858883858752
Medium,70.39222815451384,0.10033015925947644,0.8331055005685447,Omnivore,1,0.864407909770737,0.4469392791725096,2,0.19169790359390937,0.7523586975123395
Low,55.74439907452902,0.4722634607952153,1.0,Omnivore,5,0.6560984222660571,0.36719155244571333,1,0.7325492487856125,0.6476916588595141
Low,77.85712477790223,0.12929370500537066,0.4627939006921864,Omnivore,4,0.6696244435763068,0.8751206654020972,1,0.2675400962480097,0.7279652073491228
High,75.32944165017213,1.0,0.5682411761538557,Omnivore,5,0.6753162166808566,0.6845667401626713,3,0.7516942199788149,0.6119944077286525
Low,63.16814098836685,0.22206517454139196,0.8673749545881949,Vegetarian,5,0.7266186966847318,0.790830744140419,1,0.7136168437513738,0.7435166329338947
Medium,54.9070476500102,0.4726647293648447,1.0,Omnivore,5,0.7104475123120918,0.6781049854097327,2,0.7745688623590653,0.583069190213762
Medium,74.41398267912392,0.16113763001222361,0.4468277601173999,Vegetarian,5,1.0,0.38279843844757633,2,0.4365917144879418,0.7445522240909632
Low,69.70356784884848,0.5220484161712585,0.3916020554011067,Omnivore,1,0.8580759498629003,0.6487818834449858,1,0.6251537658065084,0.6620137825683324
Low,49.73339396870726,0.3799561251474085,0.405217644771392,Omnivore,2,0.6344100632658258,0.5944806605885599,1,0.5958501924534051,0.5789191976494983
Medium,40.08301989780854,0.044660028877223756,0.8415682283491992,Omnivore,2,0.46935170744743293,0.1250964072158606,2,0.6682574993521977,0.4683761357935337
High,55.672006489773054,0.5351242666962248,0.6773529491191124,Vegetarian,4,0.580891826693005,0.11386156970720046,3,0.9530654736745824,0.6404166742060181
Medium,82.73120723022313,0.4914360202228556,1.0,Omnivore,2,0.7531300156900279,0.6839210533048078,2,0.36782123209175405,0.7258903014641932
Medium,77.19730738099557,1.0,0.45791968838634367,Vegetarian,2,0.8716639151356362,0.01376689294298905,2,0.36564138671083596,0.7682719894269993
Medium,43.31508795494129,0.20788587191937546,0.4129895265894075,Omnivore,2,0.3858606070278765,0.0,2,0.7221557203742354,0.4828534253986582
Medium,42.48363876150118,0.5447796153700997,0.5124445992724016,Omnivore,5,0.5641331345111151,0.5342676288314331,2,0.8661616651110348,0.5471620622582777
Medium,79.12025774519229,1.0,1.0,Vegetarian,5,0.9356737499309131,0.4313846482787112,2,0.5053857937823145,0.7688057687312704
High,42.965461428632565,0.9920192079401351,0.8999999974447102,Vegetarian,2,0.5237000069233336,0.2674981138806949,3,0.9299219260828255,0.6321542672886389
Medium,67.63942985463012,0.9933675008820889,0.4624004432369244,Omnivore,5,0.5519398621626087,0.6360115167442723,2,0.9431899739861135,0.658558693047257
Medium,50.75893176995514,0.9682983146601692,1.0,Omnivore,5,0.4899323865740422,0.4108253477607979,2,0.9440429233716713,0.6061123622158374
Low,84.25567386782524,0.5895395420941543,0.7623225045293354,Vegetarian,2,1.0,0.4720336305647368,1,0.1950363923253343,0.7525299282023581
High,48.44362801293182,0.8963758498705658,0.9553869030649422,Omnivore,2,0.14305397610816029,0.9916176030346673,3,0.9945092460252668,0.5205931824439992
Low,77.15042295308743,0.2104431269411511,0.9099598337131359,Omnivore,1,0.8095197984058107,0.6193644995324322,1,0.10062134384184127,0.6337391148882123
Low,62.77287981090547,0.44114882504680186,0.536622512601634,Omnivore,2,0.7791399168958717,1.0,1,0.6661013143105746,0.608235244289262
Medium,63.782922813514304,0.8090185422666974,1.0,Omnivore,2,0.7247536514926848,0.2495909407164944,2,0.7728119997998376,0.6549031643424588
Medium,30.445371279728985,0.5053353209771434,0.9704648845905748,Omnivore,1,0.7183259691470049,0.14068551770964044,2,0.6674444390620422,0.581151454706041
Medium,26.95629970191422,0.7026990328172319,0.5308533524262612,Omnivore,4,0.0,0.23201619502793852,2,0.8851023054582488,0.36728650288867115
Medium,56.69151089599029,0.745751329984277,0.8720651401738069,Omnivore,2,0.3301858090275881,0.494777222135996,2,0.8119858514836352,0.5059328234482099
Medium,63.703590951249176,0.2534691412428939,0.5763436506921856,Omnivore,2,0.6734999798360287,0.8278775858777997,2,0.6844686795010394,0.6260488526852146
Low,43.12203258393415,0.8756993729425655,0.9054617916659722,Vegetarian,1,0.6176126922219851,0.0,1,0.5158523421261636,0.5216247736546132
High,43.66959884285487,0.6598224309091789,0.5273748068347057,Omnivore,5,0.4481688793955089,0.8220455200654392,3,1.0,0.6137638995776268
Medium,68.422089447392,0.21018510362154375,1.0,Vegetarian,4,0.9478199403966652,0.00774590417276233,2,0.8880033868852508,0.703117415142259
Medium,68.44281720685696,0.8654158817884438,0.5595991903115591,Omnivore,3,0.5689792936248368,0.3371644290375855,2,0.8634269969085303,0.5729169594924667
Medium,57.933884094181096,0.41781880610625366,0.30447284328936963,Omnivore,4,0.5247662176489977,0.49833577227708875,2,0.8045130496993667,0.5856007028508639
Low,71.70302581779113,0.8503124383797197,0.6270231710568741,Omnivore,2,0.8695672008168692,0.7205889816470897,1,0.22744905590754347,0.5870975942998802
Medium,42.3869655641978,0.5480330722215929,0.40298731428047574,Vegetarian,5,0.3531211380086138,0.29340283329063815,2,0.8448702182882711,0.5856095704991098
Medium,54.66097624369544,0.38187175223450043,0.7815913209434014,Omnivore,1,0.7339865222972103,0.31193804666905744,2,0.7396875178890389,0.593874400860096
Medium,84.7181640867551,0.9098764150385693,0.6272941120903518,Omnivore,2,0.9861335021211198,0.7081631751614575,2,0.401927227451461,0.7097434308677344
Medium,61.02483194909726,0.584469931644613,1.0,Omnivore,1,0.5269814009469423,0.38922076348719853,2,0.7309010226531926,0.6728047253147107
High,61.89468771880499,0.5905621024270318,0.5508440765980289,Omnivore,5,0.678858382645968,0.840866387999307,3,1.0,0.5831729682908572
Medium,94.5891987895161,0.20959787033512703,1.0,Omnivore,1,0.8502891842086848,0.9957506535904144,2,0.2711461530450465,0.7826138302001675
High,39.00986751226844,1.0,0.7735202605750663,Omnivore,3,0.21164741507467838,0.4591030391067464,3,1.0,0.4146127916024786
Medium,71.94645549963165,0.13546958534166656,1.0,Omnivore,5,0.6412013409371381,0.9063953883001403,2,0.46352236121354284,0.6764601787294505
Low,84.9597941971215,0.9631873483680562,1.0,Vegetarian,2,0.8137107633511969,0.812442846639269,1,0.3046853361996765,0.7586703740386656
Low,55.12713110252181,0.35996152488315547,1.0,Omnivore,3,0.5736147197207943,0.38782375448015727,1,0.5658638812346549,0.6107161721985904
Medium,72.89446180282269,0.7393387635014058,1.0,Vegetarian,1,0.7072097233729138,0.12485018983950674,2,0.28059207503458233,0.7171331503300877
Low,45.269707541836425,0.9221997238356853,0.6128049517097558,Omnivore,2,0.10169548187517408,0.9362592918462418,1,0.624083410252957,0.4228343071676645
Low,49.699014066489724,0.1517066155038984,1.0,Omnivore,4,0.695160779197903,0.7510458010835119,1,0.6559062187416097,0.6205726865604364
High,65.77449624071451,0.7669504756388101,1.0,Omnivore,5,0.3172919386069687,0.18532977455610306,3,1.0,0.4874761440971277
High,71.97850009665885,1.0,0.3832700758787384,Vegetarian,3,0.7575520145877785,0.8195198624188252,3,0.5318488869306787,0.7695245666118232
Medium,76.81404768609369,0.8575838327190574,0.9219849386282073,Omnivore,3,0.6199455530348454,0.7784016164095434,2,0.4628819696836191,0.5720504740097514
Low,83.54442880409239,0.625631914599504,0.6357204484088965,Omnivore,1,0.8646542267576506,0.4132199561434177,1,0.15561054726457096,0.7512363571559397
Low,58.98830162167227,0.6247394599064581,0.8528178239772117,Omnivore,3,0.545053534987536,0.9071607157288071,1,0.7051277082945353,0.5696214932969137
Low,77.90417632758883,0.8575269941328445,0.8559679713968353,Omnivore,5,0.8485866849990229,0.6988024928172912,1,0.40546028584414945,0.6834944920617124
Medium,54.86542734826276,0.8410276377574117,0.8500957182935982,Omnivore,2,0.6527448567018412,0.11282198519945896,2,0.7777292600828466,0.5074577143845604
High,73.53136967382402,1.0,0.9186190697878442,Omnivore,4,0.9428948868467112,0.24745543200187275,3,0.60030425297798,0.6478919163106848
Medium,63.11233196778273,0.35400494318124265,1.0,Omnivore,5,0.7857518914850248,0.6507275507898043,2,0.9025240635865817,0.6428221423171134
Low,66.68516860622886,0.9967264010577331,0.8856119519658804,Omnivore,3,0.6751289311625139,0.26925140254383934,1,0.679874196870713,0.5910747178399165
Medium,66.35261811033057,0.4345026937193044,1.0,Vegan,5,0.8521668311044353,0.33243625686866707,2,0.8880846638382409,0.9066700710803426
Medium,35.92942485303281,0.02446470275893342,0.49946741106601056,Omnivore,4,0.2575308916491059,0.4268027308153289,2,0.8415780590281192,0.4609715393342258
Medium,43.1381721170884,0.36261695158546203,0.653791549376491,Omnivore,4,0.7675629224235194,0.16130387357774226,2,0.9100450963452006,0.6356390407694568
Medium,61.53812159726284,0.12778295457384325,0.7781040840311241,Vegetarian,2,0.49650458341710374,0.37186895201119163,2,0.631240983396768,0.588742426683054
Medium,34.690813805382476,0.121442615728375,0.4521821123622921,Omnivore,3,0.25295324349129633,0.05213001410313481,2,0.801480477784275,0.4847175210707025
Low,72.46816654799633,0.3815350401068943,0.7421310942179369,Vegan,4,0.36128971109066255,0.8056515019034675,1,0.35307816700987216,0.8470094819410939
Low,73.07333949432213,0.15337549417726085,0.9638797769383859,Vegetarian,1,0.5971841330415968,0.9804899003588128,1,0.10710947650819737,0.8183468081958203
High,64.90755829316686,0.888512188409563,0.9047255547703666,Vegetarian,5,0.5956645172628449,0.02897622761671481,3,1.0,0.7585984928665953
Low,43.18298980863116,0.07398888420190508,0.8523502936166363,Vegan,4,0.3773672127518366,0.06461786871918224,1,0.6753725796286154,0.541529505862024
Low,80.70208408302773,0.30328955543595615,0.7553283358352797,Omnivore,3,1.0,0.0,1,0.22118713417209618,0.5575904375386467
Low,90.55815959577536,0.19289971449411938,0.768622293131934,Vegetarian,5,1.0,0.7926030211255417,1,0.4948997662978574,0.8632214414278402
Low,62.20615241168961,0.06316773090303107,0.9226486448126111,Vegetarian,1,0.8098632933233422,0.5798448220793753,1,0.5230231131111044,0.6397258043882985
Medium,67.65803067676855,0.26775166553954166,0.4711519018113677,Vegetarian,1,0.676604374863283,0.2789019588020452,2,0.6525493460993493,0.5986091548156347
High,63.026079821940655,0.77189896766037,0.5681619426418432,Vegan,5,0.4900437172326778,0.3942030948138965,3,1.0,0.7518928425266113
Medium,67.95553783498198,0.9646855564468417,0.3819054261279051,Omnivore,3,1.0,0.7036936939535836,2,0.7978610769734981,0.6816340411180161
Medium,58.20661865060406,0.8755566543496063,0.3636439458491004,Omnivore,4,0.5618815972253604,0.9506961167193384,2,0.9318391677422759,0.5329848359086955
Medium,59.48153640234295,0.8759339254453248,0.5407909612723236,Vegan,5,0.7237103982064013,0.2737698009671769,2,0.8509193037365917,0.7599056116137418
Medium,73.58576400746048,0.2760670360376576,0.38745810033422146,Omnivore,1,0.5463508785755844,0.6460518821672593,2,0.19262480904935245,0.6584951547096262
High,95.1843624284466,0.5649071934978201,0.7213324042296945,Vegetarian,2,0.7177208098801028,0.9569795250162019,3,0.5563060658405277,0.8536007533913624
High,38.99893148397392,0.2763933167953057,0.8499709804818956,Omnivore,5,0.6891536205860027,0.8641542620456365,3,1.0,0.6392415822588602
Low,58.4428127339555,0.778468339915185,0.3533211421387105,Vegetarian,4,0.6709288341681237,0.6076367990286943,1,0.7145499632109746,0.6882660096806305
Medium,42.29309272151877,0.06981630148556195,0.6482021414022348,Vegan,2,0.37844026732433605,0.9251672527982848,2,0.7359124189871967,0.812862321591653
Medium,83.88037347864125,0.6566956708208532,1.0,Omnivore,5,0.8010772222008281,0.2665876174789115,2,0.5036997326763107,0.7456367947454494
High,51.18393046020152,0.44787557232395075,1.0,Omnivore,5,0.3048176230138593,0.5501120553790838,3,0.9650375546947968,0.52802638914571
Medium,38.351988093213095,0.24344563402874475,0.4971974427609227,Omnivore,2,0.2713078847100413,0.23882940613703174,2,0.691343352529005,0.43174893470892084
High,69.5728049827286,1.0,1.0,Vegan,4,0.7808713414223386,0.5724227181494609,3,1.0,0.8506948002162811
Medium,86.16466672114666,0.8567798069785374,0.760469830353458,Vegetarian,1,0.8707766634200843,0.35351528638727026,2,0.33901725461576016,0.71943270115929
Low,69.95396802841144,0.8369393582910502,0.4222853364796197,Omnivore,5,0.850102132530141,0.9497257391427835,1,0.8586529395539876,0.6876161258046496
Medium,63.07196815922876,0.5719826853440126,1.0,Omnivore,3,0.08257104782623925,0.700189698878873,2,0.8277873653680643,0.5433395815338457
High,66.1371138416399,1.0,1.0,Vegetarian,5,0.6962312040277006,0.615140461176849,3,1.0,0.7507083541891515
High,81.22260994238331,0.945490539166353,0.872045833013009,Vegetarian,5,0.9681927685810086,0.162819389426758,3,0.764865887019219,0.7971193407290443
Low,46.88701094978775,0.9461737047963453,0.9008115789413427,Omnivore,4,0.027639161798879097,0.6647438531211205,1,0.8182890787433486,0.38467848145373995
Medium,58.32229343870531,0.2813385860456368,0.9628395450501968,Omnivore,2,0.37642158196178693,0.28659670778714086,2,0.6929277005137564,0.5553538930549455
Medium,53.209647772357,0.595319545782895,0.46053046959224536,Vegetarian,5,0.24288743693855652,0.20820983332790743,2,0.9376709037603079,0.5483750591740778
Low,42.48202039062434,0.6901313479368921,0.412458735106754,Omnivore,3,0.6841258982564238,0.0,1,0.7023282359485834,0.5105553214389801
Medium,55.07437110874796,0.39293730502780666,0.7449525588955657,Vegan,5,0.5651625844182192,0.35899972501557226,2,0.9062824733765075,0.7226672749033535
Low,76.61581643973673,0.9797079824040532,1.0,Omnivore,2,0.7943852793890813,0.4725478803536417,1,0.17910551294508947,0.7349104190944331
High,68.49903222589089,1.0,0.3524889359880252,Vegetarian,2,0.9118837625523082,0.973323240928233,3,1.0,0.7504407121073542
Medium,69.66465750162301,0.4937694913726616,1.0,Omnivore,5,0.6744854441648743,0.2794083789538941,2,0.8779904359436612,0.597044161543632
High,62.19713417479977,0.590640654804339,0.368512454588653,Vegan,4,0.4920005046922489,0.30265280920223914,3,1.0,0.6870993186327936
Low,67.84985674092883,0.47193792855645866,0.817471398587762,Omnivore,1,0.7127397162757371,0.3883084924508736,1,0.5931389019371942,0.6653778946663665
Medium,47.99114486477842,0.8527367457319316,0.8778285573973685,Omnivore,1,0.5659563922020361,0.15424550662351447,2,0.7146083606964223,0.5310291874704016
Low,55.35735171109156,0.6454684255181676,0.9635460256379227,Omnivore,4,0.327404888306409,0.0629648673908425,1,0.7765452478827969,0.4275269426788978
Low,62.88006355453015,0.04477237251809507,0.37287958138856214,Vegetarian,4,0.9420835398839105,0.7187743222407061,1,0.6544361315878657,0.7900342815914052
Low,64.16273788322836,0.5421699104457148,0.73941730680011,Omnivore,5,0.2629787570296592,0.48277794556007586,1,0.7224540409232669,0.48782067237901366
Low,64.8028178238281,0.017300122740969814,0.9078513496214651,Omnivore,3,0.7133191384452031,0.37822220679050766,1,0.5303569262566243,0.6518134976313332
Medium,57.92497076975433,0.7785353710034054,0.3556703911547786,Omnivore,4,0.9139909204607666,0.2872662420760024,2,0.8589802177704066,0.728864300839825
Low,54.338648983045054,0.32831227354246373,0.40678780151053506,Omnivore,2,0.5675939191783569,0.49053079351979173,1,0.6009818119859095,0.504823116904232
Medium,100.0,0.5720074821173293,1.0,Omnivore,2,0.589027209930704,0.6400897825624171,2,0.34143674650303196,0.7518511876535554
Medium,73.60180909398598,0.898678105907632,0.8896472420605817,Omnivore,1,1.0,0.5929002348905671,2,0.3725983377565326,0.7676109192228695
High,66.19721213928933,0.24644881728576157,0.4928147219647372,Vegetarian,2,0.5657292834203981,0.6949064428277308,3,0.9574155269963787,0.6985557577071164
High,56.50187252690409,0.35854153559161045,0.8177486995492539,Vegetarian,2,0.7211945253533637,0.5741617101441088,3,0.870678419074082,0.7503215551341379
Medium,53.23171759584185,0.39796037644511484,1.0,Vegetarian,2,0.6161021856765291,0.8749279741690843,2,0.7970095492620041,0.7294135300987443
Medium,58.037991094095666,0.22992516354556058,0.30577754024584225,Vegan,4,0.5771358938378351,0.7771589703824724,2,0.831943030745045,0.8070799058791522
Low,64.39243265380026,0.3379014257750631,0.9645959367548559,Omnivore,4,0.2321382958956631,0.6357570355992188,1,0.6991465261453003,0.5144793532823027
High,31.79346683905378,1.0,0.23261776880061083,Omnivore,5,0.3993254410025108,0.379453566759621,3,1.0,0.5164411173039936
Low,36.459156069379745,0.8254144375738107,0.18874522331159957,Omnivore,3,0.5122117722667812,0.8919811648679576,1,0.7022496756345232,0.5382335159064409
Low,50.44676416591564,0.8839018149601086,0.402888309490212,Omnivore,2,0.18427149685633476,0.18094532768256522,1,0.5974598876327248,0.5057296029222859
Low,63.10709155167853,0.9370546335657753,0.738442089612312,Omnivore,1,0.9659875669147363,0.6750862867316993,1,0.5572529262543537,0.643890893902491
Medium,56.410902792722226,0.34093588031419564,1.0,Omnivore,3,0.4868739501844599,0.21132848319718944,2,0.754066364458389,0.6358030374483888
Low,82.17181839149227,0.3970769577964727,0.69264458856202,Omnivore,1,1.0,0.9348677459174171,1,0.052228303266955906,0.7009436220646502
Medium,37.76404819506347,0.2340624925720749,0.814493453364076,Omnivore,3,0.5110449464532038,0.5062517160014377,2,0.7128489309811089,0.6699149738460491
Low,48.72981795594944,0.8301169113081226,0.6548057277350539,Omnivore,3,0.4920327545473878,0.33243249758347904,1,0.6784323353969746,0.5114823623066462
Medium,82.80137611486651,0.7795518622851849,0.6483386725403405,Omnivore,4,0.848965498076137,1.0,2,0.4492114645942854,0.774292569799723
Low,61.9667898701272,0.2361719824828773,0.8240810636334946,Omnivore,5,0.8166344291567678,0.5344549648987933,1,0.7213238030181035,0.6900588370433403
Low,73.27263874201738,0.47699382921045486,1.0,Omnivore,5,1.0,0.7113019091153239,1,0.3789886428591434,0.726756866102913
High,90.76870414904195,0.8067117639327982,1.0,Omnivore,2,0.7133138699133167,0.2716605353643063,3,0.5430955992284782,0.7075875224740059
Low,49.59293373147266,0.5281400572737537,1.0,Omnivore,2,0.37621504922944393,1.0,1,0.5973308988746159,0.5443356480887815
High,58.51028493311952,1.0,0.631109237220577,Omnivore,5,0.9167086787247576,0.17783648496923182,3,1.0,0.5566993450371245
Medium,55.91359648603692,0.3805661329472163,1.0,Omnivore,2,0.3827031221111682,0.09291488911563406,2,0.7405388538858976,0.5002394952946448
Low,30.681104932750866,0.9085240305005123,0.3655839797726622,Omnivore,1,0.3112395618415433,0.4420622699240096,1,0.5570323184038222,0.506483229981114
High,55.34404794366046,0.6413675603197897,1.0,Vegetarian,3,0.4159828481753072,0.512606475922602,3,0.9987648108536359,0.6159824760806075
Low,73.21593281070999,0.8463726747923538,1.0,Omnivore,3,0.8800022164196706,0.15026740688839757,1,0.24477748849671732,0.6517772698780021
High,68.10884312718362,1.0,0.35428805032687527,Omnivore,4,0.18835123287745015,0.31036021014758,3,0.9927632525736958,0.4392854779639278
Low,69.28624754082016,0.9075757039632664,0.7867951688828988,Vegetarian,1,0.8397953418088268,0.45610339190174976,1,0.6617672749611898,0.7646317991564194
High,54.367365290407506,0.2569528672956812,0.9196078148660422,Omnivore,3,0.7757452022659195,0.23008005693696032,3,0.8355341180476966,0.5653556436725574
Low,50.15854145991538,0.20570429497656983,0.9525684777871299,Omnivore,2,0.6330791181161017,0.47688194260407246,1,0.6550555908601878,0.5838272375705096
Medium,79.03883507847931,0.5769054255322751,0.5712819336615987,Vegetarian,1,0.6240995319942376,0.9379376874502867,2,0.3129887147015949,0.7825636792725766
Medium,52.54024280463496,0.4315542899531073,1.0,Omnivore,5,0.0,1.0,2,0.8763303063371519,0.4579663238787997
High,64.41123058189821,0.8408916648372071,0.9373215208804639,Vegetarian,5,0.5086160122785175,0.07756955352929751,3,1.0,0.6456482015388968
High,62.450020210163075,1.0,0.4765907022790831,Vegetarian,5,0.7548558004825918,0.5005684087477471,3,1.0,0.6996803159253552
High,81.92575524385677,0.41240471127794887,0.43015128793179913,Omnivore,5,0.8143450728653444,0.7080884525097951,3,0.6521123048321492,0.7437562341793874
High,74.5711853650854,0.7518586651342404,1.0,Omnivore,3,0.9214734701479486,0.6427763615659363,3,0.5838827042505884,0.7445332346066118
Low,40.57112068999319,0.1924110378871393,0.282560342895425,Omnivore,4,0.3614655468892278,0.3979126373392433,1,0.6659574850357033,0.5035038996780097
Low,42.1867024983744,0.8941075983979475,0.3519844335621085,Vegetarian,4,0.36749993946853077,0.3764679059119277,1,0.7163681240108389,0.6003185807573314
Low,68.68364727103702,0.9645801858016528,0.9182482632108757,Vegetarian,2,1.0,0.9207932276525048,1,0.7089622664953996,0.8667426925050491
Medium,59.0349352893125,0.4787016818903501,0.8986801798961822,Omnivore,3,0.45225434968581646,0.6081333637548403,2,0.7741256928029763,0.6166667854371161
Medium,53.17242324069354,0.10401029772814074,0.9527492347958662,Omnivore,4,0.6610355626605865,0.0,2,0.7462519279471356,0.6162896585421012
Medium,75.23441825991706,0.8852946667226732,0.7696861039632061,Omnivore,1,0.9091624890706295,0.23169753533245308,2,0.35381538922151407,0.6431473084350019
Low,62.81189073133366,0.697141350492399,1.0,Omnivore,5,1.0,0.7957048823892685,1,0.6981582086527311,0.6423036635068858
Medium,60.78686080334166,0.35467082661031046,1.0,Omnivore,2,0.9390082475983517,0.654457127482688,2,0.809166948412866,0.7229032430354988
Low,71.69742961132575,0.9874074739689634,0.6295820911365118,Vegetarian,2,0.8267796941038528,0.5146695587468171,1,0.2693013456023367,0.839309414816566
Medium,54.373365075846536,0.9758318897827072,0.9748954419171786,Vegan,4,0.6856827994039761,0.5947851039973602,2,0.7917564374179016,0.8089026043410945
Medium,83.5277847820883,0.6578538491301954,1.0,Omnivore,3,1.0,0.8796300113044929,2,0.43482831262769767,0.75255667880429
Medium,48.179285651504884,0.5657279113442923,0.9271831908745671,Omnivore,3,0.35347448391311365,0.7047695631983932,2,0.7879128711606225,0.6175271168534199
Medium,69.85393599513132,0.29751350511377783,1.0,Omnivore,5,1.0,0.512743846223958,2,0.9434706460609447,0.6370458102279538
Medium,81.50749257989767,0.6845060359833142,0.6313100319846949,Omnivore,5,0.8088357002904443,0.9182744157130346,2,0.5114262191629079,0.701558493132446
Low,39.3405676609185,0.43964232052484653,0.7318330386242855,Omnivore,3,0.5297535041563646,0.2895304183294835,1,0.6380637607562262,0.48179749366885694
Medium,54.849972362213265,0.3021910269280519,0.8367727054156464,Vegetarian,3,0.620795971332095,0.014965605702721319,2,0.7602069526939343,0.6367850382784283
Low,77.13311089328337,0.16718519652390132,1.0,Omnivore,3,0.6199279185843625,0.7591649511154145,1,0.20193690171512052,0.7059816060832557
Medium,77.35866821596538,0.3527078597091249,1.0,Vegan,4,0.697389447136541,1.0,2,0.331111681401583,0.8319940611986245
Medium,57.42756599417641,0.19785464967766442,0.32078165251464413,Omnivore,1,0.4147992885523375,0.7124176875572303,2,0.6413259823285015,0.6207089934326514
Low,48.97993359484711,0.5420419845539489,0.3101323292417224,Omnivore,5,0.5336552786554039,0.767969881677357,1,0.7040065846960296,0.539886392141176
Low,74.33903733496143,0.7016700217635938,0.4496452561057259,Omnivore,2,0.4370142817140946,0.6723578405706372,1,0.19918704727351336,0.6253703060839818
High,77.75323653872407,0.9085717243060164,1.0,Vegetarian,4,0.5797403693378196,0.3944952820936017,3,0.6954755350357952,0.5968819602870877
High,42.53004977231408,0.5881810010456792,0.34900404397232787,Omnivore,4,0.33662550624131893,0.41236974160089424,3,1.0,0.39119961630044453
Medium,41.941295265504294,0.421229733685496,0.8321583508178667,Omnivore,1,0.3878662496271762,0.2371698053056816,2,0.7025785389906589,0.4776141817565862
Low,63.37885022975399,0.83423842964064,0.6415631290422283,Omnivore,3,0.924956582601629,0.626489364040782,1,0.6532911827850147,0.7377887624599699
Low,69.44040950143338,0.4762328135171624,0.8045220037178779,Vegan,5,0.8933971175936013,0.5962890060050565,1,0.6768521905457491,0.9300646631031009
Medium,55.513963721549175,0.9877733321371224,0.4932329784251598,Omnivore,3,0.531678994279045,0.7713245306002663,2,0.8242160297081447,0.515022502039847
High,70.18940729973524,0.7396172300088649,1.0,Omnivore,2,1.0,0.16992561119148808,3,0.4615562149549929,0.7128175936434591
Low,49.34795089743927,0.649580944617839,0.8328900786502227,Omnivore,4,0.560601397846614,0.0,1,0.7037453612899282,0.537127546372085
Medium,28.27959601389397,0.0503629989933958,1.0,Omnivore,5,0.4176205734194326,0.259233092701682,2,0.8520845247825657,0.48790710561766265
Low,53.64148391501106,0.6533399244188108,0.8428036692793848,Omnivore,4,0.1581931889004805,0.3402983310769986,1,0.7246790954188863,0.5872583723624245
High,60.94848219769652,1.0,0.42865044158542925,Omnivore,3,0.4211349617149523,0.3521565866927594,3,1.0,0.5101154657684677
Medium,55.862400601553155,0.9424578385332962,0.4501824368462412,Vegetarian,1,0.768153776963756,0.2535222786845117,2,0.6479237662659987,0.7393872388756368
Medium,42.620951045107724,0.9973206116397705,1.0,Omnivore,2,0.5571620360596308,0.34436624681159494,2,0.7517351920785942,0.533035012490401
Medium,32.76526536181774,0.2821786456492331,0.8893915241399565,Vegetarian,2,0.6866969668034353,0.39678301748776656,2,0.681159787385879,0.7238664780370153
Medium,52.28866793448153,0.5753700648257168,0.3107220897014973,Vegetarian,2,0.8663867915498499,0.600719156027289,2,0.7351963837378144,0.7553686573803925
Low,73.46483657474616,0.5507179855321473,1.0,Omnivore,2,0.628508053210026,0.0,1,0.21016568636489735,0.546671768364154
Low,78.84296159120524,0.663817480575171,0.8063878547656378,Vegetarian,1,1.0,0.6259192687054911,1,0.1279077108352508,0.7875542767973859
High,77.81570076207683,0.4574529571898467,0.6962868906335746,Vegetarian,5,0.5816426232201191,0.11363387142139425,3,0.803780401390795,0.6949582390496829
High,47.76135697277171,1.0,0.3928675785943928,Omnivore,4,0.16000379167723577,0.6651162590124489,3,1.0,0.4544385198824378
High,42.694405145544536,1.0,1.0,Omnivore,3,0.49075920761868075,0.5423815729737973,3,0.9481586611835096,0.3922631369537165
Medium,67.44951922469843,0.44966166311292255,0.4010889751125929,Vegetarian,3,0.8275721772991945,0.2423476343361079,2,0.8613635303443247,0.790447747502772
High,69.52650017396888,0.48042986157357687,0.6374679632494847,Omnivore,4,0.7622127275215398,0.6059677851149029,3,1.0,0.7086844392977606
Low,66.00254407800746,0.14083342765301232,0.6363956142157416,Vegetarian,2,0.8512586698845986,0.0,1,0.5015504127725723,0.7023213028552766
Medium,29.78905088643355,0.6837648247778044,0.3098505383956681,Omnivore,5,0.18156669017609295,0.37929312553606664,2,0.8591401110164455,0.46935529453776775
Medium,46.996731226748,0.3122318396207352,0.7431685394206102,Omnivore,3,0.6737299876599786,0.52704130147754,2,0.7874643633184136,0.6197280676750181
Medium,59.55466814571032,0.9095385699133887,0.30947596753944423,Omnivore,5,0.491565651868859,0.7237137398109812,2,0.9939680897531351,0.5923663940222222
Medium,67.30827291945641,0.67101247484487,0.6375168800076911,Vegetarian,4,1.0,0.7473604594702021,2,0.8834457925332442,0.7221125338479457
Low,71.5096104390373,0.7456853251742407,1.0,Omnivore,3,0.8863064972271029,0.4343832205849713,1,0.1884356140247374,0.6810410235600487
Medium,62.1638028342306,0.5594021158982408,0.6213485835131587,Vegetarian,1,0.9371040438586173,0.20933506377444394,2,0.6662463667961472,0.7197765239011462
High,64.96175709807353,0.24577633942872562,0.6852681725971193,Vegetarian,5,0.4007266492397832,0.3324533872679657,3,0.995159983482174,0.7438276425087322
Medium,61.27298187541656,0.931922435685587,0.7795299576111544,Vegetarian,4,0.5285895913550152,0.4729706741320319,2,0.9352114745793355,0.7085164335127065
Low,70.28429061327725,0.72793749329946,0.9131148279178609,Vegetarian,5,0.6857008878666637,0.20654299926429776,1,0.30178278222841004,0.7315155526826409
Low,64.69298477236366,0.9940619833831104,1.0,Omnivore,2,0.41459587538766096,0.4353274504061302,1,0.5863990963172963,0.6302184201880237
Low,60.98606490070931,0.537356404772887,0.4952515476595642,Vegetarian,1,0.9327865866049185,0.40449866545356666,1,0.5567100353923344,0.7545293242058436
Low,55.97446801293929,0.7101108919062131,1.0,Omnivore,1,0.5710934542276193,0.8017622962240876,1,0.5708226359428145,0.7059711101391786
Medium,61.219371375637216,0.05620955786622217,1.0,Vegetarian,5,0.31027728461861337,0.6513647620143352,2,0.9007366229750094,0.5984691873615453
Medium,67.26887068258912,0.6317361768234109,1.0,Vegan,5,0.5733526420536779,0.3447547953808753,2,0.882045224376444,0.7780550147328151
Medium,64.01213083347092,0.7646496115903573,0.4068652278819898,Omnivore,4,0.41546081675746477,0.6209525013516398,2,0.9304671468006238,0.6402132892205513
Medium,65.7123962751788,0.7785142948525573,0.3502026713504787,Omnivore,5,0.8061593825155685,0.6738499055148495,2,0.9735032801196193,0.5986155854206235
High,80.14082792026778,1.0,0.9947168405094229,Vegetarian,3,0.922811147809074,0.14729113059788712,3,0.5948374781294102,0.7419363708505944
Low,63.97745884119881,0.22628262729366766,1.0,Vegetarian,4,0.7692949655418142,1.0,1,0.6456840258659374,0.8060871262986429
Medium,50.265022192902634,0.9753984776052259,0.8357665751051491,Omnivore,4,0.6987822786136689,0.36422514984356674,2,0.9818829601013078,0.6033433286126333
High,73.25410178991254,1.0,0.5795053743950935,Vegetarian,5,1.0,0.34020786398210484,3,0.7233685132705718,0.7485650173603805
Low,39.50702493496624,0.07559587516160127,0.2880550226240444,Omnivore,1,0.7579770127175407,0.33528129869132145,1,0.49314557475903203,0.636988720508814
Low,43.77879928891069,0.9364464228117573,0.9184904492622884,Omnivore,1,0.3482087753728598,0.08920611086883701,1,0.5451333028064287,0.41622950113144486
High,65.03770897080103,0.48944919430436934,1.0,Vegetarian,5,1.0,0.01415064584005532,3,1.0,0.7425284462993297
Medium,67.74595001679869,0.6892840817509648,0.5112614507711021,Omnivore,2,0.6374022413488886,0.7335177216853377,2,0.7366345345803552,0.6033813646692661
Medium,41.32423164744007,0.33811092073613214,0.23481147373373665,Omnivore,3,0.4342262326051946,0.3570799599461805,2,0.7569099434418814,0.4129841383509026
Low,54.25773778519875,0.9677543233731215,0.6795722021491908,Vegetarian,4,0.5568038563483211,0.5305066279882712,1,0.7089756511703413,0.6380048584627019
Medium,50.90874251670512,0.10150385830353548,0.8372624147165477,Omnivore,5,0.6420272318781799,0.0,2,0.8413238193559711,0.5144153771899986
Medium,52.69985515677605,0.497746816956376,0.9695016853510714,Omnivore,3,0.15363764097939636,0.5758829499120984,2,0.8197849877000284,0.42893251273623245
Low,74.15396664409418,0.5280477919420746,1.0,Omnivore,1,0.7465206415594121,0.5498447750480417,1,0.12715015643500943,0.7146700903350964
Medium,70.59758195320879,0.4260234522779849,0.9635253370727763,Vegetarian,1,0.7650473246435671,0.21230367172781162,2,0.287693457516489,0.7239768537072302
Low,59.713167302194385,0.6455339908801486,0.40944644510945694,Omnivore,3,0.2601711975934008,0.22462646982050066,1,0.6292809323556002,0.5086880209203191
Medium,51.81057109327608,0.13105574342166748,0.9416345276087952,Omnivore,5,0.17742028568662105,0.9033969487412856,2,0.8875107367106313,0.5250788860990241
Low,39.75525494669789,0.7166624181336969,1.0,Omnivore,1,0.23240693522217326,0.20017108234665826,1,0.5666280758086093,0.44046925820013655
Low,81.30277408172924,1.0,1.0,Vegetarian,1,0.6649214643912486,1.0,1,0.13842627622562792,0.8240801616791391
Low,68.88170850427377,0.8045587144686301,1.0,Vegetarian,4,0.6973955719278134,0.2864083969236593,1,0.7241997574996974,0.681108068024409
Low,49.399963438902894,0.8600167529095454,0.5491699705528553,Vegetarian,2,0.4673851841461839,0.23937500935585945,1,0.6476550807786812,0.5030843202924161
High,70.79399246437337,0.6596367431790026,1.0,Omnivore,5,0.942743030210808,0.46520648055319536,3,0.6453281737591403,0.5839331810142693
Low,58.94664569138062,0.3248866064812187,1.0,Vegetarian,4,0.5134732176449204,0.7236582750256813,1,0.5785686852033682,0.7085771157992045
Medium,55.69335742706485,0.5170483546901332,0.9567929917665874,Vegetarian,2,0.4846698378125692,0.538600500674105,2,0.8143013167590697,0.6479376581000144
Low,66.52817292434403,0.04572661476227269,0.5832026211897007,Omnivore,1,0.8660601777997188,0.6049067953686436,1,0.45425577128467465,0.7995535094733076
Medium,48.87752625130913,0.9453581344565326,1.0,Omnivore,2,0.10823684154316354,0.7185312995178654,2,0.82534256166043,0.5363488828460327
High,54.84365220734835,0.3437851730161922,0.7250376724954176,Vegetarian,2,0.9031571524759106,0.638963518247046,3,0.8654034461518179,0.7740920877249671
Low,61.82191596299319,0.9030130391680924,0.43891513848084535,Vegetarian,4,0.31371485260470394,0.10712078395902569,1,0.735512966358837,0.515931763823728
High,52.5082321067218,0.2835822220003557,0.372319055591001,Omnivore,2,0.729254350645334,0.7239664043292187,3,0.8684333924831407,0.5903452744696848
Low,70.03627815401286,0.9226249276785601,0.99770037806911,Omnivore,2,0.8691945943529307,0.26244373834497264,1,0.2924129437089491,0.6895232966693802
Medium,88.0359975551739,0.2519625258782151,0.8778896341926087,Vegetarian,4,1.0,1.0,2,0.4368551999516111,0.8863421205420491
Medium,48.68552801089286,0.0381316140914727,0.3379115152334279,Omnivore,2,0.34397490281365184,0.5378232030107963,2,0.711052203133057,0.4726911096189524
High,35.023120555439334,0.9194894502594086,0.9154801749332913,Vegetarian,3,0.3586454875433355,0.462331305255938,3,0.9310484974468154,0.5288084051857375
Medium,29.973897487856075,0.2802653001744283,0.9491946546979001,Vegan,3,0.06940625251502211,0.11757464157436426,2,0.8529152503384725,0.6125761345284871
Medium,57.742977877575264,0.7144961527843495,1.0,Vegan,1,0.565169181530419,0.15638146246162948,2,0.6454514120005289,0.7123891489790013
Low,50.052531148107256,0.5550852504728198,0.4525235334245492,Vegetarian,1,0.480043325531341,0.37165968219164236,1,0.620547675605967,0.6102317307849039
Low,63.11790751600621,0.10880739023006558,1.0,Omnivore,2,0.941903635334292,0.6138662319158622,1,0.4695694556473188,0.6660712424380844
High,61.988965080391516,1.0,0.32066762829634265,Vegetarian,2,0.727401812034665,0.688653871183325,3,1.0,0.8076123007020579
Medium,35.951747300788554,0.45231417476347757,0.48487087618235203,Omnivore,5,0.3527379862843867,0.14487816019747393,2,0.9158515342487824,0.4450461645241066
Medium,32.77674255777891,0.734447277798688,0.5627052441964383,Vegetarian,1,0.31840138808557117,0.07067866628551961,2,0.6976692031141765,0.6064454228311305
Medium,64.43899860519143,0.5010205720156251,1.0,Omnivore,4,0.5525604015830082,0.44162797910907864,2,0.7809380913568481,0.5641306925005649
Medium,62.031432520799356,0.6043614749612047,0.7005515356734011,Vegetarian,1,0.5724980847932555,0.7566038868057654,2,0.7096368368637184,0.6418650627855379
High,53.61273002450173,0.5027735923566925,0.27933309631190695,Omnivore,5,0.5525533453658462,0.0,3,1.0,0.5043940871555548
Medium,35.142846223015425,0.20036030400345028,0.5280606429430865,Vegetarian,2,0.7392082979264744,0.20876083215033595,2,0.7229049894080829,0.6386467653255165
Medium,67.07086894147486,0.5425702034080678,0.8342784430666614,Omnivore,1,0.7510676859685652,0.350716832670816,2,0.6838958214900324,0.5387265140949042
High,79.07849318135915,0.7402189729710019,1.0,Omnivore,5,0.5837177114116503,0.8081094379551036,3,0.637665062106803,0.6042003456966978
Low,64.16973660328384,0.3901132134339331,1.0,Vegetarian,5,1.0,0.856219674947353,1,0.7980768042157569,0.8426350771136878
Low,47.28789164152403,0.672567195094623,0.4173134964290317,Vegetarian,3,0.6797734041464408,0.0,1,0.651274465465364,0.6057858687656401
Medium,60.66828248356727,0.6905066320111359,0.4884879541572879,Omnivore,2,0.8010775172708968,0.6008759999082103,2,0.7875610756112683,0.6837899820384965
Low,39.50828878599472,0.04592005609126304,0.3609229003945241,Omnivore,2,0.35188282725969194,0.5945510773860347,1,0.5819165843653473,0.43913822441492223
Medium,75.86941070758189,0.4387444942436721,1.0,Omnivore,2,0.9181982683728172,0.33776096310858345,2,0.28179543324845757,0.6269717500150912
High,61.22766501794308,0.6117645502263773,0.31216036545812176,Vegetarian,5,0.6731367027779878,0.8007243809559332,3,1.0,0.7736013697741518
Medium,33.47764632370152,0.0968921611641681,0.2945654298103849,Vegan,1,0.06292017264550281,0.0,2,0.7253504501044733,0.5850745057427091
Medium,55.48988459334476,0.23590086669828836,0.8154090546108228,Vegetarian,1,0.6456267558913097,0.6401728669173378,2,0.6881209464176176,0.6203590624503774
High,66.94952265351347,0.25164179722275665,0.5823096801543328,Omnivore,2,0.41850740074857856,0.9096153621420546,3,0.8974492664701804,0.621755884126599
Medium,55.004285685367165,0.9962420986170206,0.3673778866660979,Omnivore,1,0.6096514237430921,0.23090690832197752,2,0.7284236753337157,0.6259304374525315
Medium,55.861564178397394,0.7365572029698445,0.6391858332258213,Vegan,2,0.6368803806710109,0.386214849900994,2,0.8280429233529165,0.7680249528962764
Medium,41.63396689429092,0.08745015650275367,0.48237743953169937,Omnivore,3,0.23387644893304146,0.681013215497547,2,0.8563431016093634,0.47002096680292227
High,68.49811480622485,0.22024937979009213,0.8535948805454088,Vegetarian,3,0.7084939898625594,0.0,3,0.8832308294198465,0.7307716402292637
Medium,50.27296199971294,0.7192878001522802,1.0,Omnivore,3,0.6216214271523006,0.565039632828559,2,0.8612066291326982,0.5527013793729516
Medium,27.653319344924512,0.43919216568266695,0.262571233539541,Omnivore,3,0.17401962121227382,0.7698789504483782,2,0.7251040320492218,0.494922812856012
High,54.43113943994409,0.986796709064576,0.6448824020338148,Vegetarian,2,0.6357438085367293,0.0,3,0.9791030616291247,0.6214242541460677
Medium,74.7172457335553,1.0,1.0,Omnivore,4,1.0,0.9458573076462578,2,0.5220203481278718,0.690946018189414
Medium,54.19605830100079,0.5993003890163725,1.0,Vegetarian,5,0.7103912053959809,0.6991286365216597,2,0.8527230946758443,0.6917519149937855
High,86.0697747768528,0.4871084229172531,0.8246199086685446,Vegetarian,5,0.7987162797058146,0.7011094669786601,3,0.6949884423533927,0.6894338071384705
Medium,66.43451922822776,0.7821940360464525,1.0,Omnivore,3,0.9549830372657615,0.6765770359462822,2,0.7784145799845661,0.7310931637384495
Medium,65.08137243420549,0.9558117431743745,0.413263875752373,Omnivore,4,0.8013940855283143,0.6160433561492181,2,0.9922215814929785,0.6853979751910243
High,58.074026011235865,0.7802312870599559,1.0,Omnivore,4,0.546918483294141,0.32067975216036554,3,1.0,0.5694406933830127
Medium,58.97570688353564,0.6819974472807335,1.0,Omnivore,2,0.46639904917865976,0.8626112332552955,2,0.7604920722007851,0.5677227400021752
Medium,56.04864547320744,0.33747469503667304,0.8177313802002288,Vegetarian,2,0.6842313532799174,0.465194096783747,2,0.7003808260601829,0.7344890565205824
High,55.4659591187621,0.5815276946603112,0.7758200226282248,Omnivore,2,0.7717318028801792,0.5803016728265014,3,0.938547705249051,0.6544225178379912
High,67.96300743100723,0.934654497853064,0.5271336568569465,Omnivore,5,0.9064472603486546,0.27833973792728556,3,1.0,0.6844113620043094
Medium,45.96253155314152,0.9277710984068192,0.8636008566729995,Omnivore,2,0.5828861445521365,0.0,2,0.7998966550243916,0.5279570556966375
Low,43.86159256913611,0.6289883872243522,0.8097452436245954,Omnivore,5,0.37042431880848625,0.011862256464084397,1,0.7253833361148341,0.4511791490980147
Medium,43.15207423686934,0.7898479084853475,0.8676934306600972,Omnivore,1,0.5451458078577243,0.9083526907085904,2,0.7155931505987312,0.5749731194492275
Medium,90.68481821515732,0.271635017415373,0.47950737776050845,Vegetarian,5,0.734680308510415,0.9489677120928275,2,0.4402766486836602,0.722552304879432
Medium,67.9551435250587,0.21195909025797355,0.888499205974367,Vegetarian,2,0.737557290506945,0.4366806213555299,2,0.6354537161539597,0.6657689969112819
Medium,64.56738302520218,0.5320346868333901,0.9177717586233839,Vegan,2,1.0,0.7097734262660581,2,0.7462145793651513,0.9218134638312538
Medium,44.13727994559853,0.17655419224284052,0.42821653514079483,Vegetarian,4,0.23988048316536736,0.4946667141436097,2,0.7619714503546373,0.6623234700485247
Medium,69.35013451012243,0.6349950702209236,0.5550835300391481,Omnivore,4,0.5828039627567542,0.03764682283031917,2,0.9644249201864878,0.600356346739169
Low,58.25142980320007,0.291653185394699,0.5674753175269502,Vegan,4,0.7718667246842541,0.7403935605473251,1,0.7730186163865759,0.8325128162537523
Medium,63.21253411697625,0.791532618666892,1.0,Omnivore,5,0.4568473812626792,0.0,2,0.9468036193817011,0.47683439305527864
Medium,45.350695262046656,0.8081103466143434,0.833019539842605,Omnivore,2,0.760451983666992,0.18929739303870832,2,0.6892994361263888,0.5960838939881459
Low,62.40403286126365,0.4637874557553531,1.0,Omnivore,1,0.8192651340415077,0.2259944529642684,1,0.5692675041319698,0.6202949829599873
Low,53.64249692690275,0.18081063503763528,0.5638710564776119,Omnivore,3,0.7399949072196605,0.5073419013942436,1,0.6071719988564721,0.5649084361587278
Medium,48.51583264454718,0.6467749610819326,1.0,Vegetarian,2,0.7127301579316779,0.46759336005276364,2,0.8204062681232372,0.6976384039999843
Medium,71.01159503710873,1.0,1.0,Omnivore,4,0.4516334126302885,0.0,2,0.5509454470990369,0.5701769557157278
Low,36.934382872049966,0.6225908979425233,0.5796835843739467,Omnivore,4,0.1530152641942884,0.6768141402923769,1,0.6744205358226398,0.39199553453052194
High,68.47164396471226,0.23577469071400786,0.4376202854490172,Omnivore,5,0.948736700040883,0.5893316416663842,3,1.0,0.6804281156318777
Medium,70.26729200329494,0.11729397576708259,0.6083201225039572,Vegetarian,4,0.6412907631466795,0.8744163348378161,2,0.3898067773991034,0.8204702523008401
High,46.80534486673139,0.5203619704923061,1.0,Vegetarian,5,0.4535962326389921,0.39998914343828174,3,1.0,0.6763381368140045
Medium,47.695073083012986,0.19578380686040486,0.5488387412991442,Omnivore,1,0.6185290073014675,0.45026954984105155,2,0.590380224125247,0.562998369169354
Medium,56.654614781003964,0.8130512071433081,0.6131740340540843,Vegetarian,4,0.5968074817549923,0.04181708604971707,2,0.9004244107333926,0.586729894590349
High,64.23054315693331,1.0,0.5107416468823835,Vegetarian,5,0.8584426223809345,0.3018760617019781,3,1.0,0.659377104960804
Medium,57.707175122786616,0.25861877131047617,1.0,Omnivore,4,0.6927713387505162,0.4163748536940922,2,0.8095357418442621,0.6399762170700489
Medium,66.50343690287819,0.3256447769498927,0.6081614147566683,Vegetarian,5,0.6254804980566514,0.7630010709589685,2,0.8962906489069611,0.7077639431142938
Low,86.44469478806099,0.33624696771511464,0.7624817223091606,Vegetarian,2,0.8454582730971246,0.5851659761935798,1,0.19994412987260018,0.8320200118313207
Medium,52.38424846275429,0.908382547371264,0.6762693507453981,Omnivore,5,0.5755119791794662,0.22077067984931115,2,0.9991242640629017,0.5998456740393172
Low,34.27230043944869,0.5026493346222822,0.6050897819718531,Omnivore,3,0.4207134253338548,0.01457981771101563,1,0.6950546806711335,0.4157650159977564
Low,72.3888537454598,0.7561370440820199,0.7732850591423207,Omnivore,1,0.8848348146131538,0.7107835105999627,1,0.22720741519509505,0.6756073493191058
Low,85.24971863891295,0.5154820866996033,0.9299922885692934,Vegetarian,2,0.8856081531062464,0.6829385713719265,1,0.1566535944272762,0.8734407449590569
Low,65.89152544576686,0.6310141935045311,1.0,Vegetarian,1,0.6420003114403371,0.28425957535289526,1,0.5070497521197435,0.6789183689968141
High,43.683769869694984,0.585855376721736,1.0,Omnivore,3,0.4008267167296802,0.305952749991409,3,1.0,0.5269092978416392
Low,58.14161455147199,0.33967843772922546,1.0,Omnivore,4,0.4949912909960495,0.2586538693204675,1,0.7693753727750944,0.5248365747147248
Medium,43.22214773682552,0.6344800731734802,0.31723557780061507,Omnivore,5,0.7531847544662302,0.06668814327598077,2,0.9558688714698799,0.48582417314379656
High,69.64283240944421,0.7910620780489892,1.0,Omnivore,5,0.5217855154962565,0.10092313242275625,3,1.0,0.5795048886152823
Medium,39.73064395952348,0.29352795416794963,0.3189049932841942,Omnivore,1,0.14521450090803284,0.0,2,0.6796974532524186,0.48433995028928106
Low,55.498068197577,0.1493484503194734,0.402214111040143,Vegan,1,0.733259080971726,0.4466634584765165,1,0.6579686081798172,0.8228275488629562
Medium,44.9349326055914,0.3685766938381376,1.0,Omnivore,2,0.5456292155344832,0.0,2,0.7785037990646848,0.5297650606959151
Medium,61.90237027702443,0.4151976391419092,1.0,Vegetarian,1,1.0,0.2630879208364889,2,0.681524790444467,0.7816743763397921
Medium,54.50487484293363,0.6286843334246048,0.8249348410826768,Omnivore,5,0.528363079359306,0.6483187597585124,2,1.0,0.6626726282841291
Medium,62.651431548753955,0.9145287636368638,1.0,Vegetarian,1,0.6207191776040621,0.8166920731034492,2,0.8275600676940751,0.7153194553429704
High,60.335258324495484,0.23618479753292515,1.0,Vegan,5,0.43862230421054094,0.6138395391496471,3,0.9519694348839404,0.6588701992019415
Medium,45.20011458413835,0.2436610125418449,0.8366426395524693,Omnivore,5,0.47214824077034634,0.6214416077828407,2,0.8129903266672388,0.610044592934807
Medium,69.40315595293532,0.19371594227956035,0.9599142167461947,Vegetarian,1,0.347273646928269,0.5842578279670998,2,0.6590626140145276,0.5929625644158657
Medium,59.26851522235327,0.5022944086937836,1.0,Vegan,3,0.21513134360472785,0.1781052822702277,2,0.8640188065704111,0.6552867787455413
Low,45.17206488201149,0.4297008070431598,0.4579992767753902,Omnivore,3,0.34304131300941787,0.5821833227565465,1,0.6139843682784432,0.47741688679438693
High,93.61389834308689,1.0,0.6351943532342338,Omnivore,5,0.9494029659819306,0.9261243908674816,3,0.6490073467545302,0.7299989735724408
Low,67.14645250075687,0.24241591254486383,1.0,Vegetarian,2,0.5540721049677427,0.39756777189484677,1,0.614944223923455,0.7304156926401794
Medium,57.70109169901042,0.5944983657497586,0.6334102534891544,Vegetarian,2,0.46131054191324405,0.29411777138755013,2,0.6629657554116504,0.6720185195069395
High,81.22806790052735,1.0,0.5412106958085707,Omnivore,2,0.5106202058087677,0.6632040588061342,3,0.5324366147902532,0.5885527144561336
Medium,87.6272341407991,1.0,0.7530138966217452,Vegetarian,5,1.0,1.0,2,0.49630893151648825,0.9371644788093928
